$date
	Wed Sep 23 23:31:03 2026
$end
$version
	Icarus Verilog
$end
$timescale
	1ps
$end
$scope module tb_rca $end
$var wire 9 ! sum_out [8:0] $end
$var reg 1 " clk $end
$var reg 8 # num1 [7:0] $end
$var reg 8 $ num2 [7:0] $end
$var reg 1 % reset $end
$scope module uut $end
$var wire 8 & num1 [7:0] $end
$var wire 8 ' num2 [7:0] $end
$var wire 9 ( sum [8:0] $end
$var wire 8 ) int_sum [7:0] $end
$var wire 8 * int_co [7:0] $end
$scope begin genblk1[1] $end
$var parameter 2 + i $end
$scope module u_fa_1 $end
$var wire 1 , a $end
$var wire 1 - b $end
$var wire 1 . c $end
$var wire 1 / sum $end
$var wire 1 0 co $end
$upscope $end
$upscope $end
$scope begin genblk1[2] $end
$var parameter 3 1 i $end
$scope module u_fa_1 $end
$var wire 1 2 a $end
$var wire 1 3 b $end
$var wire 1 4 c $end
$var wire 1 5 sum $end
$var wire 1 6 co $end
$upscope $end
$upscope $end
$scope begin genblk1[3] $end
$var parameter 3 7 i $end
$scope module u_fa_1 $end
$var wire 1 8 a $end
$var wire 1 9 b $end
$var wire 1 : c $end
$var wire 1 ; sum $end
$var wire 1 < co $end
$upscope $end
$upscope $end
$scope begin genblk1[4] $end
$var parameter 4 = i $end
$scope module u_fa_1 $end
$var wire 1 > a $end
$var wire 1 ? b $end
$var wire 1 @ c $end
$var wire 1 A sum $end
$var wire 1 B co $end
$upscope $end
$upscope $end
$scope begin genblk1[5] $end
$var parameter 4 C i $end
$scope module u_fa_1 $end
$var wire 1 D a $end
$var wire 1 E b $end
$var wire 1 F c $end
$var wire 1 G sum $end
$var wire 1 H co $end
$upscope $end
$upscope $end
$scope begin genblk1[6] $end
$var parameter 4 I i $end
$scope module u_fa_1 $end
$var wire 1 J a $end
$var wire 1 K b $end
$var wire 1 L c $end
$var wire 1 M sum $end
$var wire 1 N co $end
$upscope $end
$upscope $end
$scope begin genblk1[7] $end
$var parameter 4 O i $end
$scope module u_fa_1 $end
$var wire 1 P a $end
$var wire 1 Q b $end
$var wire 1 R c $end
$var wire 1 S sum $end
$var wire 1 T co $end
$upscope $end
$upscope $end
$scope module u_fa_0 $end
$var wire 1 U a $end
$var wire 1 V b $end
$var wire 1 W c $end
$var wire 1 X sum $end
$var wire 1 Y co $end
$upscope $end
$upscope $end
$upscope $end
$enddefinitions $end
$comment Show the parameter values. $end
$dumpall
b111 O
b110 I
b101 C
b100 =
b11 7
b10 1
b1 +
$end
#0
$dumpvars
0Y
0X
0W
0V
0U
0T
0S
0R
0Q
0P
0N
0M
0L
0K
0J
0H
0G
0F
0E
0D
0B
0A
0@
0?
0>
0<
0;
0:
09
08
06
05
04
03
02
00
0/
0.
0-
0,
b0 *
b0 )
b0 (
b0 '
b0 &
1%
b0 $
b0 #
0"
b0 !
$end
#1000
b1 !
b1 (
b1 )
1X
1U
b1 #
b1 &
0%
#10000
b10 !
b10 (
b10 )
1/
0X
1,
0U
b10 #
b10 &
1"
#20000
b11 !
b11 (
b11 )
1X
1U
b11 #
b11 &
0"
#30000
b100 !
b100 (
b100 )
0/
15
0X
0,
12
0U
b100 #
b100 &
1"
#40000
b101 !
b101 (
b101 )
1X
1U
b101 #
b101 &
0"
#50000
b110 !
b110 (
b110 )
1/
0X
1,
0U
b110 #
b110 &
1"
#60000
b111 !
b111 (
b111 )
1X
1U
b111 #
b111 &
0"
#70000
b1000 !
b1000 (
b1000 )
0/
05
1;
0X
0,
02
18
0U
b1000 #
b1000 &
1"
#80000
b1001 !
b1001 (
b1001 )
1X
1U
b1001 #
b1001 &
0"
#90000
b1010 !
b1010 (
b1010 )
1/
0X
1,
0U
b1010 #
b1010 &
1"
#100000
b1011 !
b1011 (
b1011 )
1X
1U
b1011 #
b1011 &
0"
#110000
b1100 !
b1100 (
b1100 )
0/
15
0X
0,
12
0U
b1100 #
b1100 &
1"
#120000
b1101 !
b1101 (
b1101 )
1X
1U
b1101 #
b1101 &
0"
#130000
b1110 !
b1110 (
b1110 )
1/
0X
1,
0U
b1110 #
b1110 &
1"
#140000
1A
1@
0;
1<
1:
05
16
b10000 !
b10000 (
14
b10000 )
0/
10
1.
b1111 *
1Y
1V
1U
b1 $
b1 '
b1111 #
b1111 &
0"
#150000
0G
b10001 !
b10001 (
0F
0@
0:
04
0.
b10001 )
b0 *
0/
00
05
06
0;
0<
1A
0B
1X
0Y
0,
02
08
1>
0U
b10000 #
b10000 &
1"
#160000
1/
b10010 !
b10010 (
1.
b10010 )
b1 *
0X
1Y
1U
b10001 #
b10001 &
0"
#170000
05
b10011 !
b10011 (
04
0.
b10011 )
b0 *
1/
00
1X
0Y
1,
0U
b10010 #
b10010 &
1"
#180000
15
14
0/
10
b10100 !
b10100 (
1.
b10100 )
b11 *
0X
1Y
1U
b10011 #
b10011 &
0"
#190000
0;
b10101 !
b10101 (
0:
04
0.
b10101 )
b0 *
0/
00
15
06
1X
0Y
0,
12
0U
b10100 #
b10100 &
1"
#200000
1/
b10110 !
b10110 (
1.
b10110 )
b1 *
0X
1Y
1U
b10101 #
b10101 &
0"
#210000
0;
0:
15
06
b10111 !
b10111 (
04
0.
b10111 )
b0 *
1/
00
1X
0Y
1,
0U
b10110 #
b10110 &
1"
#220000
1;
1:
05
16
14
0/
10
b11000 !
b11000 (
1.
b11000 )
b111 *
0X
1Y
1U
b10111 #
b10111 &
0"
#230000
0G
0F
1A
0B
b11001 !
b11001 (
0@
0:
04
0.
b11001 )
b0 *
0/
00
05
06
1;
0<
1X
0Y
0,
02
18
0U
b11000 #
b11000 &
1"
#240000
1/
b11010 !
b11010 (
1.
b11010 )
b1 *
0X
1Y
1U
b11001 #
b11001 &
0"
#250000
05
b11011 !
b11011 (
04
0.
b11011 )
b0 *
1/
00
1X
0Y
1,
0U
b11010 #
b11010 &
1"
#260000
15
14
0/
10
b11100 !
b11100 (
1.
b11100 )
b11 *
0X
1Y
1U
b11011 #
b11011 &
0"
#270000
0G
0F
1A
0B
0@
1;
0<
b11101 !
b11101 (
0:
04
0.
b11101 )
b0 *
0/
00
15
06
1X
0Y
0,
12
0U
b11100 #
b11100 &
1"
#280000
1/
b11110 !
b11110 (
1.
b11110 )
b1 *
0X
1Y
1U
b11101 #
b11101 &
0"
#290000
0G
0F
1A
0B
0@
1;
0<
0:
15
06
b11111 !
b11111 (
04
0.
b11111 )
b0 *
1/
00
1X
0Y
1,
0U
b11110 #
b11110 &
1"
#300000
1G
1F
0A
1B
1@
0;
1<
1:
05
16
b100001 !
b100001 (
14
b100001 )
b11110 *
0/
10
1-
0V
1U
b10 $
b10 '
b11111 #
b11111 &
0"
#310000
0M
0L
0F
0@
0:
04
b100010 !
b100010 (
b0 *
b100010 )
1/
00
05
06
0;
0<
0A
0B
1G
0H
0X
0,
02
08
0>
1D
0U
b100000 #
b100000 &
1"
#320000
b100011 !
b100011 (
b100011 )
1X
1U
b100001 #
b100001 &
0"
#330000
15
14
b100100 !
b100100 (
b10 *
b100100 )
0/
10
0X
1,
0U
b100010 #
b100010 &
1"
#340000
b100101 !
b100101 (
b100101 )
1X
1U
b100011 #
b100011 &
0"
#350000
0;
0:
04
b100110 !
b100110 (
b0 *
b100110 )
1/
00
15
06
0X
0,
12
0U
b100100 #
b100100 &
1"
#360000
b100111 !
b100111 (
b100111 )
1X
1U
b100101 #
b100101 &
0"
#370000
1;
1:
05
16
14
b101000 !
b101000 (
b110 *
b101000 )
0/
10
0X
1,
0U
b100110 #
b100110 &
1"
#380000
b101001 !
b101001 (
b101001 )
1X
1U
b100111 #
b100111 &
0"
#390000
0A
0@
0:
04
b101010 !
b101010 (
b0 *
b101010 )
1/
00
05
06
1;
0<
0X
0,
02
18
0U
b101000 #
b101000 &
1"
#400000
b101011 !
b101011 (
b101011 )
1X
1U
b101001 #
b101001 &
0"
#410000
15
14
b101100 !
b101100 (
b10 *
b101100 )
0/
10
0X
1,
0U
b101010 #
b101010 &
1"
#420000
b101101 !
b101101 (
b101101 )
1X
1U
b101011 #
b101011 &
0"
#430000
0A
0@
1;
0<
0:
04
b101110 !
b101110 (
b0 *
b101110 )
1/
00
15
06
0X
0,
12
0U
b101100 #
b101100 &
1"
#440000
b101111 !
b101111 (
b101111 )
1X
1U
b101101 #
b101101 &
0"
#450000
1A
1@
0;
1<
1:
05
16
14
b110000 !
b110000 (
b1110 *
b110000 )
0/
10
0X
1,
0U
b101110 #
b101110 &
1"
#460000
b110010 !
b110010 (
b110010 )
1/
1.
b1111 *
1Y
1V
1U
b11 $
b11 '
b101111 #
b101111 &
0"
#470000
0M
0L
04
1G
0H
00
b110011 !
b110011 (
0F
0@
0:
0.
b110011 )
b0 *
1/
05
06
0;
0<
1A
0B
1X
0Y
0,
02
08
1>
0U
b110000 #
b110000 &
1"
#480000
15
14
0/
10
b110100 !
b110100 (
1.
b110100 )
b11 *
0X
1Y
1U
b110001 #
b110001 &
0"
#490000
b110101 !
b110101 (
0.
b110101 )
b10 *
0/
1X
0Y
1,
0U
b110010 #
b110010 &
1"
#500000
1/
b110110 !
b110110 (
1.
b110110 )
b11 *
0X
1Y
1U
b110011 #
b110011 &
0"
#510000
04
0;
00
b110111 !
b110111 (
0:
0.
b110111 )
b0 *
1/
15
06
1X
0Y
0,
12
0U
b110100 #
b110100 &
1"
#520000
1;
1:
05
16
14
0/
10
b111000 !
b111000 (
1.
b111000 )
b111 *
0X
1Y
1U
b110101 #
b110101 &
0"
#530000
b111001 !
b111001 (
0.
b111001 )
b110 *
0/
1X
0Y
1,
0U
b110110 #
b110110 &
1"
#540000
1/
b111010 !
b111010 (
1.
b111010 )
b111 *
0X
1Y
1U
b110111 #
b110111 &
0"
#550000
0M
0L
1G
0H
0F
04
1A
0B
00
b111011 !
b111011 (
0@
0:
0.
b111011 )
b0 *
1/
05
06
1;
0<
1X
0Y
0,
02
18
0U
b111000 #
b111000 &
1"
#560000
15
14
0/
10
b111100 !
b111100 (
1.
b111100 )
b11 *
0X
1Y
1U
b111001 #
b111001 &
0"
#570000
b111101 !
b111101 (
0.
b111101 )
b10 *
0/
1X
0Y
1,
0U
b111010 #
b111010 &
1"
#580000
1/
b111110 !
b111110 (
1.
b111110 )
b11 *
0X
1Y
1U
b111011 #
b111011 &
0"
#590000
0M
0L
1G
0H
0F
1A
0B
0@
04
1;
0<
00
b111111 !
b111111 (
0:
0.
b111111 )
b0 *
1/
15
06
1X
0Y
0,
12
0U
b111100 #
b111100 &
1"
#600000
1M
1L
0G
1H
1F
0A
1B
1@
0;
1<
1:
05
16
14
0/
10
b1000000 !
b1000000 (
1.
b1000000 )
b111111 *
0X
1Y
1U
b111101 #
b111101 &
0"
#610000
b1000001 !
b1000001 (
0.
b1000001 )
b111110 *
0/
1X
0Y
1,
0U
b111110 #
b111110 &
1"
#620000
04
b1000011 !
b1000011 (
b111100 *
b1000011 )
1/
00
05
0-
13
0V
1U
b100 $
b100 '
b111111 #
b111111 &
0"
#630000
0S
0R
0L
0F
0@
0:
b1000100 !
b1000100 (
b0 *
b1000100 )
0/
15
06
0;
0<
0A
0B
0G
0H
1M
0N
0X
0,
02
08
0>
0D
1J
0U
b1000000 #
b1000000 &
1"
#640000
b1000101 !
b1000101 (
b1000101 )
1X
1U
b1000001 #
b1000001 &
0"
#650000
b1000110 !
b1000110 (
b1000110 )
1/
0X
1,
0U
b1000010 #
b1000010 &
1"
#660000
b1000111 !
b1000111 (
b1000111 )
1X
1U
b1000011 #
b1000011 &
0"
#670000
1;
1:
b1001000 !
b1001000 (
b100 *
b1001000 )
0/
05
16
0X
0,
12
0U
b1000100 #
b1000100 &
1"
#680000
b1001001 !
b1001001 (
b1001001 )
1X
1U
b1000101 #
b1000101 &
0"
#690000
b1001010 !
b1001010 (
b1001010 )
1/
0X
1,
0U
b1000110 #
b1000110 &
1"
#700000
b1001011 !
b1001011 (
b1001011 )
1X
1U
b1000111 #
b1000111 &
0"
#710000
0A
0@
0:
b1001100 !
b1001100 (
b0 *
b1001100 )
0/
15
06
1;
0<
0X
0,
02
18
0U
b1001000 #
b1001000 &
1"
#720000
b1001101 !
b1001101 (
b1001101 )
1X
1U
b1001001 #
b1001001 &
0"
#730000
b1001110 !
b1001110 (
b1001110 )
1/
0X
1,
0U
b1001010 #
b1001010 &
1"
#740000
b1001111 !
b1001111 (
b1001111 )
1X
1U
b1001011 #
b1001011 &
0"
#750000
1A
1@
0;
1<
1:
b1010000 !
b1010000 (
b1100 *
b1010000 )
0/
05
16
0X
0,
12
0U
b1001100 #
b1001100 &
1"
#760000
b1010001 !
b1010001 (
b1010001 )
1X
1U
b1001101 #
b1001101 &
0"
#770000
b1010010 !
b1010010 (
b1010010 )
1/
0X
1,
0U
b1001110 #
b1001110 &
1"
#780000
15
b1010100 !
b1010100 (
14
b1010100 )
0/
10
1.
b1111 *
1Y
1V
1U
b101 $
b101 '
b1001111 #
b1001111 &
0"
#790000
0:
0G
06
b1010101 !
b1010101 (
0F
0@
04
0.
b1010101 )
b0 *
0/
00
15
0;
0<
1A
0B
1X
0Y
0,
02
08
1>
0U
b1010000 #
b1010000 &
1"
#800000
1/
b1010110 !
b1010110 (
1.
b1010110 )
b1 *
0X
1Y
1U
b1010001 #
b1010001 &
0"
#810000
0;
0:
15
06
b1010111 !
b1010111 (
04
0.
b1010111 )
b0 *
1/
00
1X
0Y
1,
0U
b1010010 #
b1010010 &
1"
#820000
1;
1:
05
16
14
0/
10
b1011000 !
b1011000 (
1.
b1011000 )
b111 *
0X
1Y
1U
b1010011 #
b1010011 &
0"
#830000
b1011001 !
b1011001 (
04
0.
b1011001 )
b100 *
0/
00
05
1X
0Y
0,
12
0U
b1010100 #
b1010100 &
1"
#840000
1/
b1011010 !
b1011010 (
1.
b1011010 )
b101 *
0X
1Y
1U
b1010101 #
b1010101 &
0"
#850000
05
b1011011 !
b1011011 (
04
0.
b1011011 )
b100 *
1/
00
1X
0Y
1,
0U
b1010110 #
b1010110 &
1"
#860000
15
14
0/
10
b1011100 !
b1011100 (
1.
b1011100 )
b111 *
0X
1Y
1U
b1010111 #
b1010111 &
0"
#870000
0G
0F
0:
1A
0B
06
b1011101 !
b1011101 (
0@
04
0.
b1011101 )
b0 *
0/
00
15
1;
0<
1X
0Y
0,
02
18
0U
b1011000 #
b1011000 &
1"
#880000
1/
b1011110 !
b1011110 (
1.
b1011110 )
b1 *
0X
1Y
1U
b1011001 #
b1011001 &
0"
#890000
0G
0F
1A
0B
0@
1;
0<
0:
15
06
b1011111 !
b1011111 (
04
0.
b1011111 )
b0 *
1/
00
1X
0Y
1,
0U
b1011010 #
b1011010 &
1"
#900000
1G
1F
0A
1B
1@
0;
1<
1:
05
16
14
0/
10
b1100000 !
b1100000 (
1.
b1100000 )
b11111 *
0X
1Y
1U
b1011011 #
b1011011 &
0"
#910000
b1100001 !
b1100001 (
04
0.
b1100001 )
b11100 *
0/
00
05
1X
0Y
0,
12
0U
b1011100 #
b1011100 &
1"
#920000
1/
b1100010 !
b1100010 (
1.
b1100010 )
b11101 *
0X
1Y
1U
b1011101 #
b1011101 &
0"
#930000
05
b1100011 !
b1100011 (
04
0.
b1100011 )
b11100 *
1/
00
1X
0Y
1,
0U
b1011110 #
b1011110 &
1"
#940000
15
b1100101 !
b1100101 (
14
b1100101 )
b11110 *
0/
10
1-
0V
1U
b110 $
b110 '
b1011111 #
b1011111 &
0"
#950000
0S
0R
0:
1M
0N
06
0L
0F
0@
04
b1100110 !
b1100110 (
b0 *
b1100110 )
1/
00
15
0;
0<
0A
0B
1G
0H
0X
0,
02
08
0>
1D
0U
b1100000 #
b1100000 &
1"
#960000
b1100111 !
b1100111 (
b1100111 )
1X
1U
b1100001 #
b1100001 &
0"
#970000
1;
1:
05
16
14
b1101000 !
b1101000 (
b110 *
b1101000 )
0/
10
0X
1,
0U
b1100010 #
b1100010 &
1"
#980000
b1101001 !
b1101001 (
b1101001 )
1X
1U
b1100011 #
b1100011 &
0"
#990000
04
b1101010 !
b1101010 (
b100 *
b1101010 )
1/
00
05
0X
0,
12
0U
b1100100 #
b1100100 &
1"
#1000000
b1101011 !
b1101011 (
b1101011 )
1X
1U
b1100101 #
b1100101 &
0"
#1010000
15
14
b1101100 !
b1101100 (
b110 *
b1101100 )
0/
10
0X
1,
0U
b1100110 #
b1100110 &
1"
#1020000
b1101101 !
b1101101 (
b1101101 )
1X
1U
b1100111 #
b1100111 &
0"
#1030000
0:
0A
06
0@
04
b1101110 !
b1101110 (
b0 *
b1101110 )
1/
00
15
1;
0<
0X
0,
02
18
0U
b1101000 #
b1101000 &
1"
#1040000
b1101111 !
b1101111 (
b1101111 )
1X
1U
b1101001 #
b1101001 &
0"
#1050000
1A
1@
0;
1<
1:
05
16
14
b1110000 !
b1110000 (
b1110 *
b1110000 )
0/
10
0X
1,
0U
b1101010 #
b1101010 &
1"
#1060000
b1110001 !
b1110001 (
b1110001 )
1X
1U
b1101011 #
b1101011 &
0"
#1070000
04
b1110010 !
b1110010 (
b1100 *
b1110010 )
1/
00
05
0X
0,
12
0U
b1101100 #
b1101100 &
1"
#1080000
b1110011 !
b1110011 (
b1110011 )
1X
1U
b1101101 #
b1101101 &
0"
#1090000
15
14
b1110100 !
b1110100 (
b1110 *
b1110100 )
0/
10
0X
1,
0U
b1101110 #
b1101110 &
1"
#1100000
b1110110 !
b1110110 (
b1110110 )
1/
1.
b1111 *
1Y
1V
1U
b111 $
b111 '
b1101111 #
b1101111 &
0"
#1110000
0S
0R
0:
1M
0N
06
0L
04
1G
0H
00
b1110111 !
b1110111 (
0F
0@
0.
b1110111 )
b0 *
1/
15
0;
0<
1A
0B
1X
0Y
0,
02
08
1>
0U
b1110000 #
b1110000 &
1"
#1120000
1;
1:
05
16
14
0/
10
b1111000 !
b1111000 (
1.
b1111000 )
b111 *
0X
1Y
1U
b1110001 #
b1110001 &
0"
#1130000
b1111001 !
b1111001 (
0.
b1111001 )
b110 *
0/
1X
0Y
1,
0U
b1110010 #
b1110010 &
1"
#1140000
1/
b1111010 !
b1111010 (
1.
b1111010 )
b111 *
0X
1Y
1U
b1110011 #
b1110011 &
0"
#1150000
04
00
b1111011 !
b1111011 (
0.
b1111011 )
b100 *
1/
05
1X
0Y
0,
12
0U
b1110100 #
b1110100 &
1"
#1160000
15
14
0/
10
b1111100 !
b1111100 (
1.
b1111100 )
b111 *
0X
1Y
1U
b1110101 #
b1110101 &
0"
#1170000
b1111101 !
b1111101 (
0.
b1111101 )
b110 *
0/
1X
0Y
1,
0U
b1110110 #
b1110110 &
1"
#1180000
1/
b1111110 !
b1111110 (
1.
b1111110 )
b111 *
0X
1Y
1U
b1110111 #
b1110111 &
0"
#1190000
0S
0R
1M
0N
0L
0:
1G
0H
06
0F
04
1A
0B
00
b1111111 !
b1111111 (
0@
0.
b1111111 )
b0 *
1/
15
1;
0<
1X
0Y
0,
02
18
0U
b1111000 #
b1111000 &
1"
#1200000
1S
1R
0M
1N
1L
0G
1H
1F
0A
1B
1@
0;
1<
1:
05
16
14
0/
10
b10000000 !
b10000000 (
1.
b10000000 )
b1111111 *
0X
1Y
1U
b1111001 #
b1111001 &
0"
#1210000
b10000001 !
b10000001 (
0.
b10000001 )
b1111110 *
0/
1X
0Y
1,
0U
b1111010 #
b1111010 &
1"
#1220000
1/
b10000010 !
b10000010 (
1.
b10000010 )
b1111111 *
0X
1Y
1U
b1111011 #
b1111011 &
0"
#1230000
04
00
b10000011 !
b10000011 (
0.
b10000011 )
b1111100 *
1/
05
1X
0Y
0,
12
0U
b1111100 #
b1111100 &
1"
#1240000
15
14
0/
10
b10000100 !
b10000100 (
1.
b10000100 )
b1111111 *
0X
1Y
1U
b1111101 #
b1111101 &
0"
#1250000
b10000101 !
b10000101 (
0.
b10000101 )
b1111110 *
0/
1X
0Y
1,
0U
b1111110 #
b1111110 &
1"
#1260000
0:
06
04
b10000111 !
b10000111 (
b1111000 *
b10000111 )
1/
00
15
0;
0-
03
19
0V
1U
b1000 $
b1000 '
b1111111 #
b1111111 &
0"
#1270000
0R
0L
0F
0@
b10001000 !
b10001000 (
b0 *
b10001000 )
0/
05
1;
0<
0A
0B
0G
0H
0M
0N
1S
0T
0X
0,
02
08
0>
0D
0J
1P
0U
b10000000 #
b10000000 &
1"
#1280000
b10001001 !
b10001001 (
b10001001 )
1X
1U
b10000001 #
b10000001 &
0"
#1290000
b10001010 !
b10001010 (
b10001010 )
1/
0X
1,
0U
b10000010 #
b10000010 &
1"
#1300000
b10001011 !
b10001011 (
b10001011 )
1X
1U
b10000011 #
b10000011 &
0"
#1310000
b10001100 !
b10001100 (
b10001100 )
0/
15
0X
0,
12
0U
b10000100 #
b10000100 &
1"
#1320000
b10001101 !
b10001101 (
b10001101 )
1X
1U
b10000101 #
b10000101 &
0"
#1330000
b10001110 !
b10001110 (
b10001110 )
1/
0X
1,
0U
b10000110 #
b10000110 &
1"
#1340000
b10001111 !
b10001111 (
b10001111 )
1X
1U
b10000111 #
b10000111 &
0"
#1350000
1A
1@
b10010000 !
b10010000 (
b1000 *
b10010000 )
0/
05
0;
1<
0X
0,
02
18
0U
b10001000 #
b10001000 &
1"
#1360000
b10010001 !
b10010001 (
b10010001 )
1X
1U
b10001001 #
b10001001 &
0"
#1370000
b10010010 !
b10010010 (
b10010010 )
1/
0X
1,
0U
b10001010 #
b10001010 &
1"
#1380000
b10010011 !
b10010011 (
b10010011 )
1X
1U
b10001011 #
b10001011 &
0"
#1390000
b10010100 !
b10010100 (
b10010100 )
0/
15
0X
0,
12
0U
b10001100 #
b10001100 &
1"
#1400000
b10010101 !
b10010101 (
b10010101 )
1X
1U
b10001101 #
b10001101 &
0"
#1410000
b10010110 !
b10010110 (
b10010110 )
1/
0X
1,
0U
b10001110 #
b10001110 &
1"
#1420000
1;
1:
05
16
b10011000 !
b10011000 (
14
b10011000 )
0/
10
1.
b1111 *
1Y
1V
1U
b1001 $
b1001 '
b10001111 #
b10001111 &
0"
#1430000
0@
0G
0<
b10011001 !
b10011001 (
0F
0:
04
0.
b10011001 )
b0 *
0/
00
05
06
1;
1A
0B
1X
0Y
0,
02
08
1>
0U
b10010000 #
b10010000 &
1"
#1440000
1/
b10011010 !
b10011010 (
1.
b10011010 )
b1 *
0X
1Y
1U
b10010001 #
b10010001 &
0"
#1450000
05
b10011011 !
b10011011 (
04
0.
b10011011 )
b0 *
1/
00
1X
0Y
1,
0U
b10010010 #
b10010010 &
1"
#1460000
15
14
0/
10
b10011100 !
b10011100 (
1.
b10011100 )
b11 *
0X
1Y
1U
b10010011 #
b10010011 &
0"
#1470000
0G
0F
1A
0B
0@
1;
0<
b10011101 !
b10011101 (
0:
04
0.
b10011101 )
b0 *
0/
00
15
06
1X
0Y
0,
12
0U
b10010100 #
b10010100 &
1"
#1480000
1/
b10011110 !
b10011110 (
1.
b10011110 )
b1 *
0X
1Y
1U
b10010101 #
b10010101 &
0"
#1490000
0G
0F
1A
0B
0@
1;
0<
0:
15
06
b10011111 !
b10011111 (
04
0.
b10011111 )
b0 *
1/
00
1X
0Y
1,
0U
b10010110 #
b10010110 &
1"
#1500000
1G
1F
0A
1B
1@
0;
1<
1:
05
16
14
0/
10
b10100000 !
b10100000 (
1.
b10100000 )
b11111 *
0X
1Y
1U
b10010111 #
b10010111 &
0"
#1510000
b10100001 !
b10100001 (
0:
04
0.
b10100001 )
b11000 *
0/
00
05
06
0;
1X
0Y
0,
02
18
0U
b10011000 #
b10011000 &
1"
#1520000
1/
b10100010 !
b10100010 (
1.
b10100010 )
b11001 *
0X
1Y
1U
b10011001 #
b10011001 &
0"
#1530000
05
b10100011 !
b10100011 (
04
0.
b10100011 )
b11000 *
1/
00
1X
0Y
1,
0U
b10011010 #
b10011010 &
1"
#1540000
15
14
0/
10
b10100100 !
b10100100 (
1.
b10100100 )
b11011 *
0X
1Y
1U
b10011011 #
b10011011 &
0"
#1550000
0;
b10100101 !
b10100101 (
0:
04
0.
b10100101 )
b11000 *
0/
00
15
06
1X
0Y
0,
12
0U
b10011100 #
b10011100 &
1"
#1560000
1/
b10100110 !
b10100110 (
1.
b10100110 )
b11001 *
0X
1Y
1U
b10011101 #
b10011101 &
0"
#1570000
0;
0:
15
06
b10100111 !
b10100111 (
04
0.
b10100111 )
b11000 *
1/
00
1X
0Y
1,
0U
b10011110 #
b10011110 &
1"
#1580000
1;
1:
05
16
b10101001 !
b10101001 (
14
b10101001 )
b11110 *
0/
10
1-
0V
1U
b1010 $
b1010 '
b10011111 #
b10011111 &
0"
#1590000
0@
0M
0<
0L
0F
0:
04
b10101010 !
b10101010 (
b0 *
b10101010 )
1/
00
05
06
1;
0A
0B
1G
0H
0X
0,
02
08
0>
1D
0U
b10100000 #
b10100000 &
1"
#1600000
b10101011 !
b10101011 (
b10101011 )
1X
1U
b10100001 #
b10100001 &
0"
#1610000
15
14
b10101100 !
b10101100 (
b10 *
b10101100 )
0/
10
0X
1,
0U
b10100010 #
b10100010 &
1"
#1620000
b10101101 !
b10101101 (
b10101101 )
1X
1U
b10100011 #
b10100011 &
0"
#1630000
0A
0@
1;
0<
0:
04
b10101110 !
b10101110 (
b0 *
b10101110 )
1/
00
15
06
0X
0,
12
0U
b10100100 #
b10100100 &
1"
#1640000
b10101111 !
b10101111 (
b10101111 )
1X
1U
b10100101 #
b10100101 &
0"
#1650000
1A
1@
0;
1<
1:
05
16
14
b10110000 !
b10110000 (
b1110 *
b10110000 )
0/
10
0X
1,
0U
b10100110 #
b10100110 &
1"
#1660000
b10110001 !
b10110001 (
b10110001 )
1X
1U
b10100111 #
b10100111 &
0"
#1670000
0:
04
b10110010 !
b10110010 (
b1000 *
b10110010 )
1/
00
05
06
0;
0X
0,
02
18
0U
b10101000 #
b10101000 &
1"
#1680000
b10110011 !
b10110011 (
b10110011 )
1X
1U
b10101001 #
b10101001 &
0"
#1690000
15
14
b10110100 !
b10110100 (
b1010 *
b10110100 )
0/
10
0X
1,
0U
b10101010 #
b10101010 &
1"
#1700000
b10110101 !
b10110101 (
b10110101 )
1X
1U
b10101011 #
b10101011 &
0"
#1710000
0;
0:
04
b10110110 !
b10110110 (
b1000 *
b10110110 )
1/
00
15
06
0X
0,
12
0U
b10101100 #
b10101100 &
1"
#1720000
b10110111 !
b10110111 (
b10110111 )
1X
1U
b10101101 #
b10101101 &
0"
#1730000
1;
1:
05
16
14
b10111000 !
b10111000 (
b1110 *
b10111000 )
0/
10
0X
1,
0U
b10101110 #
b10101110 &
1"
#1740000
b10111010 !
b10111010 (
b10111010 )
1/
1.
b1111 *
1Y
1V
1U
b1011 $
b1011 '
b10101111 #
b10101111 &
0"
#1750000
0M
0L
0@
04
1G
0H
0<
00
b10111011 !
b10111011 (
0F
0:
0.
b10111011 )
b0 *
1/
05
06
1;
1A
0B
1X
0Y
0,
02
08
1>
0U
b10110000 #
b10110000 &
1"
#1760000
15
14
0/
10
b10111100 !
b10111100 (
1.
b10111100 )
b11 *
0X
1Y
1U
b10110001 #
b10110001 &
0"
#1770000
b10111101 !
b10111101 (
0.
b10111101 )
b10 *
0/
1X
0Y
1,
0U
b10110010 #
b10110010 &
1"
#1780000
1/
b10111110 !
b10111110 (
1.
b10111110 )
b11 *
0X
1Y
1U
b10110011 #
b10110011 &
0"
#1790000
0M
0L
1G
0H
0F
1A
0B
0@
04
1;
0<
00
b10111111 !
b10111111 (
0:
0.
b10111111 )
b0 *
1/
15
06
1X
0Y
0,
12
0U
b10110100 #
b10110100 &
1"
#1800000
1M
1L
0G
1H
1F
0A
1B
1@
0;
1<
1:
05
16
14
0/
10
b11000000 !
b11000000 (
1.
b11000000 )
b111111 *
0X
1Y
1U
b10110101 #
b10110101 &
0"
#1810000
b11000001 !
b11000001 (
0.
b11000001 )
b111110 *
0/
1X
0Y
1,
0U
b10110110 #
b10110110 &
1"
#1820000
1/
b11000010 !
b11000010 (
1.
b11000010 )
b111111 *
0X
1Y
1U
b10110111 #
b10110111 &
0"
#1830000
04
00
b11000011 !
b11000011 (
0:
0.
b11000011 )
b111000 *
1/
05
06
0;
1X
0Y
0,
02
18
0U
b10111000 #
b10111000 &
1"
#1840000
15
14
0/
10
b11000100 !
b11000100 (
1.
b11000100 )
b111011 *
0X
1Y
1U
b10111001 #
b10111001 &
0"
#1850000
b11000101 !
b11000101 (
0.
b11000101 )
b111010 *
0/
1X
0Y
1,
0U
b10111010 #
b10111010 &
1"
#1860000
1/
b11000110 !
b11000110 (
1.
b11000110 )
b111011 *
0X
1Y
1U
b10111011 #
b10111011 &
0"
#1870000
04
0;
00
b11000111 !
b11000111 (
0:
0.
b11000111 )
b111000 *
1/
15
06
1X
0Y
0,
12
0U
b10111100 #
b10111100 &
1"
#1880000
1;
1:
05
16
14
0/
10
b11001000 !
b11001000 (
1.
b11001000 )
b111111 *
0X
1Y
1U
b10111101 #
b10111101 &
0"
#1890000
b11001001 !
b11001001 (
0.
b11001001 )
b111110 *
0/
1X
0Y
1,
0U
b10111110 #
b10111110 &
1"
#1900000
04
b11001011 !
b11001011 (
b111100 *
b11001011 )
1/
00
05
0-
13
0V
1U
b1100 $
b1100 '
b10111111 #
b10111111 &
0"
#1910000
0@
1S
0T
0<
0R
0L
0F
0:
b11001100 !
b11001100 (
b0 *
b11001100 )
0/
15
06
1;
0A
0B
0G
0H
1M
0N
0X
0,
02
08
0>
0D
1J
0U
b11000000 #
b11000000 &
1"
#1920000
b11001101 !
b11001101 (
b11001101 )
1X
1U
b11000001 #
b11000001 &
0"
#1930000
b11001110 !
b11001110 (
b11001110 )
1/
0X
1,
0U
b11000010 #
b11000010 &
1"
#1940000
b11001111 !
b11001111 (
b11001111 )
1X
1U
b11000011 #
b11000011 &
0"
#1950000
1A
1@
0;
1<
1:
b11010000 !
b11010000 (
b1100 *
b11010000 )
0/
05
16
0X
0,
12
0U
b11000100 #
b11000100 &
1"
#1960000
b11010001 !
b11010001 (
b11010001 )
1X
1U
b11000101 #
b11000101 &
0"
#1970000
b11010010 !
b11010010 (
b11010010 )
1/
0X
1,
0U
b11000110 #
b11000110 &
1"
#1980000
b11010011 !
b11010011 (
b11010011 )
1X
1U
b11000111 #
b11000111 &
0"
#1990000
0:
b11010100 !
b11010100 (
b1000 *
b11010100 )
0/
15
06
0;
0X
0,
02
18
0U
b11001000 #
b11001000 &
1"
#2000000
b11010101 !
b11010101 (
b11010101 )
1X
1U
b11001001 #
b11001001 &
0"
#2010000
b11010110 !
b11010110 (
b11010110 )
1/
0X
1,
0U
b11001010 #
b11001010 &
1"
#2020000
b11010111 !
b11010111 (
b11010111 )
1X
1U
b11001011 #
b11001011 &
0"
#2030000
1;
1:
b11011000 !
b11011000 (
b1100 *
b11011000 )
0/
05
16
0X
0,
12
0U
b11001100 #
b11001100 &
1"
#2040000
b11011001 !
b11011001 (
b11011001 )
1X
1U
b11001101 #
b11001101 &
0"
#2050000
b11011010 !
b11011010 (
b11011010 )
1/
0X
1,
0U
b11001110 #
b11001110 &
1"
#2060000
15
b11011100 !
b11011100 (
14
b11011100 )
0/
10
1.
b1111 *
1Y
1V
1U
b1101 $
b1101 '
b11001111 #
b11001111 &
0"
#2070000
0@
0<
0:
0G
06
b11011101 !
b11011101 (
0F
04
0.
b11011101 )
b0 *
0/
00
15
1;
1A
0B
1X
0Y
0,
02
08
1>
0U
b11010000 #
b11010000 &
1"
#2080000
1/
b11011110 !
b11011110 (
1.
b11011110 )
b1 *
0X
1Y
1U
b11010001 #
b11010001 &
0"
#2090000
0G
0F
1A
0B
0@
1;
0<
0:
15
06
b11011111 !
b11011111 (
04
0.
b11011111 )
b0 *
1/
00
1X
0Y
1,
0U
b11010010 #
b11010010 &
1"
#2100000
1G
1F
0A
1B
1@
0;
1<
1:
05
16
14
0/
10
b11100000 !
b11100000 (
1.
b11100000 )
b11111 *
0X
1Y
1U
b11010011 #
b11010011 &
0"
#2110000
b11100001 !
b11100001 (
04
0.
b11100001 )
b11100 *
0/
00
05
1X
0Y
0,
12
0U
b11010100 #
b11010100 &
1"
#2120000
1/
b11100010 !
b11100010 (
1.
b11100010 )
b11101 *
0X
1Y
1U
b11010101 #
b11010101 &
0"
#2130000
05
b11100011 !
b11100011 (
04
0.
b11100011 )
b11100 *
1/
00
1X
0Y
1,
0U
b11010110 #
b11010110 &
1"
#2140000
15
14
0/
10
b11100100 !
b11100100 (
1.
b11100100 )
b11111 *
0X
1Y
1U
b11010111 #
b11010111 &
0"
#2150000
0:
06
b11100101 !
b11100101 (
04
0.
b11100101 )
b11000 *
0/
00
15
0;
1X
0Y
0,
02
18
0U
b11011000 #
b11011000 &
1"
#2160000
1/
b11100110 !
b11100110 (
1.
b11100110 )
b11001 *
0X
1Y
1U
b11011001 #
b11011001 &
0"
#2170000
0;
0:
15
06
b11100111 !
b11100111 (
04
0.
b11100111 )
b11000 *
1/
00
1X
0Y
1,
0U
b11011010 #
b11011010 &
1"
#2180000
1;
1:
05
16
14
0/
10
b11101000 !
b11101000 (
1.
b11101000 )
b11111 *
0X
1Y
1U
b11011011 #
b11011011 &
0"
#2190000
b11101001 !
b11101001 (
04
0.
b11101001 )
b11100 *
0/
00
05
1X
0Y
0,
12
0U
b11011100 #
b11011100 &
1"
#2200000
1/
b11101010 !
b11101010 (
1.
b11101010 )
b11101 *
0X
1Y
1U
b11011101 #
b11011101 &
0"
#2210000
05
b11101011 !
b11101011 (
04
0.
b11101011 )
b11100 *
1/
00
1X
0Y
1,
0U
b11011110 #
b11011110 &
1"
#2220000
15
b11101101 !
b11101101 (
14
b11101101 )
b11110 *
0/
10
1-
0V
1U
b1110 $
b1110 '
b11011111 #
b11011111 &
0"
#2230000
0@
1S
0T
0<
0R
0:
1M
0N
06
0L
0F
04
b11101110 !
b11101110 (
b0 *
b11101110 )
1/
00
15
1;
0A
0B
1G
0H
0X
0,
02
08
0>
1D
0U
b11100000 #
b11100000 &
1"
#2240000
b11101111 !
b11101111 (
b11101111 )
1X
1U
b11100001 #
b11100001 &
0"
#2250000
1A
1@
0;
1<
1:
05
16
14
b11110000 !
b11110000 (
b1110 *
b11110000 )
0/
10
0X
1,
0U
b11100010 #
b11100010 &
1"
#2260000
b11110001 !
b11110001 (
b11110001 )
1X
1U
b11100011 #
b11100011 &
0"
#2270000
04
b11110010 !
b11110010 (
b1100 *
b11110010 )
1/
00
05
0X
0,
12
0U
b11100100 #
b11100100 &
1"
#2280000
b11110011 !
b11110011 (
b11110011 )
1X
1U
b11100101 #
b11100101 &
0"
#2290000
15
14
b11110100 !
b11110100 (
b1110 *
b11110100 )
0/
10
0X
1,
0U
b11100110 #
b11100110 &
1"
#2300000
b11110101 !
b11110101 (
b11110101 )
1X
1U
b11100111 #
b11100111 &
0"
#2310000
0:
06
04
b11110110 !
b11110110 (
b1000 *
b11110110 )
1/
00
15
0;
0X
0,
02
18
0U
b11101000 #
b11101000 &
1"
#2320000
b11110111 !
b11110111 (
b11110111 )
1X
1U
b11101001 #
b11101001 &
0"
#2330000
1;
1:
05
16
14
b11111000 !
b11111000 (
b1110 *
b11111000 )
0/
10
0X
1,
0U
b11101010 #
b11101010 &
1"
#2340000
b11111001 !
b11111001 (
b11111001 )
1X
1U
b11101011 #
b11101011 &
0"
#2350000
04
b11111010 !
b11111010 (
b1100 *
b11111010 )
1/
00
05
0X
0,
12
0U
b11101100 #
b11101100 &
1"
#2360000
b11111011 !
b11111011 (
b11111011 )
1X
1U
b11101101 #
b11101101 &
0"
#2370000
15
14
b11111100 !
b11111100 (
b1110 *
b11111100 )
0/
10
0X
1,
0U
b11101110 #
b11101110 &
1"
#2380000
b11111110 !
b11111110 (
b11111110 )
1/
1.
b1111 *
1Y
1V
1U
b1111 $
b1111 '
b11101111 #
b11101111 &
0"
#2390000
0@
1S
0T
0<
0R
0:
1M
0N
06
0L
04
1G
0H
00
b11111111 !
b11111111 (
0F
0.
b11111111 )
b0 *
1/
15
1;
1A
0B
1X
0Y
0,
02
08
1>
0U
b11110000 #
b11110000 &
1"
#2400000
0S
1T
1R
0M
1N
1L
0G
1H
1F
0A
1B
1@
0;
1<
1:
05
16
14
0/
10
b100000000 !
b100000000 (
1.
b0 )
b11111111 *
0X
1Y
1U
b11110001 #
b11110001 &
0"
#2410000
b100000001 !
b100000001 (
0.
b1 )
b11111110 *
0/
1X
0Y
1,
0U
b11110010 #
b11110010 &
1"
#2420000
1/
b100000010 !
b100000010 (
1.
b10 )
b11111111 *
0X
1Y
1U
b11110011 #
b11110011 &
0"
#2430000
04
00
b100000011 !
b100000011 (
0.
b11 )
b11111100 *
1/
05
1X
0Y
0,
12
0U
b11110100 #
b11110100 &
1"
#2440000
15
14
0/
10
b100000100 !
b100000100 (
1.
b100 )
b11111111 *
0X
1Y
1U
b11110101 #
b11110101 &
0"
#2450000
b100000101 !
b100000101 (
0.
b101 )
b11111110 *
0/
1X
0Y
1,
0U
b11110110 #
b11110110 &
1"
#2460000
1/
b100000110 !
b100000110 (
1.
b110 )
b11111111 *
0X
1Y
1U
b11110111 #
b11110111 &
0"
#2470000
0:
06
04
00
b100000111 !
b100000111 (
0.
b111 )
b11111000 *
1/
15
0;
1X
0Y
0,
02
18
0U
b11111000 #
b11111000 &
1"
#2480000
1;
1:
05
16
14
0/
10
b100001000 !
b100001000 (
1.
b1000 )
b11111111 *
0X
1Y
1U
b11111001 #
b11111001 &
0"
#2490000
b100001001 !
b100001001 (
0.
b1001 )
b11111110 *
0/
1X
0Y
1,
0U
b11111010 #
b11111010 &
1"
#2500000
1/
b100001010 !
b100001010 (
1.
b1010 )
b11111111 *
0X
1Y
1U
b11111011 #
b11111011 &
0"
#2510000
04
00
b100001011 !
b100001011 (
0.
b1011 )
b11111100 *
1/
05
1X
0Y
0,
12
0U
b11111100 #
b11111100 &
1"
#2520000
15
14
0/
10
b100001100 !
b100001100 (
1.
b1100 )
b11111111 *
0X
1Y
1U
b11111101 #
b11111101 &
0"
#2530000
b100001101 !
b100001101 (
0.
b1101 )
b11111110 *
0/
1X
0Y
1,
0U
b11111110 #
b11111110 &
1"
#2540000
0@
0<
0:
06
04
b100001111 !
b100001111 (
b11110000 *
b1111 )
1/
00
15
1;
0A
0-
03
09
1?
0V
1U
b10000 $
b10000 '
b11111111 #
b11111111 &
0"
#2550000
0R
0L
0F
b10000 !
b10000 (
b0 *
b10000 )
0/
05
0;
1A
0B
0G
0H
0M
0N
0S
0T
0X
0,
02
08
0>
0D
0J
0P
0U
b0 #
b0 &
1"
#2560000
b10001 !
b10001 (
b10001 )
1X
1U
b1 #
b1 &
0"
#2570000
b10010 !
b10010 (
b10010 )
1/
0X
1,
0U
b10 #
b10 &
1"
#2580000
b10011 !
b10011 (
b10011 )
1X
1U
b11 #
b11 &
0"
#2590000
b10100 !
b10100 (
b10100 )
0/
15
0X
0,
12
0U
b100 #
b100 &
1"
#2600000
b10101 !
b10101 (
b10101 )
1X
1U
b101 #
b101 &
0"
#2610000
b10110 !
b10110 (
b10110 )
1/
0X
1,
0U
b110 #
b110 &
1"
#2620000
b10111 !
b10111 (
b10111 )
1X
1U
b111 #
b111 &
0"
#2630000
b11000 !
b11000 (
b11000 )
0/
05
1;
0X
0,
02
18
0U
b1000 #
b1000 &
1"
#2640000
b11001 !
b11001 (
b11001 )
1X
1U
b1001 #
b1001 &
0"
#2650000
b11010 !
b11010 (
b11010 )
1/
0X
1,
0U
b1010 #
b1010 &
1"
#2660000
b11011 !
b11011 (
b11011 )
1X
1U
b1011 #
b1011 &
0"
#2670000
b11100 !
b11100 (
b11100 )
0/
15
0X
0,
12
0U
b1100 #
b1100 &
1"
#2680000
b11101 !
b11101 (
b11101 )
1X
1U
b1101 #
b1101 &
0"
#2690000
b11110 !
b11110 (
b11110 )
1/
0X
1,
0U
b1110 #
b1110 &
1"
#2700000
1G
1F
0A
1B
1@
0;
1<
1:
05
16
b100000 !
b100000 (
14
b100000 )
0/
10
1.
b11111 *
1Y
1V
1U
b10001 $
b10001 '
b1111 #
b1111 &
0"
#2710000
b100001 !
b100001 (
0@
0:
04
0.
b100001 )
b10000 *
0/
00
05
06
0;
0<
0A
1X
0Y
0,
02
08
1>
0U
b10000 #
b10000 &
1"
#2720000
1/
b100010 !
b100010 (
1.
b100010 )
b10001 *
0X
1Y
1U
b10001 #
b10001 &
0"
#2730000
05
b100011 !
b100011 (
04
0.
b100011 )
b10000 *
1/
00
1X
0Y
1,
0U
b10010 #
b10010 &
1"
#2740000
15
14
0/
10
b100100 !
b100100 (
1.
b100100 )
b10011 *
0X
1Y
1U
b10011 #
b10011 &
0"
#2750000
0;
b100101 !
b100101 (
0:
04
0.
b100101 )
b10000 *
0/
00
15
06
1X
0Y
0,
12
0U
b10100 #
b10100 &
1"
#2760000
1/
b100110 !
b100110 (
1.
b100110 )
b10001 *
0X
1Y
1U
b10101 #
b10101 &
0"
#2770000
0;
0:
15
06
b100111 !
b100111 (
04
0.
b100111 )
b10000 *
1/
00
1X
0Y
1,
0U
b10110 #
b10110 &
1"
#2780000
1;
1:
05
16
14
0/
10
b101000 !
b101000 (
1.
b101000 )
b10111 *
0X
1Y
1U
b10111 #
b10111 &
0"
#2790000
0A
b101001 !
b101001 (
0@
0:
04
0.
b101001 )
b10000 *
0/
00
05
06
1;
0<
1X
0Y
0,
02
18
0U
b11000 #
b11000 &
1"
#2800000
1/
b101010 !
b101010 (
1.
b101010 )
b10001 *
0X
1Y
1U
b11001 #
b11001 &
0"
#2810000
05
b101011 !
b101011 (
04
0.
b101011 )
b10000 *
1/
00
1X
0Y
1,
0U
b11010 #
b11010 &
1"
#2820000
15
14
0/
10
b101100 !
b101100 (
1.
b101100 )
b10011 *
0X
1Y
1U
b11011 #
b11011 &
0"
#2830000
0A
0@
1;
0<
b101101 !
b101101 (
0:
04
0.
b101101 )
b10000 *
0/
00
15
06
1X
0Y
0,
12
0U
b11100 #
b11100 &
1"
#2840000
1/
b101110 !
b101110 (
1.
b101110 )
b10001 *
0X
1Y
1U
b11101 #
b11101 &
0"
#2850000
0A
0@
1;
0<
0:
15
06
b101111 !
b101111 (
04
0.
b101111 )
b10000 *
1/
00
1X
0Y
1,
0U
b11110 #
b11110 &
1"
#2860000
1A
1@
0;
1<
1:
05
16
b110001 !
b110001 (
14
b110001 )
b11110 *
0/
10
1-
0V
1U
b10010 $
b10010 '
b11111 #
b11111 &
0"
#2870000
0F
0M
0B
0L
0@
0:
04
b110010 !
b110010 (
b0 *
b110010 )
1/
00
05
06
0;
0<
1A
1G
0H
0X
0,
02
08
0>
1D
0U
b100000 #
b100000 &
1"
#2880000
b110011 !
b110011 (
b110011 )
1X
1U
b100001 #
b100001 &
0"
#2890000
15
14
b110100 !
b110100 (
b10 *
b110100 )
0/
10
0X
1,
0U
b100010 #
b100010 &
1"
#2900000
b110101 !
b110101 (
b110101 )
1X
1U
b100011 #
b100011 &
0"
#2910000
0;
0:
04
b110110 !
b110110 (
b0 *
b110110 )
1/
00
15
06
0X
0,
12
0U
b100100 #
b100100 &
1"
#2920000
b110111 !
b110111 (
b110111 )
1X
1U
b100101 #
b100101 &
0"
#2930000
1;
1:
05
16
14
b111000 !
b111000 (
b110 *
b111000 )
0/
10
0X
1,
0U
b100110 #
b100110 &
1"
#2940000
b111001 !
b111001 (
b111001 )
1X
1U
b100111 #
b100111 &
0"
#2950000
0M
0L
1G
0H
0F
1A
0B
0@
0:
04
b111010 !
b111010 (
b0 *
b111010 )
1/
00
05
06
1;
0<
0X
0,
02
18
0U
b101000 #
b101000 &
1"
#2960000
b111011 !
b111011 (
b111011 )
1X
1U
b101001 #
b101001 &
0"
#2970000
15
14
b111100 !
b111100 (
b10 *
b111100 )
0/
10
0X
1,
0U
b101010 #
b101010 &
1"
#2980000
b111101 !
b111101 (
b111101 )
1X
1U
b101011 #
b101011 &
0"
#2990000
0M
0L
1G
0H
0F
1A
0B
0@
1;
0<
0:
04
b111110 !
b111110 (
b0 *
b111110 )
1/
00
15
06
0X
0,
12
0U
b101100 #
b101100 &
1"
#3000000
b111111 !
b111111 (
b111111 )
1X
1U
b101101 #
b101101 &
0"
#3010000
1M
1L
0G
1H
1F
0A
1B
1@
0;
1<
1:
05
16
14
b1000000 !
b1000000 (
b111110 *
b1000000 )
0/
10
0X
1,
0U
b101110 #
b101110 &
1"
#3020000
b1000010 !
b1000010 (
b1000010 )
1/
1.
b111111 *
1Y
1V
1U
b10011 $
b10011 '
b101111 #
b101111 &
0"
#3030000
04
00
b1000011 !
b1000011 (
0@
0:
0.
b1000011 )
b110000 *
1/
05
06
0;
0<
0A
1X
0Y
0,
02
08
1>
0U
b110000 #
b110000 &
1"
#3040000
15
14
0/
10
b1000100 !
b1000100 (
1.
b1000100 )
b110011 *
0X
1Y
1U
b110001 #
b110001 &
0"
#3050000
b1000101 !
b1000101 (
0.
b1000101 )
b110010 *
0/
1X
0Y
1,
0U
b110010 #
b110010 &
1"
#3060000
1/
b1000110 !
b1000110 (
1.
b1000110 )
b110011 *
0X
1Y
1U
b110011 #
b110011 &
0"
#3070000
04
0;
00
b1000111 !
b1000111 (
0:
0.
b1000111 )
b110000 *
1/
15
06
1X
0Y
0,
12
0U
b110100 #
b110100 &
1"
#3080000
1;
1:
05
16
14
0/
10
b1001000 !
b1001000 (
1.
b1001000 )
b110111 *
0X
1Y
1U
b110101 #
b110101 &
0"
#3090000
b1001001 !
b1001001 (
0.
b1001001 )
b110110 *
0/
1X
0Y
1,
0U
b110110 #
b110110 &
1"
#3100000
1/
b1001010 !
b1001010 (
1.
b1001010 )
b110111 *
0X
1Y
1U
b110111 #
b110111 &
0"
#3110000
04
0A
00
b1001011 !
b1001011 (
0@
0:
0.
b1001011 )
b110000 *
1/
05
06
1;
0<
1X
0Y
0,
02
18
0U
b111000 #
b111000 &
1"
#3120000
15
14
0/
10
b1001100 !
b1001100 (
1.
b1001100 )
b110011 *
0X
1Y
1U
b111001 #
b111001 &
0"
#3130000
b1001101 !
b1001101 (
0.
b1001101 )
b110010 *
0/
1X
0Y
1,
0U
b111010 #
b111010 &
1"
#3140000
1/
b1001110 !
b1001110 (
1.
b1001110 )
b110011 *
0X
1Y
1U
b111011 #
b111011 &
0"
#3150000
0A
0@
04
1;
0<
00
b1001111 !
b1001111 (
0:
0.
b1001111 )
b110000 *
1/
15
06
1X
0Y
0,
12
0U
b111100 #
b111100 &
1"
#3160000
1A
1@
0;
1<
1:
05
16
14
0/
10
b1010000 !
b1010000 (
1.
b1010000 )
b111111 *
0X
1Y
1U
b111101 #
b111101 &
0"
#3170000
b1010001 !
b1010001 (
0.
b1010001 )
b111110 *
0/
1X
0Y
1,
0U
b111110 #
b111110 &
1"
#3180000
04
b1010011 !
b1010011 (
b111100 *
b1010011 )
1/
00
05
0-
13
0V
1U
b10100 $
b10100 '
b111111 #
b111111 &
0"
#3190000
0F
0S
0B
0R
0L
0@
0:
b1010100 !
b1010100 (
b0 *
b1010100 )
0/
15
06
0;
0<
1A
0G
0H
1M
0N
0X
0,
02
08
0>
0D
1J
0U
b1000000 #
b1000000 &
1"
#3200000
b1010101 !
b1010101 (
b1010101 )
1X
1U
b1000001 #
b1000001 &
0"
#3210000
b1010110 !
b1010110 (
b1010110 )
1/
0X
1,
0U
b1000010 #
b1000010 &
1"
#3220000
b1010111 !
b1010111 (
b1010111 )
1X
1U
b1000011 #
b1000011 &
0"
#3230000
1;
1:
b1011000 !
b1011000 (
b100 *
b1011000 )
0/
05
16
0X
0,
12
0U
b1000100 #
b1000100 &
1"
#3240000
b1011001 !
b1011001 (
b1011001 )
1X
1U
b1000101 #
b1000101 &
0"
#3250000
b1011010 !
b1011010 (
b1011010 )
1/
0X
1,
0U
b1000110 #
b1000110 &
1"
#3260000
b1011011 !
b1011011 (
b1011011 )
1X
1U
b1000111 #
b1000111 &
0"
#3270000
0G
0F
1A
0B
0@
0:
b1011100 !
b1011100 (
b0 *
b1011100 )
0/
15
06
1;
0<
0X
0,
02
18
0U
b1001000 #
b1001000 &
1"
#3280000
b1011101 !
b1011101 (
b1011101 )
1X
1U
b1001001 #
b1001001 &
0"
#3290000
b1011110 !
b1011110 (
b1011110 )
1/
0X
1,
0U
b1001010 #
b1001010 &
1"
#3300000
b1011111 !
b1011111 (
b1011111 )
1X
1U
b1001011 #
b1001011 &
0"
#3310000
1G
1F
0A
1B
1@
0;
1<
1:
b1100000 !
b1100000 (
b11100 *
b1100000 )
0/
05
16
0X
0,
12
0U
b1001100 #
b1001100 &
1"
#3320000
b1100001 !
b1100001 (
b1100001 )
1X
1U
b1001101 #
b1001101 &
0"
#3330000
b1100010 !
b1100010 (
b1100010 )
1/
0X
1,
0U
b1001110 #
b1001110 &
1"
#3340000
15
b1100100 !
b1100100 (
14
b1100100 )
0/
10
1.
b11111 *
1Y
1V
1U
b10101 $
b10101 '
b1001111 #
b1001111 &
0"
#3350000
0:
06
b1100101 !
b1100101 (
0@
04
0.
b1100101 )
b10000 *
0/
00
15
0;
0<
0A
1X
0Y
0,
02
08
1>
0U
b1010000 #
b1010000 &
1"
#3360000
1/
b1100110 !
b1100110 (
1.
b1100110 )
b10001 *
0X
1Y
1U
b1010001 #
b1010001 &
0"
#3370000
0;
0:
15
06
b1100111 !
b1100111 (
04
0.
b1100111 )
b10000 *
1/
00
1X
0Y
1,
0U
b1010010 #
b1010010 &
1"
#3380000
1;
1:
05
16
14
0/
10
b1101000 !
b1101000 (
1.
b1101000 )
b10111 *
0X
1Y
1U
b1010011 #
b1010011 &
0"
#3390000
b1101001 !
b1101001 (
04
0.
b1101001 )
b10100 *
0/
00
05
1X
0Y
0,
12
0U
b1010100 #
b1010100 &
1"
#3400000
1/
b1101010 !
b1101010 (
1.
b1101010 )
b10101 *
0X
1Y
1U
b1010101 #
b1010101 &
0"
#3410000
05
b1101011 !
b1101011 (
04
0.
b1101011 )
b10100 *
1/
00
1X
0Y
1,
0U
b1010110 #
b1010110 &
1"
#3420000
15
14
0/
10
b1101100 !
b1101100 (
1.
b1101100 )
b10111 *
0X
1Y
1U
b1010111 #
b1010111 &
0"
#3430000
0:
0A
06
b1101101 !
b1101101 (
0@
04
0.
b1101101 )
b10000 *
0/
00
15
1;
0<
1X
0Y
0,
02
18
0U
b1011000 #
b1011000 &
1"
#3440000
1/
b1101110 !
b1101110 (
1.
b1101110 )
b10001 *
0X
1Y
1U
b1011001 #
b1011001 &
0"
#3450000
0A
0@
1;
0<
0:
15
06
b1101111 !
b1101111 (
04
0.
b1101111 )
b10000 *
1/
00
1X
0Y
1,
0U
b1011010 #
b1011010 &
1"
#3460000
1A
1@
0;
1<
1:
05
16
14
0/
10
b1110000 !
b1110000 (
1.
b1110000 )
b11111 *
0X
1Y
1U
b1011011 #
b1011011 &
0"
#3470000
b1110001 !
b1110001 (
04
0.
b1110001 )
b11100 *
0/
00
05
1X
0Y
0,
12
0U
b1011100 #
b1011100 &
1"
#3480000
1/
b1110010 !
b1110010 (
1.
b1110010 )
b11101 *
0X
1Y
1U
b1011101 #
b1011101 &
0"
#3490000
05
b1110011 !
b1110011 (
04
0.
b1110011 )
b11100 *
1/
00
1X
0Y
1,
0U
b1011110 #
b1011110 &
1"
#3500000
15
b1110101 !
b1110101 (
14
b1110101 )
b11110 *
0/
10
1-
0V
1U
b10110 $
b10110 '
b1011111 #
b1011111 &
0"
#3510000
0S
0R
0F
0:
1M
0N
0B
06
0L
0@
04
b1110110 !
b1110110 (
b0 *
b1110110 )
1/
00
15
0;
0<
1A
1G
0H
0X
0,
02
08
0>
1D
0U
b1100000 #
b1100000 &
1"
#3520000
b1110111 !
b1110111 (
b1110111 )
1X
1U
b1100001 #
b1100001 &
0"
#3530000
1;
1:
05
16
14
b1111000 !
b1111000 (
b110 *
b1111000 )
0/
10
0X
1,
0U
b1100010 #
b1100010 &
1"
#3540000
b1111001 !
b1111001 (
b1111001 )
1X
1U
b1100011 #
b1100011 &
0"
#3550000
04
b1111010 !
b1111010 (
b100 *
b1111010 )
1/
00
05
0X
0,
12
0U
b1100100 #
b1100100 &
1"
#3560000
b1111011 !
b1111011 (
b1111011 )
1X
1U
b1100101 #
b1100101 &
0"
#3570000
15
14
b1111100 !
b1111100 (
b110 *
b1111100 )
0/
10
0X
1,
0U
b1100110 #
b1100110 &
1"
#3580000
b1111101 !
b1111101 (
b1111101 )
1X
1U
b1100111 #
b1100111 &
0"
#3590000
0S
0R
1M
0N
0L
1G
0H
0F
0:
1A
0B
06
0@
04
b1111110 !
b1111110 (
b0 *
b1111110 )
1/
00
15
1;
0<
0X
0,
02
18
0U
b1101000 #
b1101000 &
1"
#3600000
b1111111 !
b1111111 (
b1111111 )
1X
1U
b1101001 #
b1101001 &
0"
#3610000
1S
1R
0M
1N
1L
0G
1H
1F
0A
1B
1@
0;
1<
1:
05
16
14
b10000000 !
b10000000 (
b1111110 *
b10000000 )
0/
10
0X
1,
0U
b1101010 #
b1101010 &
1"
#3620000
b10000001 !
b10000001 (
b10000001 )
1X
1U
b1101011 #
b1101011 &
0"
#3630000
04
b10000010 !
b10000010 (
b1111100 *
b10000010 )
1/
00
05
0X
0,
12
0U
b1101100 #
b1101100 &
1"
#3640000
b10000011 !
b10000011 (
b10000011 )
1X
1U
b1101101 #
b1101101 &
0"
#3650000
15
14
b10000100 !
b10000100 (
b1111110 *
b10000100 )
0/
10
0X
1,
0U
b1101110 #
b1101110 &
1"
#3660000
b10000110 !
b10000110 (
b10000110 )
1/
1.
b1111111 *
1Y
1V
1U
b10111 $
b10111 '
b1101111 #
b1101111 &
0"
#3670000
0:
06
04
00
b10000111 !
b10000111 (
0@
0.
b10000111 )
b1110000 *
1/
15
0;
0<
0A
1X
0Y
0,
02
08
1>
0U
b1110000 #
b1110000 &
1"
#3680000
1;
1:
05
16
14
0/
10
b10001000 !
b10001000 (
1.
b10001000 )
b1110111 *
0X
1Y
1U
b1110001 #
b1110001 &
0"
#3690000
b10001001 !
b10001001 (
0.
b10001001 )
b1110110 *
0/
1X
0Y
1,
0U
b1110010 #
b1110010 &
1"
#3700000
1/
b10001010 !
b10001010 (
1.
b10001010 )
b1110111 *
0X
1Y
1U
b1110011 #
b1110011 &
0"
#3710000
04
00
b10001011 !
b10001011 (
0.
b10001011 )
b1110100 *
1/
05
1X
0Y
0,
12
0U
b1110100 #
b1110100 &
1"
#3720000
15
14
0/
10
b10001100 !
b10001100 (
1.
b10001100 )
b1110111 *
0X
1Y
1U
b1110101 #
b1110101 &
0"
#3730000
b10001101 !
b10001101 (
0.
b10001101 )
b1110110 *
0/
1X
0Y
1,
0U
b1110110 #
b1110110 &
1"
#3740000
1/
b10001110 !
b10001110 (
1.
b10001110 )
b1110111 *
0X
1Y
1U
b1110111 #
b1110111 &
0"
#3750000
0:
06
04
0A
00
b10001111 !
b10001111 (
0@
0.
b10001111 )
b1110000 *
1/
15
1;
0<
1X
0Y
0,
02
18
0U
b1111000 #
b1111000 &
1"
#3760000
1A
1@
0;
1<
1:
05
16
14
0/
10
b10010000 !
b10010000 (
1.
b10010000 )
b1111111 *
0X
1Y
1U
b1111001 #
b1111001 &
0"
#3770000
b10010001 !
b10010001 (
0.
b10010001 )
b1111110 *
0/
1X
0Y
1,
0U
b1111010 #
b1111010 &
1"
#3780000
1/
b10010010 !
b10010010 (
1.
b10010010 )
b1111111 *
0X
1Y
1U
b1111011 #
b1111011 &
0"
#3790000
04
00
b10010011 !
b10010011 (
0.
b10010011 )
b1111100 *
1/
05
1X
0Y
0,
12
0U
b1111100 #
b1111100 &
1"
#3800000
15
14
0/
10
b10010100 !
b10010100 (
1.
b10010100 )
b1111111 *
0X
1Y
1U
b1111101 #
b1111101 &
0"
#3810000
b10010101 !
b10010101 (
0.
b10010101 )
b1111110 *
0/
1X
0Y
1,
0U
b1111110 #
b1111110 &
1"
#3820000
0:
06
04
b10010111 !
b10010111 (
b1111000 *
b10010111 )
1/
00
15
0;
0-
03
19
0V
1U
b11000 $
b11000 '
b1111111 #
b1111111 &
0"
#3830000
0F
0B
0R
0L
0@
b10011000 !
b10011000 (
b0 *
b10011000 )
0/
05
1;
0<
1A
0G
0H
0M
0N
1S
0T
0X
0,
02
08
0>
0D
0J
1P
0U
b10000000 #
b10000000 &
1"
#3840000
b10011001 !
b10011001 (
b10011001 )
1X
1U
b10000001 #
b10000001 &
0"
#3850000
b10011010 !
b10011010 (
b10011010 )
1/
0X
1,
0U
b10000010 #
b10000010 &
1"
#3860000
b10011011 !
b10011011 (
b10011011 )
1X
1U
b10000011 #
b10000011 &
0"
#3870000
b10011100 !
b10011100 (
b10011100 )
0/
15
0X
0,
12
0U
b10000100 #
b10000100 &
1"
#3880000
b10011101 !
b10011101 (
b10011101 )
1X
1U
b10000101 #
b10000101 &
0"
#3890000
b10011110 !
b10011110 (
b10011110 )
1/
0X
1,
0U
b10000110 #
b10000110 &
1"
#3900000
b10011111 !
b10011111 (
b10011111 )
1X
1U
b10000111 #
b10000111 &
0"
#3910000
1G
1F
0A
1B
1@
b10100000 !
b10100000 (
b11000 *
b10100000 )
0/
05
0;
1<
0X
0,
02
18
0U
b10001000 #
b10001000 &
1"
#3920000
b10100001 !
b10100001 (
b10100001 )
1X
1U
b10001001 #
b10001001 &
0"
#3930000
b10100010 !
b10100010 (
b10100010 )
1/
0X
1,
0U
b10001010 #
b10001010 &
1"
#3940000
b10100011 !
b10100011 (
b10100011 )
1X
1U
b10001011 #
b10001011 &
0"
#3950000
b10100100 !
b10100100 (
b10100100 )
0/
15
0X
0,
12
0U
b10001100 #
b10001100 &
1"
#3960000
b10100101 !
b10100101 (
b10100101 )
1X
1U
b10001101 #
b10001101 &
0"
#3970000
b10100110 !
b10100110 (
b10100110 )
1/
0X
1,
0U
b10001110 #
b10001110 &
1"
#3980000
1;
1:
05
16
b10101000 !
b10101000 (
14
b10101000 )
0/
10
1.
b11111 *
1Y
1V
1U
b11001 $
b11001 '
b10001111 #
b10001111 &
0"
#3990000
0@
0<
b10101001 !
b10101001 (
0:
04
0.
b10101001 )
b10000 *
0/
00
05
06
1;
0A
1X
0Y
0,
02
08
1>
0U
b10010000 #
b10010000 &
1"
#4000000
1/
b10101010 !
b10101010 (
1.
b10101010 )
b10001 *
0X
1Y
1U
b10010001 #
b10010001 &
0"
#4010000
05
b10101011 !
b10101011 (
04
0.
b10101011 )
b10000 *
1/
00
1X
0Y
1,
0U
b10010010 #
b10010010 &
1"
#4020000
15
14
0/
10
b10101100 !
b10101100 (
1.
b10101100 )
b10011 *
0X
1Y
1U
b10010011 #
b10010011 &
0"
#4030000
0A
0@
1;
0<
b10101101 !
b10101101 (
0:
04
0.
b10101101 )
b10000 *
0/
00
15
06
1X
0Y
0,
12
0U
b10010100 #
b10010100 &
1"
#4040000
1/
b10101110 !
b10101110 (
1.
b10101110 )
b10001 *
0X
1Y
1U
b10010101 #
b10010101 &
0"
#4050000
0A
0@
1;
0<
0:
15
06
b10101111 !
b10101111 (
04
0.
b10101111 )
b10000 *
1/
00
1X
0Y
1,
0U
b10010110 #
b10010110 &
1"
#4060000
1A
1@
0;
1<
1:
05
16
14
0/
10
b10110000 !
b10110000 (
1.
b10110000 )
b11111 *
0X
1Y
1U
b10010111 #
b10010111 &
0"
#4070000
b10110001 !
b10110001 (
0:
04
0.
b10110001 )
b11000 *
0/
00
05
06
0;
1X
0Y
0,
02
18
0U
b10011000 #
b10011000 &
1"
#4080000
1/
b10110010 !
b10110010 (
1.
b10110010 )
b11001 *
0X
1Y
1U
b10011001 #
b10011001 &
0"
#4090000
05
b10110011 !
b10110011 (
04
0.
b10110011 )
b11000 *
1/
00
1X
0Y
1,
0U
b10011010 #
b10011010 &
1"
#4100000
15
14
0/
10
b10110100 !
b10110100 (
1.
b10110100 )
b11011 *
0X
1Y
1U
b10011011 #
b10011011 &
0"
#4110000
0;
b10110101 !
b10110101 (
0:
04
0.
b10110101 )
b11000 *
0/
00
15
06
1X
0Y
0,
12
0U
b10011100 #
b10011100 &
1"
#4120000
1/
b10110110 !
b10110110 (
1.
b10110110 )
b11001 *
0X
1Y
1U
b10011101 #
b10011101 &
0"
#4130000
0;
0:
15
06
b10110111 !
b10110111 (
04
0.
b10110111 )
b11000 *
1/
00
1X
0Y
1,
0U
b10011110 #
b10011110 &
1"
#4140000
1;
1:
05
16
b10111001 !
b10111001 (
14
b10111001 )
b11110 *
0/
10
1-
0V
1U
b11010 $
b11010 '
b10011111 #
b10011111 &
0"
#4150000
0F
0B
0@
0M
0<
0L
0:
04
b10111010 !
b10111010 (
b0 *
b10111010 )
1/
00
05
06
1;
1A
1G
0H
0X
0,
02
08
0>
1D
0U
b10100000 #
b10100000 &
1"
#4160000
b10111011 !
b10111011 (
b10111011 )
1X
1U
b10100001 #
b10100001 &
0"
#4170000
15
14
b10111100 !
b10111100 (
b10 *
b10111100 )
0/
10
0X
1,
0U
b10100010 #
b10100010 &
1"
#4180000
b10111101 !
b10111101 (
b10111101 )
1X
1U
b10100011 #
b10100011 &
0"
#4190000
0M
0L
1G
0H
0F
1A
0B
0@
1;
0<
0:
04
b10111110 !
b10111110 (
b0 *
b10111110 )
1/
00
15
06
0X
0,
12
0U
b10100100 #
b10100100 &
1"
#4200000
b10111111 !
b10111111 (
b10111111 )
1X
1U
b10100101 #
b10100101 &
0"
#4210000
1M
1L
0G
1H
1F
0A
1B
1@
0;
1<
1:
05
16
14
b11000000 !
b11000000 (
b111110 *
b11000000 )
0/
10
0X
1,
0U
b10100110 #
b10100110 &
1"
#4220000
b11000001 !
b11000001 (
b11000001 )
1X
1U
b10100111 #
b10100111 &
0"
#4230000
0:
04
b11000010 !
b11000010 (
b111000 *
b11000010 )
1/
00
05
06
0;
0X
0,
02
18
0U
b10101000 #
b10101000 &
1"
#4240000
b11000011 !
b11000011 (
b11000011 )
1X
1U
b10101001 #
b10101001 &
0"
#4250000
15
14
b11000100 !
b11000100 (
b111010 *
b11000100 )
0/
10
0X
1,
0U
b10101010 #
b10101010 &
1"
#4260000
b11000101 !
b11000101 (
b11000101 )
1X
1U
b10101011 #
b10101011 &
0"
#4270000
0;
0:
04
b11000110 !
b11000110 (
b111000 *
b11000110 )
1/
00
15
06
0X
0,
12
0U
b10101100 #
b10101100 &
1"
#4280000
b11000111 !
b11000111 (
b11000111 )
1X
1U
b10101101 #
b10101101 &
0"
#4290000
1;
1:
05
16
14
b11001000 !
b11001000 (
b111110 *
b11001000 )
0/
10
0X
1,
0U
b10101110 #
b10101110 &
1"
#4300000
b11001010 !
b11001010 (
b11001010 )
1/
1.
b111111 *
1Y
1V
1U
b11011 $
b11011 '
b10101111 #
b10101111 &
0"
#4310000
0@
04
0<
00
b11001011 !
b11001011 (
0:
0.
b11001011 )
b110000 *
1/
05
06
1;
0A
1X
0Y
0,
02
08
1>
0U
b10110000 #
b10110000 &
1"
#4320000
15
14
0/
10
b11001100 !
b11001100 (
1.
b11001100 )
b110011 *
0X
1Y
1U
b10110001 #
b10110001 &
0"
#4330000
b11001101 !
b11001101 (
0.
b11001101 )
b110010 *
0/
1X
0Y
1,
0U
b10110010 #
b10110010 &
1"
#4340000
1/
b11001110 !
b11001110 (
1.
b11001110 )
b110011 *
0X
1Y
1U
b10110011 #
b10110011 &
0"
#4350000
0A
0@
04
1;
0<
00
b11001111 !
b11001111 (
0:
0.
b11001111 )
b110000 *
1/
15
06
1X
0Y
0,
12
0U
b10110100 #
b10110100 &
1"
#4360000
1A
1@
0;
1<
1:
05
16
14
0/
10
b11010000 !
b11010000 (
1.
b11010000 )
b111111 *
0X
1Y
1U
b10110101 #
b10110101 &
0"
#4370000
b11010001 !
b11010001 (
0.
b11010001 )
b111110 *
0/
1X
0Y
1,
0U
b10110110 #
b10110110 &
1"
#4380000
1/
b11010010 !
b11010010 (
1.
b11010010 )
b111111 *
0X
1Y
1U
b10110111 #
b10110111 &
0"
#4390000
04
00
b11010011 !
b11010011 (
0:
0.
b11010011 )
b111000 *
1/
05
06
0;
1X
0Y
0,
02
18
0U
b10111000 #
b10111000 &
1"
#4400000
15
14
0/
10
b11010100 !
b11010100 (
1.
b11010100 )
b111011 *
0X
1Y
1U
b10111001 #
b10111001 &
0"
#4410000
b11010101 !
b11010101 (
0.
b11010101 )
b111010 *
0/
1X
0Y
1,
0U
b10111010 #
b10111010 &
1"
#4420000
1/
b11010110 !
b11010110 (
1.
b11010110 )
b111011 *
0X
1Y
1U
b10111011 #
b10111011 &
0"
#4430000
04
0;
00
b11010111 !
b11010111 (
0:
0.
b11010111 )
b111000 *
1/
15
06
1X
0Y
0,
12
0U
b10111100 #
b10111100 &
1"
#4440000
1;
1:
05
16
14
0/
10
b11011000 !
b11011000 (
1.
b11011000 )
b111111 *
0X
1Y
1U
b10111101 #
b10111101 &
0"
#4450000
b11011001 !
b11011001 (
0.
b11011001 )
b111110 *
0/
1X
0Y
1,
0U
b10111110 #
b10111110 &
1"
#4460000
04
b11011011 !
b11011011 (
b111100 *
b11011011 )
1/
00
05
0-
13
0V
1U
b11100 $
b11100 '
b10111111 #
b10111111 &
0"
#4470000
0F
0B
0@
1S
0T
0<
0R
0L
0:
b11011100 !
b11011100 (
b0 *
b11011100 )
0/
15
06
1;
1A
0G
0H
1M
0N
0X
0,
02
08
0>
0D
1J
0U
b11000000 #
b11000000 &
1"
#4480000
b11011101 !
b11011101 (
b11011101 )
1X
1U
b11000001 #
b11000001 &
0"
#4490000
b11011110 !
b11011110 (
b11011110 )
1/
0X
1,
0U
b11000010 #
b11000010 &
1"
#4500000
b11011111 !
b11011111 (
b11011111 )
1X
1U
b11000011 #
b11000011 &
0"
#4510000
1G
1F
0A
1B
1@
0;
1<
1:
b11100000 !
b11100000 (
b11100 *
b11100000 )
0/
05
16
0X
0,
12
0U
b11000100 #
b11000100 &
1"
#4520000
b11100001 !
b11100001 (
b11100001 )
1X
1U
b11000101 #
b11000101 &
0"
#4530000
b11100010 !
b11100010 (
b11100010 )
1/
0X
1,
0U
b11000110 #
b11000110 &
1"
#4540000
b11100011 !
b11100011 (
b11100011 )
1X
1U
b11000111 #
b11000111 &
0"
#4550000
0:
b11100100 !
b11100100 (
b11000 *
b11100100 )
0/
15
06
0;
0X
0,
02
18
0U
b11001000 #
b11001000 &
1"
#4560000
b11100101 !
b11100101 (
b11100101 )
1X
1U
b11001001 #
b11001001 &
0"
#4570000
b11100110 !
b11100110 (
b11100110 )
1/
0X
1,
0U
b11001010 #
b11001010 &
1"
#4580000
b11100111 !
b11100111 (
b11100111 )
1X
1U
b11001011 #
b11001011 &
0"
#4590000
1;
1:
b11101000 !
b11101000 (
b11100 *
b11101000 )
0/
05
16
0X
0,
12
0U
b11001100 #
b11001100 &
1"
#4600000
b11101001 !
b11101001 (
b11101001 )
1X
1U
b11001101 #
b11001101 &
0"
#4610000
b11101010 !
b11101010 (
b11101010 )
1/
0X
1,
0U
b11001110 #
b11001110 &
1"
#4620000
15
b11101100 !
b11101100 (
14
b11101100 )
0/
10
1.
b11111 *
1Y
1V
1U
b11101 $
b11101 '
b11001111 #
b11001111 &
0"
#4630000
0@
0<
0:
06
b11101101 !
b11101101 (
04
0.
b11101101 )
b10000 *
0/
00
15
1;
0A
1X
0Y
0,
02
08
1>
0U
b11010000 #
b11010000 &
1"
#4640000
1/
b11101110 !
b11101110 (
1.
b11101110 )
b10001 *
0X
1Y
1U
b11010001 #
b11010001 &
0"
#4650000
0A
0@
1;
0<
0:
15
06
b11101111 !
b11101111 (
04
0.
b11101111 )
b10000 *
1/
00
1X
0Y
1,
0U
b11010010 #
b11010010 &
1"
#4660000
1A
1@
0;
1<
1:
05
16
14
0/
10
b11110000 !
b11110000 (
1.
b11110000 )
b11111 *
0X
1Y
1U
b11010011 #
b11010011 &
0"
#4670000
b11110001 !
b11110001 (
04
0.
b11110001 )
b11100 *
0/
00
05
1X
0Y
0,
12
0U
b11010100 #
b11010100 &
1"
#4680000
1/
b11110010 !
b11110010 (
1.
b11110010 )
b11101 *
0X
1Y
1U
b11010101 #
b11010101 &
0"
#4690000
05
b11110011 !
b11110011 (
04
0.
b11110011 )
b11100 *
1/
00
1X
0Y
1,
0U
b11010110 #
b11010110 &
1"
#4700000
15
14
0/
10
b11110100 !
b11110100 (
1.
b11110100 )
b11111 *
0X
1Y
1U
b11010111 #
b11010111 &
0"
#4710000
0:
06
b11110101 !
b11110101 (
04
0.
b11110101 )
b11000 *
0/
00
15
0;
1X
0Y
0,
02
18
0U
b11011000 #
b11011000 &
1"
#4720000
1/
b11110110 !
b11110110 (
1.
b11110110 )
b11001 *
0X
1Y
1U
b11011001 #
b11011001 &
0"
#4730000
0;
0:
15
06
b11110111 !
b11110111 (
04
0.
b11110111 )
b11000 *
1/
00
1X
0Y
1,
0U
b11011010 #
b11011010 &
1"
#4740000
1;
1:
05
16
14
0/
10
b11111000 !
b11111000 (
1.
b11111000 )
b11111 *
0X
1Y
1U
b11011011 #
b11011011 &
0"
#4750000
b11111001 !
b11111001 (
04
0.
b11111001 )
b11100 *
0/
00
05
1X
0Y
0,
12
0U
b11011100 #
b11011100 &
1"
#4760000
1/
b11111010 !
b11111010 (
1.
b11111010 )
b11101 *
0X
1Y
1U
b11011101 #
b11011101 &
0"
#4770000
05
b11111011 !
b11111011 (
04
0.
b11111011 )
b11100 *
1/
00
1X
0Y
1,
0U
b11011110 #
b11011110 &
1"
#4780000
15
b11111101 !
b11111101 (
14
b11111101 )
b11110 *
0/
10
1-
0V
1U
b11110 $
b11110 '
b11011111 #
b11011111 &
0"
#4790000
0F
0B
0@
1S
0T
0<
0R
0:
1M
0N
06
0L
04
b11111110 !
b11111110 (
b0 *
b11111110 )
1/
00
15
1;
1A
1G
0H
0X
0,
02
08
0>
1D
0U
b11100000 #
b11100000 &
1"
#4800000
b11111111 !
b11111111 (
b11111111 )
1X
1U
b11100001 #
b11100001 &
0"
#4810000
0S
1T
1R
0M
1N
1L
0G
1H
1F
0A
1B
1@
0;
1<
1:
05
16
14
b100000000 !
b100000000 (
b11111110 *
b0 )
0/
10
0X
1,
0U
b11100010 #
b11100010 &
1"
#4820000
b100000001 !
b100000001 (
b1 )
1X
1U
b11100011 #
b11100011 &
0"
#4830000
04
b100000010 !
b100000010 (
b11111100 *
b10 )
1/
00
05
0X
0,
12
0U
b11100100 #
b11100100 &
1"
#4840000
b100000011 !
b100000011 (
b11 )
1X
1U
b11100101 #
b11100101 &
0"
#4850000
15
14
b100000100 !
b100000100 (
b11111110 *
b100 )
0/
10
0X
1,
0U
b11100110 #
b11100110 &
1"
#4860000
b100000101 !
b100000101 (
b101 )
1X
1U
b11100111 #
b11100111 &
0"
#4870000
0:
06
04
b100000110 !
b100000110 (
b11111000 *
b110 )
1/
00
15
0;
0X
0,
02
18
0U
b11101000 #
b11101000 &
1"
#4880000
b100000111 !
b100000111 (
b111 )
1X
1U
b11101001 #
b11101001 &
0"
#4890000
1;
1:
05
16
14
b100001000 !
b100001000 (
b11111110 *
b1000 )
0/
10
0X
1,
0U
b11101010 #
b11101010 &
1"
#4900000
b100001001 !
b100001001 (
b1001 )
1X
1U
b11101011 #
b11101011 &
0"
#4910000
04
b100001010 !
b100001010 (
b11111100 *
b1010 )
1/
00
05
0X
0,
12
0U
b11101100 #
b11101100 &
1"
#4920000
b100001011 !
b100001011 (
b1011 )
1X
1U
b11101101 #
b11101101 &
0"
#4930000
15
14
b100001100 !
b100001100 (
b11111110 *
b1100 )
0/
10
0X
1,
0U
b11101110 #
b11101110 &
1"
#4940000
b100001110 !
b100001110 (
b1110 )
1/
1.
b11111111 *
1Y
1V
1U
b11111 $
b11111 '
b11101111 #
b11101111 &
0"
#4950000
0@
0<
0:
06
04
00
b100001111 !
b100001111 (
0.
b1111 )
b11110000 *
1/
15
1;
0A
1X
0Y
0,
02
08
1>
0U
b11110000 #
b11110000 &
1"
#4960000
1A
1@
0;
1<
1:
05
16
14
0/
10
b100010000 !
b100010000 (
1.
b10000 )
b11111111 *
0X
1Y
1U
b11110001 #
b11110001 &
0"
#4970000
b100010001 !
b100010001 (
0.
b10001 )
b11111110 *
0/
1X
0Y
1,
0U
b11110010 #
b11110010 &
1"
#4980000
1/
b100010010 !
b100010010 (
1.
b10010 )
b11111111 *
0X
1Y
1U
b11110011 #
b11110011 &
0"
#4990000
04
00
b100010011 !
b100010011 (
0.
b10011 )
b11111100 *
1/
05
1X
0Y
0,
12
0U
b11110100 #
b11110100 &
1"
#5000000
15
14
0/
10
b100010100 !
b100010100 (
1.
b10100 )
b11111111 *
0X
1Y
1U
b11110101 #
b11110101 &
0"
#5010000
b100010101 !
b100010101 (
0.
b10101 )
b11111110 *
0/
1X
0Y
1,
0U
b11110110 #
b11110110 &
1"
#5020000
1/
b100010110 !
b100010110 (
1.
b10110 )
b11111111 *
0X
1Y
1U
b11110111 #
b11110111 &
0"
#5030000
0:
06
04
00
b100010111 !
b100010111 (
0.
b10111 )
b11111000 *
1/
15
0;
1X
0Y
0,
02
18
0U
b11111000 #
b11111000 &
1"
#5040000
1;
1:
05
16
14
0/
10
b100011000 !
b100011000 (
1.
b11000 )
b11111111 *
0X
1Y
1U
b11111001 #
b11111001 &
0"
#5050000
b100011001 !
b100011001 (
0.
b11001 )
b11111110 *
0/
1X
0Y
1,
0U
b11111010 #
b11111010 &
1"
#5060000
1/
b100011010 !
b100011010 (
1.
b11010 )
b11111111 *
0X
1Y
1U
b11111011 #
b11111011 &
0"
#5070000
04
00
b100011011 !
b100011011 (
0.
b11011 )
b11111100 *
1/
05
1X
0Y
0,
12
0U
b11111100 #
b11111100 &
1"
#5080000
15
14
0/
10
b100011100 !
b100011100 (
1.
b11100 )
b11111111 *
0X
1Y
1U
b11111101 #
b11111101 &
0"
#5090000
b100011101 !
b100011101 (
0.
b11101 )
b11111110 *
0/
1X
0Y
1,
0U
b11111110 #
b11111110 &
1"
#5100000
0F
0B
0@
0<
0:
06
04
b100011111 !
b100011111 (
b11100000 *
b11111 )
1/
00
15
1;
1A
0G
0-
03
09
0?
1E
0V
1U
b100000 $
b100000 '
b11111111 #
b11111111 &
0"
#5110000
0R
0L
b100000 !
b100000 (
b0 *
b100000 )
0/
05
0;
0A
1G
0H
0M
0N
0S
0T
0X
0,
02
08
0>
0D
0J
0P
0U
b0 #
b0 &
1"
#5120000
b100001 !
b100001 (
b100001 )
1X
1U
b1 #
b1 &
0"
#5130000
b100010 !
b100010 (
b100010 )
1/
0X
1,
0U
b10 #
b10 &
1"
#5140000
b100011 !
b100011 (
b100011 )
1X
1U
b11 #
b11 &
0"
#5150000
b100100 !
b100100 (
b100100 )
0/
15
0X
0,
12
0U
b100 #
b100 &
1"
#5160000
b100101 !
b100101 (
b100101 )
1X
1U
b101 #
b101 &
0"
#5170000
b100110 !
b100110 (
b100110 )
1/
0X
1,
0U
b110 #
b110 &
1"
#5180000
b100111 !
b100111 (
b100111 )
1X
1U
b111 #
b111 &
0"
#5190000
b101000 !
b101000 (
b101000 )
0/
05
1;
0X
0,
02
18
0U
b1000 #
b1000 &
1"
#5200000
b101001 !
b101001 (
b101001 )
1X
1U
b1001 #
b1001 &
0"
#5210000
b101010 !
b101010 (
b101010 )
1/
0X
1,
0U
b1010 #
b1010 &
1"
#5220000
b101011 !
b101011 (
b101011 )
1X
1U
b1011 #
b1011 &
0"
#5230000
b101100 !
b101100 (
b101100 )
0/
15
0X
0,
12
0U
b1100 #
b1100 &
1"
#5240000
b101101 !
b101101 (
b101101 )
1X
1U
b1101 #
b1101 &
0"
#5250000
b101110 !
b101110 (
b101110 )
1/
0X
1,
0U
b1110 #
b1110 &
1"
#5260000
1A
1@
0;
1<
1:
05
16
b110000 !
b110000 (
14
b110000 )
0/
10
1.
b1111 *
1Y
1V
1U
b100001 $
b100001 '
b1111 #
b1111 &
0"
#5270000
0M
0L
1G
0H
b110001 !
b110001 (
0F
0@
0:
04
0.
b110001 )
b0 *
0/
00
05
06
0;
0<
1A
0B
1X
0Y
0,
02
08
1>
0U
b10000 #
b10000 &
1"
#5280000
1/
b110010 !
b110010 (
1.
b110010 )
b1 *
0X
1Y
1U
b10001 #
b10001 &
0"
#5290000
05
b110011 !
b110011 (
04
0.
b110011 )
b0 *
1/
00
1X
0Y
1,
0U
b10010 #
b10010 &
1"
#5300000
15
14
0/
10
b110100 !
b110100 (
1.
b110100 )
b11 *
0X
1Y
1U
b10011 #
b10011 &
0"
#5310000
0;
b110101 !
b110101 (
0:
04
0.
b110101 )
b0 *
0/
00
15
06
1X
0Y
0,
12
0U
b10100 #
b10100 &
1"
#5320000
1/
b110110 !
b110110 (
1.
b110110 )
b1 *
0X
1Y
1U
b10101 #
b10101 &
0"
#5330000
0;
0:
15
06
b110111 !
b110111 (
04
0.
b110111 )
b0 *
1/
00
1X
0Y
1,
0U
b10110 #
b10110 &
1"
#5340000
1;
1:
05
16
14
0/
10
b111000 !
b111000 (
1.
b111000 )
b111 *
0X
1Y
1U
b10111 #
b10111 &
0"
#5350000
0M
0L
1G
0H
0F
1A
0B
b111001 !
b111001 (
0@
0:
04
0.
b111001 )
b0 *
0/
00
05
06
1;
0<
1X
0Y
0,
02
18
0U
b11000 #
b11000 &
1"
#5360000
1/
b111010 !
b111010 (
1.
b111010 )
b1 *
0X
1Y
1U
b11001 #
b11001 &
0"
#5370000
05
b111011 !
b111011 (
04
0.
b111011 )
b0 *
1/
00
1X
0Y
1,
0U
b11010 #
b11010 &
1"
#5380000
15
14
0/
10
b111100 !
b111100 (
1.
b111100 )
b11 *
0X
1Y
1U
b11011 #
b11011 &
0"
#5390000
0M
0L
1G
0H
0F
1A
0B
0@
1;
0<
b111101 !
b111101 (
0:
04
0.
b111101 )
b0 *
0/
00
15
06
1X
0Y
0,
12
0U
b11100 #
b11100 &
1"
#5400000
1/
b111110 !
b111110 (
1.
b111110 )
b1 *
0X
1Y
1U
b11101 #
b11101 &
0"
#5410000
0M
0L
1G
0H
0F
1A
0B
0@
1;
0<
0:
15
06
b111111 !
b111111 (
04
0.
b111111 )
b0 *
1/
00
1X
0Y
1,
0U
b11110 #
b11110 &
1"
#5420000
1M
1L
0G
1H
1F
0A
1B
1@
0;
1<
1:
05
16
b1000001 !
b1000001 (
14
b1000001 )
b111110 *
0/
10
1-
0V
1U
b100010 $
b100010 '
b11111 #
b11111 &
0"
#5430000
0F
0@
0:
04
b1000010 !
b1000010 (
b100000 *
b1000010 )
1/
00
05
06
0;
0<
0A
0B
0G
0X
0,
02
08
0>
1D
0U
b100000 #
b100000 &
1"
#5440000
b1000011 !
b1000011 (
b1000011 )
1X
1U
b100001 #
b100001 &
0"
#5450000
15
14
b1000100 !
b1000100 (
b100010 *
b1000100 )
0/
10
0X
1,
0U
b100010 #
b100010 &
1"
#5460000
b1000101 !
b1000101 (
b1000101 )
1X
1U
b100011 #
b100011 &
0"
#5470000
0;
0:
04
b1000110 !
b1000110 (
b100000 *
b1000110 )
1/
00
15
06
0X
0,
12
0U
b100100 #
b100100 &
1"
#5480000
b1000111 !
b1000111 (
b1000111 )
1X
1U
b100101 #
b100101 &
0"
#5490000
1;
1:
05
16
14
b1001000 !
b1001000 (
b100110 *
b1001000 )
0/
10
0X
1,
0U
b100110 #
b100110 &
1"
#5500000
b1001001 !
b1001001 (
b1001001 )
1X
1U
b100111 #
b100111 &
0"
#5510000
0A
0@
0:
04
b1001010 !
b1001010 (
b100000 *
b1001010 )
1/
00
05
06
1;
0<
0X
0,
02
18
0U
b101000 #
b101000 &
1"
#5520000
b1001011 !
b1001011 (
b1001011 )
1X
1U
b101001 #
b101001 &
0"
#5530000
15
14
b1001100 !
b1001100 (
b100010 *
b1001100 )
0/
10
0X
1,
0U
b101010 #
b101010 &
1"
#5540000
b1001101 !
b1001101 (
b1001101 )
1X
1U
b101011 #
b101011 &
0"
#5550000
0A
0@
1;
0<
0:
04
b1001110 !
b1001110 (
b100000 *
b1001110 )
1/
00
15
06
0X
0,
12
0U
b101100 #
b101100 &
1"
#5560000
b1001111 !
b1001111 (
b1001111 )
1X
1U
b101101 #
b101101 &
0"
#5570000
1A
1@
0;
1<
1:
05
16
14
b1010000 !
b1010000 (
b101110 *
b1010000 )
0/
10
0X
1,
0U
b101110 #
b101110 &
1"
#5580000
b1010010 !
b1010010 (
b1010010 )
1/
1.
b101111 *
1Y
1V
1U
b100011 $
b100011 '
b101111 #
b101111 &
0"
#5590000
04
0G
00
b1010011 !
b1010011 (
0F
0@
0:
0.
b1010011 )
b100000 *
1/
05
06
0;
0<
1A
0B
1X
0Y
0,
02
08
1>
0U
b110000 #
b110000 &
1"
#5600000
15
14
0/
10
b1010100 !
b1010100 (
1.
b1010100 )
b100011 *
0X
1Y
1U
b110001 #
b110001 &
0"
#5610000
b1010101 !
b1010101 (
0.
b1010101 )
b100010 *
0/
1X
0Y
1,
0U
b110010 #
b110010 &
1"
#5620000
1/
b1010110 !
b1010110 (
1.
b1010110 )
b100011 *
0X
1Y
1U
b110011 #
b110011 &
0"
#5630000
04
0;
00
b1010111 !
b1010111 (
0:
0.
b1010111 )
b100000 *
1/
15
06
1X
0Y
0,
12
0U
b110100 #
b110100 &
1"
#5640000
1;
1:
05
16
14
0/
10
b1011000 !
b1011000 (
1.
b1011000 )
b100111 *
0X
1Y
1U
b110101 #
b110101 &
0"
#5650000
b1011001 !
b1011001 (
0.
b1011001 )
b100110 *
0/
1X
0Y
1,
0U
b110110 #
b110110 &
1"
#5660000
1/
b1011010 !
b1011010 (
1.
b1011010 )
b100111 *
0X
1Y
1U
b110111 #
b110111 &
0"
#5670000
0G
0F
04
1A
0B
00
b1011011 !
b1011011 (
0@
0:
0.
b1011011 )
b100000 *
1/
05
06
1;
0<
1X
0Y
0,
02
18
0U
b111000 #
b111000 &
1"
#5680000
15
14
0/
10
b1011100 !
b1011100 (
1.
b1011100 )
b100011 *
0X
1Y
1U
b111001 #
b111001 &
0"
#5690000
b1011101 !
b1011101 (
0.
b1011101 )
b100010 *
0/
1X
0Y
1,
0U
b111010 #
b111010 &
1"
#5700000
1/
b1011110 !
b1011110 (
1.
b1011110 )
b100011 *
0X
1Y
1U
b111011 #
b111011 &
0"
#5710000
0G
0F
1A
0B
0@
04
1;
0<
00
b1011111 !
b1011111 (
0:
0.
b1011111 )
b100000 *
1/
15
06
1X
0Y
0,
12
0U
b111100 #
b111100 &
1"
#5720000
1G
1F
0A
1B
1@
0;
1<
1:
05
16
14
0/
10
b1100000 !
b1100000 (
1.
b1100000 )
b111111 *
0X
1Y
1U
b111101 #
b111101 &
0"
#5730000
b1100001 !
b1100001 (
0.
b1100001 )
b111110 *
0/
1X
0Y
1,
0U
b111110 #
b111110 &
1"
#5740000
04
b1100011 !
b1100011 (
b111100 *
b1100011 )
1/
00
05
0-
13
0V
1U
b100100 $
b100100 '
b111111 #
b111111 &
0"
#5750000
0L
0S
0H
0R
0F
0@
0:
b1100100 !
b1100100 (
b0 *
b1100100 )
0/
15
06
0;
0<
0A
0B
1G
1M
0N
0X
0,
02
08
0>
0D
1J
0U
b1000000 #
b1000000 &
1"
#5760000
b1100101 !
b1100101 (
b1100101 )
1X
1U
b1000001 #
b1000001 &
0"
#5770000
b1100110 !
b1100110 (
b1100110 )
1/
0X
1,
0U
b1000010 #
b1000010 &
1"
#5780000
b1100111 !
b1100111 (
b1100111 )
1X
1U
b1000011 #
b1000011 &
0"
#5790000
1;
1:
b1101000 !
b1101000 (
b100 *
b1101000 )
0/
05
16
0X
0,
12
0U
b1000100 #
b1000100 &
1"
#5800000
b1101001 !
b1101001 (
b1101001 )
1X
1U
b1000101 #
b1000101 &
0"
#5810000
b1101010 !
b1101010 (
b1101010 )
1/
0X
1,
0U
b1000110 #
b1000110 &
1"
#5820000
b1101011 !
b1101011 (
b1101011 )
1X
1U
b1000111 #
b1000111 &
0"
#5830000
0A
0@
0:
b1101100 !
b1101100 (
b0 *
b1101100 )
0/
15
06
1;
0<
0X
0,
02
18
0U
b1001000 #
b1001000 &
1"
#5840000
b1101101 !
b1101101 (
b1101101 )
1X
1U
b1001001 #
b1001001 &
0"
#5850000
b1101110 !
b1101110 (
b1101110 )
1/
0X
1,
0U
b1001010 #
b1001010 &
1"
#5860000
b1101111 !
b1101111 (
b1101111 )
1X
1U
b1001011 #
b1001011 &
0"
#5870000
1A
1@
0;
1<
1:
b1110000 !
b1110000 (
b1100 *
b1110000 )
0/
05
16
0X
0,
12
0U
b1001100 #
b1001100 &
1"
#5880000
b1110001 !
b1110001 (
b1110001 )
1X
1U
b1001101 #
b1001101 &
0"
#5890000
b1110010 !
b1110010 (
b1110010 )
1/
0X
1,
0U
b1001110 #
b1001110 &
1"
#5900000
15
b1110100 !
b1110100 (
14
b1110100 )
0/
10
1.
b1111 *
1Y
1V
1U
b100101 $
b100101 '
b1001111 #
b1001111 &
0"
#5910000
0S
0R
1M
0N
0L
0:
1G
0H
06
b1110101 !
b1110101 (
0F
0@
04
0.
b1110101 )
b0 *
0/
00
15
0;
0<
1A
0B
1X
0Y
0,
02
08
1>
0U
b1010000 #
b1010000 &
1"
#5920000
1/
b1110110 !
b1110110 (
1.
b1110110 )
b1 *
0X
1Y
1U
b1010001 #
b1010001 &
0"
#5930000
0;
0:
15
06
b1110111 !
b1110111 (
04
0.
b1110111 )
b0 *
1/
00
1X
0Y
1,
0U
b1010010 #
b1010010 &
1"
#5940000
1;
1:
05
16
14
0/
10
b1111000 !
b1111000 (
1.
b1111000 )
b111 *
0X
1Y
1U
b1010011 #
b1010011 &
0"
#5950000
b1111001 !
b1111001 (
04
0.
b1111001 )
b100 *
0/
00
05
1X
0Y
0,
12
0U
b1010100 #
b1010100 &
1"
#5960000
1/
b1111010 !
b1111010 (
1.
b1111010 )
b101 *
0X
1Y
1U
b1010101 #
b1010101 &
0"
#5970000
05
b1111011 !
b1111011 (
04
0.
b1111011 )
b100 *
1/
00
1X
0Y
1,
0U
b1010110 #
b1010110 &
1"
#5980000
15
14
0/
10
b1111100 !
b1111100 (
1.
b1111100 )
b111 *
0X
1Y
1U
b1010111 #
b1010111 &
0"
#5990000
0S
0R
1M
0N
0L
1G
0H
0F
0:
1A
0B
06
b1111101 !
b1111101 (
0@
04
0.
b1111101 )
b0 *
0/
00
15
1;
0<
1X
0Y
0,
02
18
0U
b1011000 #
b1011000 &
1"
#6000000
1/
b1111110 !
b1111110 (
1.
b1111110 )
b1 *
0X
1Y
1U
b1011001 #
b1011001 &
0"
#6010000
0S
0R
1M
0N
0L
1G
0H
0F
1A
0B
0@
1;
0<
0:
15
06
b1111111 !
b1111111 (
04
0.
b1111111 )
b0 *
1/
00
1X
0Y
1,
0U
b1011010 #
b1011010 &
1"
#6020000
1S
1R
0M
1N
1L
0G
1H
1F
0A
1B
1@
0;
1<
1:
05
16
14
0/
10
b10000000 !
b10000000 (
1.
b10000000 )
b1111111 *
0X
1Y
1U
b1011011 #
b1011011 &
0"
#6030000
b10000001 !
b10000001 (
04
0.
b10000001 )
b1111100 *
0/
00
05
1X
0Y
0,
12
0U
b1011100 #
b1011100 &
1"
#6040000
1/
b10000010 !
b10000010 (
1.
b10000010 )
b1111101 *
0X
1Y
1U
b1011101 #
b1011101 &
0"
#6050000
05
b10000011 !
b10000011 (
04
0.
b10000011 )
b1111100 *
1/
00
1X
0Y
1,
0U
b1011110 #
b1011110 &
1"
#6060000
15
b10000101 !
b10000101 (
14
b10000101 )
b1111110 *
0/
10
1-
0V
1U
b100110 $
b100110 '
b1011111 #
b1011111 &
0"
#6070000
0:
06
0F
0@
04
b10000110 !
b10000110 (
b1100000 *
b10000110 )
1/
00
15
0;
0<
0A
0B
0G
0X
0,
02
08
0>
1D
0U
b1100000 #
b1100000 &
1"
#6080000
b10000111 !
b10000111 (
b10000111 )
1X
1U
b1100001 #
b1100001 &
0"
#6090000
1;
1:
05
16
14
b10001000 !
b10001000 (
b1100110 *
b10001000 )
0/
10
0X
1,
0U
b1100010 #
b1100010 &
1"
#6100000
b10001001 !
b10001001 (
b10001001 )
1X
1U
b1100011 #
b1100011 &
0"
#6110000
04
b10001010 !
b10001010 (
b1100100 *
b10001010 )
1/
00
05
0X
0,
12
0U
b1100100 #
b1100100 &
1"
#6120000
b10001011 !
b10001011 (
b10001011 )
1X
1U
b1100101 #
b1100101 &
0"
#6130000
15
14
b10001100 !
b10001100 (
b1100110 *
b10001100 )
0/
10
0X
1,
0U
b1100110 #
b1100110 &
1"
#6140000
b10001101 !
b10001101 (
b10001101 )
1X
1U
b1100111 #
b1100111 &
0"
#6150000
0:
0A
06
0@
04
b10001110 !
b10001110 (
b1100000 *
b10001110 )
1/
00
15
1;
0<
0X
0,
02
18
0U
b1101000 #
b1101000 &
1"
#6160000
b10001111 !
b10001111 (
b10001111 )
1X
1U
b1101001 #
b1101001 &
0"
#6170000
1A
1@
0;
1<
1:
05
16
14
b10010000 !
b10010000 (
b1101110 *
b10010000 )
0/
10
0X
1,
0U
b1101010 #
b1101010 &
1"
#6180000
b10010001 !
b10010001 (
b10010001 )
1X
1U
b1101011 #
b1101011 &
0"
#6190000
04
b10010010 !
b10010010 (
b1101100 *
b10010010 )
1/
00
05
0X
0,
12
0U
b1101100 #
b1101100 &
1"
#6200000
b10010011 !
b10010011 (
b10010011 )
1X
1U
b1101101 #
b1101101 &
0"
#6210000
15
14
b10010100 !
b10010100 (
b1101110 *
b10010100 )
0/
10
0X
1,
0U
b1101110 #
b1101110 &
1"
#6220000
b10010110 !
b10010110 (
b10010110 )
1/
1.
b1101111 *
1Y
1V
1U
b100111 $
b100111 '
b1101111 #
b1101111 &
0"
#6230000
0:
06
04
0G
00
b10010111 !
b10010111 (
0F
0@
0.
b10010111 )
b1100000 *
1/
15
0;
0<
1A
0B
1X
0Y
0,
02
08
1>
0U
b1110000 #
b1110000 &
1"
#6240000
1;
1:
05
16
14
0/
10
b10011000 !
b10011000 (
1.
b10011000 )
b1100111 *
0X
1Y
1U
b1110001 #
b1110001 &
0"
#6250000
b10011001 !
b10011001 (
0.
b10011001 )
b1100110 *
0/
1X
0Y
1,
0U
b1110010 #
b1110010 &
1"
#6260000
1/
b10011010 !
b10011010 (
1.
b10011010 )
b1100111 *
0X
1Y
1U
b1110011 #
b1110011 &
0"
#6270000
04
00
b10011011 !
b10011011 (
0.
b10011011 )
b1100100 *
1/
05
1X
0Y
0,
12
0U
b1110100 #
b1110100 &
1"
#6280000
15
14
0/
10
b10011100 !
b10011100 (
1.
b10011100 )
b1100111 *
0X
1Y
1U
b1110101 #
b1110101 &
0"
#6290000
b10011101 !
b10011101 (
0.
b10011101 )
b1100110 *
0/
1X
0Y
1,
0U
b1110110 #
b1110110 &
1"
#6300000
1/
b10011110 !
b10011110 (
1.
b10011110 )
b1100111 *
0X
1Y
1U
b1110111 #
b1110111 &
0"
#6310000
0:
0G
06
0F
04
1A
0B
00
b10011111 !
b10011111 (
0@
0.
b10011111 )
b1100000 *
1/
15
1;
0<
1X
0Y
0,
02
18
0U
b1111000 #
b1111000 &
1"
#6320000
1G
1F
0A
1B
1@
0;
1<
1:
05
16
14
0/
10
b10100000 !
b10100000 (
1.
b10100000 )
b1111111 *
0X
1Y
1U
b1111001 #
b1111001 &
0"
#6330000
b10100001 !
b10100001 (
0.
b10100001 )
b1111110 *
0/
1X
0Y
1,
0U
b1111010 #
b1111010 &
1"
#6340000
1/
b10100010 !
b10100010 (
1.
b10100010 )
b1111111 *
0X
1Y
1U
b1111011 #
b1111011 &
0"
#6350000
04
00
b10100011 !
b10100011 (
0.
b10100011 )
b1111100 *
1/
05
1X
0Y
0,
12
0U
b1111100 #
b1111100 &
1"
#6360000
15
14
0/
10
b10100100 !
b10100100 (
1.
b10100100 )
b1111111 *
0X
1Y
1U
b1111101 #
b1111101 &
0"
#6370000
b10100101 !
b10100101 (
0.
b10100101 )
b1111110 *
0/
1X
0Y
1,
0U
b1111110 #
b1111110 &
1"
#6380000
0:
06
04
b10100111 !
b10100111 (
b1111000 *
b10100111 )
1/
00
15
0;
0-
03
19
0V
1U
b101000 $
b101000 '
b1111111 #
b1111111 &
0"
#6390000
0L
0H
0R
0F
0@
b10101000 !
b10101000 (
b0 *
b10101000 )
0/
05
1;
0<
0A
0B
1G
0M
0N
1S
0T
0X
0,
02
08
0>
0D
0J
1P
0U
b10000000 #
b10000000 &
1"
#6400000
b10101001 !
b10101001 (
b10101001 )
1X
1U
b10000001 #
b10000001 &
0"
#6410000
b10101010 !
b10101010 (
b10101010 )
1/
0X
1,
0U
b10000010 #
b10000010 &
1"
#6420000
b10101011 !
b10101011 (
b10101011 )
1X
1U
b10000011 #
b10000011 &
0"
#6430000
b10101100 !
b10101100 (
b10101100 )
0/
15
0X
0,
12
0U
b10000100 #
b10000100 &
1"
#6440000
b10101101 !
b10101101 (
b10101101 )
1X
1U
b10000101 #
b10000101 &
0"
#6450000
b10101110 !
b10101110 (
b10101110 )
1/
0X
1,
0U
b10000110 #
b10000110 &
1"
#6460000
b10101111 !
b10101111 (
b10101111 )
1X
1U
b10000111 #
b10000111 &
0"
#6470000
1A
1@
b10110000 !
b10110000 (
b1000 *
b10110000 )
0/
05
0;
1<
0X
0,
02
18
0U
b10001000 #
b10001000 &
1"
#6480000
b10110001 !
b10110001 (
b10110001 )
1X
1U
b10001001 #
b10001001 &
0"
#6490000
b10110010 !
b10110010 (
b10110010 )
1/
0X
1,
0U
b10001010 #
b10001010 &
1"
#6500000
b10110011 !
b10110011 (
b10110011 )
1X
1U
b10001011 #
b10001011 &
0"
#6510000
b10110100 !
b10110100 (
b10110100 )
0/
15
0X
0,
12
0U
b10001100 #
b10001100 &
1"
#6520000
b10110101 !
b10110101 (
b10110101 )
1X
1U
b10001101 #
b10001101 &
0"
#6530000
b10110110 !
b10110110 (
b10110110 )
1/
0X
1,
0U
b10001110 #
b10001110 &
1"
#6540000
1;
1:
05
16
b10111000 !
b10111000 (
14
b10111000 )
0/
10
1.
b1111 *
1Y
1V
1U
b101001 $
b101001 '
b10001111 #
b10001111 &
0"
#6550000
0M
0L
0@
1G
0H
0<
b10111001 !
b10111001 (
0F
0:
04
0.
b10111001 )
b0 *
0/
00
05
06
1;
1A
0B
1X
0Y
0,
02
08
1>
0U
b10010000 #
b10010000 &
1"
#6560000
1/
b10111010 !
b10111010 (
1.
b10111010 )
b1 *
0X
1Y
1U
b10010001 #
b10010001 &
0"
#6570000
05
b10111011 !
b10111011 (
04
0.
b10111011 )
b0 *
1/
00
1X
0Y
1,
0U
b10010010 #
b10010010 &
1"
#6580000
15
14
0/
10
b10111100 !
b10111100 (
1.
b10111100 )
b11 *
0X
1Y
1U
b10010011 #
b10010011 &
0"
#6590000
0M
0L
1G
0H
0F
1A
0B
0@
1;
0<
b10111101 !
b10111101 (
0:
04
0.
b10111101 )
b0 *
0/
00
15
06
1X
0Y
0,
12
0U
b10010100 #
b10010100 &
1"
#6600000
1/
b10111110 !
b10111110 (
1.
b10111110 )
b1 *
0X
1Y
1U
b10010101 #
b10010101 &
0"
#6610000
0M
0L
1G
0H
0F
1A
0B
0@
1;
0<
0:
15
06
b10111111 !
b10111111 (
04
0.
b10111111 )
b0 *
1/
00
1X
0Y
1,
0U
b10010110 #
b10010110 &
1"
#6620000
1M
1L
0G
1H
1F
0A
1B
1@
0;
1<
1:
05
16
14
0/
10
b11000000 !
b11000000 (
1.
b11000000 )
b111111 *
0X
1Y
1U
b10010111 #
b10010111 &
0"
#6630000
b11000001 !
b11000001 (
0:
04
0.
b11000001 )
b111000 *
0/
00
05
06
0;
1X
0Y
0,
02
18
0U
b10011000 #
b10011000 &
1"
#6640000
1/
b11000010 !
b11000010 (
1.
b11000010 )
b111001 *
0X
1Y
1U
b10011001 #
b10011001 &
0"
#6650000
05
b11000011 !
b11000011 (
04
0.
b11000011 )
b111000 *
1/
00
1X
0Y
1,
0U
b10011010 #
b10011010 &
1"
#6660000
15
14
0/
10
b11000100 !
b11000100 (
1.
b11000100 )
b111011 *
0X
1Y
1U
b10011011 #
b10011011 &
0"
#6670000
0;
b11000101 !
b11000101 (
0:
04
0.
b11000101 )
b111000 *
0/
00
15
06
1X
0Y
0,
12
0U
b10011100 #
b10011100 &
1"
#6680000
1/
b11000110 !
b11000110 (
1.
b11000110 )
b111001 *
0X
1Y
1U
b10011101 #
b10011101 &
0"
#6690000
0;
0:
15
06
b11000111 !
b11000111 (
04
0.
b11000111 )
b111000 *
1/
00
1X
0Y
1,
0U
b10011110 #
b10011110 &
1"
#6700000
1;
1:
05
16
b11001001 !
b11001001 (
14
b11001001 )
b111110 *
0/
10
1-
0V
1U
b101010 $
b101010 '
b10011111 #
b10011111 &
0"
#6710000
0@
0<
0F
0:
04
b11001010 !
b11001010 (
b100000 *
b11001010 )
1/
00
05
06
1;
0A
0B
0G
0X
0,
02
08
0>
1D
0U
b10100000 #
b10100000 &
1"
#6720000
b11001011 !
b11001011 (
b11001011 )
1X
1U
b10100001 #
b10100001 &
0"
#6730000
15
14
b11001100 !
b11001100 (
b100010 *
b11001100 )
0/
10
0X
1,
0U
b10100010 #
b10100010 &
1"
#6740000
b11001101 !
b11001101 (
b11001101 )
1X
1U
b10100011 #
b10100011 &
0"
#6750000
0A
0@
1;
0<
0:
04
b11001110 !
b11001110 (
b100000 *
b11001110 )
1/
00
15
06
0X
0,
12
0U
b10100100 #
b10100100 &
1"
#6760000
b11001111 !
b11001111 (
b11001111 )
1X
1U
b10100101 #
b10100101 &
0"
#6770000
1A
1@
0;
1<
1:
05
16
14
b11010000 !
b11010000 (
b101110 *
b11010000 )
0/
10
0X
1,
0U
b10100110 #
b10100110 &
1"
#6780000
b11010001 !
b11010001 (
b11010001 )
1X
1U
b10100111 #
b10100111 &
0"
#6790000
0:
04
b11010010 !
b11010010 (
b101000 *
b11010010 )
1/
00
05
06
0;
0X
0,
02
18
0U
b10101000 #
b10101000 &
1"
#6800000
b11010011 !
b11010011 (
b11010011 )
1X
1U
b10101001 #
b10101001 &
0"
#6810000
15
14
b11010100 !
b11010100 (
b101010 *
b11010100 )
0/
10
0X
1,
0U
b10101010 #
b10101010 &
1"
#6820000
b11010101 !
b11010101 (
b11010101 )
1X
1U
b10101011 #
b10101011 &
0"
#6830000
0;
0:
04
b11010110 !
b11010110 (
b101000 *
b11010110 )
1/
00
15
06
0X
0,
12
0U
b10101100 #
b10101100 &
1"
#6840000
b11010111 !
b11010111 (
b11010111 )
1X
1U
b10101101 #
b10101101 &
0"
#6850000
1;
1:
05
16
14
b11011000 !
b11011000 (
b101110 *
b11011000 )
0/
10
0X
1,
0U
b10101110 #
b10101110 &
1"
#6860000
b11011010 !
b11011010 (
b11011010 )
1/
1.
b101111 *
1Y
1V
1U
b101011 $
b101011 '
b10101111 #
b10101111 &
0"
#6870000
0@
04
0G
0<
00
b11011011 !
b11011011 (
0F
0:
0.
b11011011 )
b100000 *
1/
05
06
1;
1A
0B
1X
0Y
0,
02
08
1>
0U
b10110000 #
b10110000 &
1"
#6880000
15
14
0/
10
b11011100 !
b11011100 (
1.
b11011100 )
b100011 *
0X
1Y
1U
b10110001 #
b10110001 &
0"
#6890000
b11011101 !
b11011101 (
0.
b11011101 )
b100010 *
0/
1X
0Y
1,
0U
b10110010 #
b10110010 &
1"
#6900000
1/
b11011110 !
b11011110 (
1.
b11011110 )
b100011 *
0X
1Y
1U
b10110011 #
b10110011 &
0"
#6910000
0G
0F
1A
0B
0@
04
1;
0<
00
b11011111 !
b11011111 (
0:
0.
b11011111 )
b100000 *
1/
15
06
1X
0Y
0,
12
0U
b10110100 #
b10110100 &
1"
#6920000
1G
1F
0A
1B
1@
0;
1<
1:
05
16
14
0/
10
b11100000 !
b11100000 (
1.
b11100000 )
b111111 *
0X
1Y
1U
b10110101 #
b10110101 &
0"
#6930000
b11100001 !
b11100001 (
0.
b11100001 )
b111110 *
0/
1X
0Y
1,
0U
b10110110 #
b10110110 &
1"
#6940000
1/
b11100010 !
b11100010 (
1.
b11100010 )
b111111 *
0X
1Y
1U
b10110111 #
b10110111 &
0"
#6950000
04
00
b11100011 !
b11100011 (
0:
0.
b11100011 )
b111000 *
1/
05
06
0;
1X
0Y
0,
02
18
0U
b10111000 #
b10111000 &
1"
#6960000
15
14
0/
10
b11100100 !
b11100100 (
1.
b11100100 )
b111011 *
0X
1Y
1U
b10111001 #
b10111001 &
0"
#6970000
b11100101 !
b11100101 (
0.
b11100101 )
b111010 *
0/
1X
0Y
1,
0U
b10111010 #
b10111010 &
1"
#6980000
1/
b11100110 !
b11100110 (
1.
b11100110 )
b111011 *
0X
1Y
1U
b10111011 #
b10111011 &
0"
#6990000
04
0;
00
b11100111 !
b11100111 (
0:
0.
b11100111 )
b111000 *
1/
15
06
1X
0Y
0,
12
0U
b10111100 #
b10111100 &
1"
#7000000
1;
1:
05
16
14
0/
10
b11101000 !
b11101000 (
1.
b11101000 )
b111111 *
0X
1Y
1U
b10111101 #
b10111101 &
0"
#7010000
b11101001 !
b11101001 (
0.
b11101001 )
b111110 *
0/
1X
0Y
1,
0U
b10111110 #
b10111110 &
1"
#7020000
04
b11101011 !
b11101011 (
b111100 *
b11101011 )
1/
00
05
0-
13
0V
1U
b101100 $
b101100 '
b10111111 #
b10111111 &
0"
#7030000
0L
0@
1S
0T
0H
0<
0R
0F
0:
b11101100 !
b11101100 (
b0 *
b11101100 )
0/
15
06
1;
0A
0B
1G
1M
0N
0X
0,
02
08
0>
0D
1J
0U
b11000000 #
b11000000 &
1"
#7040000
b11101101 !
b11101101 (
b11101101 )
1X
1U
b11000001 #
b11000001 &
0"
#7050000
b11101110 !
b11101110 (
b11101110 )
1/
0X
1,
0U
b11000010 #
b11000010 &
1"
#7060000
b11101111 !
b11101111 (
b11101111 )
1X
1U
b11000011 #
b11000011 &
0"
#7070000
1A
1@
0;
1<
1:
b11110000 !
b11110000 (
b1100 *
b11110000 )
0/
05
16
0X
0,
12
0U
b11000100 #
b11000100 &
1"
#7080000
b11110001 !
b11110001 (
b11110001 )
1X
1U
b11000101 #
b11000101 &
0"
#7090000
b11110010 !
b11110010 (
b11110010 )
1/
0X
1,
0U
b11000110 #
b11000110 &
1"
#7100000
b11110011 !
b11110011 (
b11110011 )
1X
1U
b11000111 #
b11000111 &
0"
#7110000
0:
b11110100 !
b11110100 (
b1000 *
b11110100 )
0/
15
06
0;
0X
0,
02
18
0U
b11001000 #
b11001000 &
1"
#7120000
b11110101 !
b11110101 (
b11110101 )
1X
1U
b11001001 #
b11001001 &
0"
#7130000
b11110110 !
b11110110 (
b11110110 )
1/
0X
1,
0U
b11001010 #
b11001010 &
1"
#7140000
b11110111 !
b11110111 (
b11110111 )
1X
1U
b11001011 #
b11001011 &
0"
#7150000
1;
1:
b11111000 !
b11111000 (
b1100 *
b11111000 )
0/
05
16
0X
0,
12
0U
b11001100 #
b11001100 &
1"
#7160000
b11111001 !
b11111001 (
b11111001 )
1X
1U
b11001101 #
b11001101 &
0"
#7170000
b11111010 !
b11111010 (
b11111010 )
1/
0X
1,
0U
b11001110 #
b11001110 &
1"
#7180000
15
b11111100 !
b11111100 (
14
b11111100 )
0/
10
1.
b1111 *
1Y
1V
1U
b101101 $
b101101 '
b11001111 #
b11001111 &
0"
#7190000
1S
0T
0R
0@
1M
0N
0<
0L
0:
1G
0H
06
b11111101 !
b11111101 (
0F
04
0.
b11111101 )
b0 *
0/
00
15
1;
1A
0B
1X
0Y
0,
02
08
1>
0U
b11010000 #
b11010000 &
1"
#7200000
1/
b11111110 !
b11111110 (
1.
b11111110 )
b1 *
0X
1Y
1U
b11010001 #
b11010001 &
0"
#7210000
1S
0T
0R
1M
0N
0L
1G
0H
0F
1A
0B
0@
1;
0<
0:
15
06
b11111111 !
b11111111 (
04
0.
b11111111 )
b0 *
1/
00
1X
0Y
1,
0U
b11010010 #
b11010010 &
1"
#7220000
0S
1T
1R
0M
1N
1L
0G
1H
1F
0A
1B
1@
0;
1<
1:
05
16
14
0/
10
b100000000 !
b100000000 (
1.
b0 )
b11111111 *
0X
1Y
1U
b11010011 #
b11010011 &
0"
#7230000
b100000001 !
b100000001 (
04
0.
b1 )
b11111100 *
0/
00
05
1X
0Y
0,
12
0U
b11010100 #
b11010100 &
1"
#7240000
1/
b100000010 !
b100000010 (
1.
b10 )
b11111101 *
0X
1Y
1U
b11010101 #
b11010101 &
0"
#7250000
05
b100000011 !
b100000011 (
04
0.
b11 )
b11111100 *
1/
00
1X
0Y
1,
0U
b11010110 #
b11010110 &
1"
#7260000
15
14
0/
10
b100000100 !
b100000100 (
1.
b100 )
b11111111 *
0X
1Y
1U
b11010111 #
b11010111 &
0"
#7270000
0:
06
b100000101 !
b100000101 (
04
0.
b101 )
b11111000 *
0/
00
15
0;
1X
0Y
0,
02
18
0U
b11011000 #
b11011000 &
1"
#7280000
1/
b100000110 !
b100000110 (
1.
b110 )
b11111001 *
0X
1Y
1U
b11011001 #
b11011001 &
0"
#7290000
0;
0:
15
06
b100000111 !
b100000111 (
04
0.
b111 )
b11111000 *
1/
00
1X
0Y
1,
0U
b11011010 #
b11011010 &
1"
#7300000
1;
1:
05
16
14
0/
10
b100001000 !
b100001000 (
1.
b1000 )
b11111111 *
0X
1Y
1U
b11011011 #
b11011011 &
0"
#7310000
b100001001 !
b100001001 (
04
0.
b1001 )
b11111100 *
0/
00
05
1X
0Y
0,
12
0U
b11011100 #
b11011100 &
1"
#7320000
1/
b100001010 !
b100001010 (
1.
b1010 )
b11111101 *
0X
1Y
1U
b11011101 #
b11011101 &
0"
#7330000
05
b100001011 !
b100001011 (
04
0.
b1011 )
b11111100 *
1/
00
1X
0Y
1,
0U
b11011110 #
b11011110 &
1"
#7340000
15
b100001101 !
b100001101 (
14
b1101 )
b11111110 *
0/
10
1-
0V
1U
b101110 $
b101110 '
b11011111 #
b11011111 &
0"
#7350000
0@
0<
0:
06
0F
04
b100001110 !
b100001110 (
b11100000 *
b1110 )
1/
00
15
1;
0A
0B
0G
0X
0,
02
08
0>
1D
0U
b11100000 #
b11100000 &
1"
#7360000
b100001111 !
b100001111 (
b1111 )
1X
1U
b11100001 #
b11100001 &
0"
#7370000
1A
1@
0;
1<
1:
05
16
14
b100010000 !
b100010000 (
b11101110 *
b10000 )
0/
10
0X
1,
0U
b11100010 #
b11100010 &
1"
#7380000
b100010001 !
b100010001 (
b10001 )
1X
1U
b11100011 #
b11100011 &
0"
#7390000
04
b100010010 !
b100010010 (
b11101100 *
b10010 )
1/
00
05
0X
0,
12
0U
b11100100 #
b11100100 &
1"
#7400000
b100010011 !
b100010011 (
b10011 )
1X
1U
b11100101 #
b11100101 &
0"
#7410000
15
14
b100010100 !
b100010100 (
b11101110 *
b10100 )
0/
10
0X
1,
0U
b11100110 #
b11100110 &
1"
#7420000
b100010101 !
b100010101 (
b10101 )
1X
1U
b11100111 #
b11100111 &
0"
#7430000
0:
06
04
b100010110 !
b100010110 (
b11101000 *
b10110 )
1/
00
15
0;
0X
0,
02
18
0U
b11101000 #
b11101000 &
1"
#7440000
b100010111 !
b100010111 (
b10111 )
1X
1U
b11101001 #
b11101001 &
0"
#7450000
1;
1:
05
16
14
b100011000 !
b100011000 (
b11101110 *
b11000 )
0/
10
0X
1,
0U
b11101010 #
b11101010 &
1"
#7460000
b100011001 !
b100011001 (
b11001 )
1X
1U
b11101011 #
b11101011 &
0"
#7470000
04
b100011010 !
b100011010 (
b11101100 *
b11010 )
1/
00
05
0X
0,
12
0U
b11101100 #
b11101100 &
1"
#7480000
b100011011 !
b100011011 (
b11011 )
1X
1U
b11101101 #
b11101101 &
0"
#7490000
15
14
b100011100 !
b100011100 (
b11101110 *
b11100 )
0/
10
0X
1,
0U
b11101110 #
b11101110 &
1"
#7500000
b100011110 !
b100011110 (
b11110 )
1/
1.
b11101111 *
1Y
1V
1U
b101111 $
b101111 '
b11101111 #
b11101111 &
0"
#7510000
0@
0<
0:
06
04
0G
00
b100011111 !
b100011111 (
0F
0.
b11111 )
b11100000 *
1/
15
1;
1A
0B
1X
0Y
0,
02
08
1>
0U
b11110000 #
b11110000 &
1"
#7520000
1G
1F
0A
1B
1@
0;
1<
1:
05
16
14
0/
10
b100100000 !
b100100000 (
1.
b100000 )
b11111111 *
0X
1Y
1U
b11110001 #
b11110001 &
0"
#7530000
b100100001 !
b100100001 (
0.
b100001 )
b11111110 *
0/
1X
0Y
1,
0U
b11110010 #
b11110010 &
1"
#7540000
1/
b100100010 !
b100100010 (
1.
b100010 )
b11111111 *
0X
1Y
1U
b11110011 #
b11110011 &
0"
#7550000
04
00
b100100011 !
b100100011 (
0.
b100011 )
b11111100 *
1/
05
1X
0Y
0,
12
0U
b11110100 #
b11110100 &
1"
#7560000
15
14
0/
10
b100100100 !
b100100100 (
1.
b100100 )
b11111111 *
0X
1Y
1U
b11110101 #
b11110101 &
0"
#7570000
b100100101 !
b100100101 (
0.
b100101 )
b11111110 *
0/
1X
0Y
1,
0U
b11110110 #
b11110110 &
1"
#7580000
1/
b100100110 !
b100100110 (
1.
b100110 )
b11111111 *
0X
1Y
1U
b11110111 #
b11110111 &
0"
#7590000
0:
06
04
00
b100100111 !
b100100111 (
0.
b100111 )
b11111000 *
1/
15
0;
1X
0Y
0,
02
18
0U
b11111000 #
b11111000 &
1"
#7600000
1;
1:
05
16
14
0/
10
b100101000 !
b100101000 (
1.
b101000 )
b11111111 *
0X
1Y
1U
b11111001 #
b11111001 &
0"
#7610000
b100101001 !
b100101001 (
0.
b101001 )
b11111110 *
0/
1X
0Y
1,
0U
b11111010 #
b11111010 &
1"
#7620000
1/
b100101010 !
b100101010 (
1.
b101010 )
b11111111 *
0X
1Y
1U
b11111011 #
b11111011 &
0"
#7630000
04
00
b100101011 !
b100101011 (
0.
b101011 )
b11111100 *
1/
05
1X
0Y
0,
12
0U
b11111100 #
b11111100 &
1"
#7640000
15
14
0/
10
b100101100 !
b100101100 (
1.
b101100 )
b11111111 *
0X
1Y
1U
b11111101 #
b11111101 &
0"
#7650000
b100101101 !
b100101101 (
0.
b101101 )
b11111110 *
0/
1X
0Y
1,
0U
b11111110 #
b11111110 &
1"
#7660000
0@
0<
0:
06
04
b100101111 !
b100101111 (
b11110000 *
b101111 )
1/
00
15
1;
0A
0-
03
09
1?
0V
1U
b110000 $
b110000 '
b11111111 #
b11111111 &
0"
#7670000
0L
0H
0R
0F
b110000 !
b110000 (
b0 *
b110000 )
0/
05
0;
1A
0B
1G
0M
0N
0S
0T
0X
0,
02
08
0>
0D
0J
0P
0U
b0 #
b0 &
1"
#7680000
b110001 !
b110001 (
b110001 )
1X
1U
b1 #
b1 &
0"
#7690000
b110010 !
b110010 (
b110010 )
1/
0X
1,
0U
b10 #
b10 &
1"
#7700000
b110011 !
b110011 (
b110011 )
1X
1U
b11 #
b11 &
0"
#7710000
b110100 !
b110100 (
b110100 )
0/
15
0X
0,
12
0U
b100 #
b100 &
1"
#7720000
b110101 !
b110101 (
b110101 )
1X
1U
b101 #
b101 &
0"
#7730000
b110110 !
b110110 (
b110110 )
1/
0X
1,
0U
b110 #
b110 &
1"
#7740000
b110111 !
b110111 (
b110111 )
1X
1U
b111 #
b111 &
0"
#7750000
b111000 !
b111000 (
b111000 )
0/
05
1;
0X
0,
02
18
0U
b1000 #
b1000 &
1"
#7760000
b111001 !
b111001 (
b111001 )
1X
1U
b1001 #
b1001 &
0"
#7770000
b111010 !
b111010 (
b111010 )
1/
0X
1,
0U
b1010 #
b1010 &
1"
#7780000
b111011 !
b111011 (
b111011 )
1X
1U
b1011 #
b1011 &
0"
#7790000
b111100 !
b111100 (
b111100 )
0/
15
0X
0,
12
0U
b1100 #
b1100 &
1"
#7800000
b111101 !
b111101 (
b111101 )
1X
1U
b1101 #
b1101 &
0"
#7810000
b111110 !
b111110 (
b111110 )
1/
0X
1,
0U
b1110 #
b1110 &
1"
#7820000
1M
1L
0G
1H
1F
0A
1B
1@
0;
1<
1:
05
16
b1000000 !
b1000000 (
14
b1000000 )
0/
10
1.
b111111 *
1Y
1V
1U
b110001 $
b110001 '
b1111 #
b1111 &
0"
#7830000
b1000001 !
b1000001 (
0@
0:
04
0.
b1000001 )
b110000 *
0/
00
05
06
0;
0<
0A
1X
0Y
0,
02
08
1>
0U
b10000 #
b10000 &
1"
#7840000
1/
b1000010 !
b1000010 (
1.
b1000010 )
b110001 *
0X
1Y
1U
b10001 #
b10001 &
0"
#7850000
05
b1000011 !
b1000011 (
04
0.
b1000011 )
b110000 *
1/
00
1X
0Y
1,
0U
b10010 #
b10010 &
1"
#7860000
15
14
0/
10
b1000100 !
b1000100 (
1.
b1000100 )
b110011 *
0X
1Y
1U
b10011 #
b10011 &
0"
#7870000
0;
b1000101 !
b1000101 (
0:
04
0.
b1000101 )
b110000 *
0/
00
15
06
1X
0Y
0,
12
0U
b10100 #
b10100 &
1"
#7880000
1/
b1000110 !
b1000110 (
1.
b1000110 )
b110001 *
0X
1Y
1U
b10101 #
b10101 &
0"
#7890000
0;
0:
15
06
b1000111 !
b1000111 (
04
0.
b1000111 )
b110000 *
1/
00
1X
0Y
1,
0U
b10110 #
b10110 &
1"
#7900000
1;
1:
05
16
14
0/
10
b1001000 !
b1001000 (
1.
b1001000 )
b110111 *
0X
1Y
1U
b10111 #
b10111 &
0"
#7910000
0A
b1001001 !
b1001001 (
0@
0:
04
0.
b1001001 )
b110000 *
0/
00
05
06
1;
0<
1X
0Y
0,
02
18
0U
b11000 #
b11000 &
1"
#7920000
1/
b1001010 !
b1001010 (
1.
b1001010 )
b110001 *
0X
1Y
1U
b11001 #
b11001 &
0"
#7930000
05
b1001011 !
b1001011 (
04
0.
b1001011 )
b110000 *
1/
00
1X
0Y
1,
0U
b11010 #
b11010 &
1"
#7940000
15
14
0/
10
b1001100 !
b1001100 (
1.
b1001100 )
b110011 *
0X
1Y
1U
b11011 #
b11011 &
0"
#7950000
0A
0@
1;
0<
b1001101 !
b1001101 (
0:
04
0.
b1001101 )
b110000 *
0/
00
15
06
1X
0Y
0,
12
0U
b11100 #
b11100 &
1"
#7960000
1/
b1001110 !
b1001110 (
1.
b1001110 )
b110001 *
0X
1Y
1U
b11101 #
b11101 &
0"
#7970000
0A
0@
1;
0<
0:
15
06
b1001111 !
b1001111 (
04
0.
b1001111 )
b110000 *
1/
00
1X
0Y
1,
0U
b11110 #
b11110 &
1"
#7980000
1A
1@
0;
1<
1:
05
16
b1010001 !
b1010001 (
14
b1010001 )
b111110 *
0/
10
1-
0V
1U
b110010 $
b110010 '
b11111 #
b11111 &
0"
#7990000
0F
0B
0@
0:
04
b1010010 !
b1010010 (
b100000 *
b1010010 )
1/
00
05
06
0;
0<
1A
0G
0X
0,
02
08
0>
1D
0U
b100000 #
b100000 &
1"
#8000000
b1010011 !
b1010011 (
b1010011 )
1X
1U
b100001 #
b100001 &
0"
#8010000
15
14
b1010100 !
b1010100 (
b100010 *
b1010100 )
0/
10
0X
1,
0U
b100010 #
b100010 &
1"
#8020000
b1010101 !
b1010101 (
b1010101 )
1X
1U
b100011 #
b100011 &
0"
#8030000
0;
0:
04
b1010110 !
b1010110 (
b100000 *
b1010110 )
1/
00
15
06
0X
0,
12
0U
b100100 #
b100100 &
1"
#8040000
b1010111 !
b1010111 (
b1010111 )
1X
1U
b100101 #
b100101 &
0"
#8050000
1;
1:
05
16
14
b1011000 !
b1011000 (
b100110 *
b1011000 )
0/
10
0X
1,
0U
b100110 #
b100110 &
1"
#8060000
b1011001 !
b1011001 (
b1011001 )
1X
1U
b100111 #
b100111 &
0"
#8070000
0G
0F
1A
0B
0@
0:
04
b1011010 !
b1011010 (
b100000 *
b1011010 )
1/
00
05
06
1;
0<
0X
0,
02
18
0U
b101000 #
b101000 &
1"
#8080000
b1011011 !
b1011011 (
b1011011 )
1X
1U
b101001 #
b101001 &
0"
#8090000
15
14
b1011100 !
b1011100 (
b100010 *
b1011100 )
0/
10
0X
1,
0U
b101010 #
b101010 &
1"
#8100000
b1011101 !
b1011101 (
b1011101 )
1X
1U
b101011 #
b101011 &
0"
#8110000
0G
0F
1A
0B
0@
1;
0<
0:
04
b1011110 !
b1011110 (
b100000 *
b1011110 )
1/
00
15
06
0X
0,
12
0U
b101100 #
b101100 &
1"
#8120000
b1011111 !
b1011111 (
b1011111 )
1X
1U
b101101 #
b101101 &
0"
#8130000
1G
1F
0A
1B
1@
0;
1<
1:
05
16
14
b1100000 !
b1100000 (
b111110 *
b1100000 )
0/
10
0X
1,
0U
b101110 #
b101110 &
1"
#8140000
b1100010 !
b1100010 (
b1100010 )
1/
1.
b111111 *
1Y
1V
1U
b110011 $
b110011 '
b101111 #
b101111 &
0"
#8150000
04
00
b1100011 !
b1100011 (
0@
0:
0.
b1100011 )
b110000 *
1/
05
06
0;
0<
0A
1X
0Y
0,
02
08
1>
0U
b110000 #
b110000 &
1"
#8160000
15
14
0/
10
b1100100 !
b1100100 (
1.
b1100100 )
b110011 *
0X
1Y
1U
b110001 #
b110001 &
0"
#8170000
b1100101 !
b1100101 (
0.
b1100101 )
b110010 *
0/
1X
0Y
1,
0U
b110010 #
b110010 &
1"
#8180000
1/
b1100110 !
b1100110 (
1.
b1100110 )
b110011 *
0X
1Y
1U
b110011 #
b110011 &
0"
#8190000
04
0;
00
b1100111 !
b1100111 (
0:
0.
b1100111 )
b110000 *
1/
15
06
1X
0Y
0,
12
0U
b110100 #
b110100 &
1"
#8200000
1;
1:
05
16
14
0/
10
b1101000 !
b1101000 (
1.
b1101000 )
b110111 *
0X
1Y
1U
b110101 #
b110101 &
0"
#8210000
b1101001 !
b1101001 (
0.
b1101001 )
b110110 *
0/
1X
0Y
1,
0U
b110110 #
b110110 &
1"
#8220000
1/
b1101010 !
b1101010 (
1.
b1101010 )
b110111 *
0X
1Y
1U
b110111 #
b110111 &
0"
#8230000
04
0A
00
b1101011 !
b1101011 (
0@
0:
0.
b1101011 )
b110000 *
1/
05
06
1;
0<
1X
0Y
0,
02
18
0U
b111000 #
b111000 &
1"
#8240000
15
14
0/
10
b1101100 !
b1101100 (
1.
b1101100 )
b110011 *
0X
1Y
1U
b111001 #
b111001 &
0"
#8250000
b1101101 !
b1101101 (
0.
b1101101 )
b110010 *
0/
1X
0Y
1,
0U
b111010 #
b111010 &
1"
#8260000
1/
b1101110 !
b1101110 (
1.
b1101110 )
b110011 *
0X
1Y
1U
b111011 #
b111011 &
0"
#8270000
0A
0@
04
1;
0<
00
b1101111 !
b1101111 (
0:
0.
b1101111 )
b110000 *
1/
15
06
1X
0Y
0,
12
0U
b111100 #
b111100 &
1"
#8280000
1A
1@
0;
1<
1:
05
16
14
0/
10
b1110000 !
b1110000 (
1.
b1110000 )
b111111 *
0X
1Y
1U
b111101 #
b111101 &
0"
#8290000
b1110001 !
b1110001 (
0.
b1110001 )
b111110 *
0/
1X
0Y
1,
0U
b111110 #
b111110 &
1"
#8300000
04
b1110011 !
b1110011 (
b111100 *
b1110011 )
1/
00
05
0-
13
0V
1U
b110100 $
b110100 '
b111111 #
b111111 &
0"
#8310000
0L
0H
0F
0S
0B
0R
0@
0:
b1110100 !
b1110100 (
b0 *
b1110100 )
0/
15
06
0;
0<
1A
1G
1M
0N
0X
0,
02
08
0>
0D
1J
0U
b1000000 #
b1000000 &
1"
#8320000
b1110101 !
b1110101 (
b1110101 )
1X
1U
b1000001 #
b1000001 &
0"
#8330000
b1110110 !
b1110110 (
b1110110 )
1/
0X
1,
0U
b1000010 #
b1000010 &
1"
#8340000
b1110111 !
b1110111 (
b1110111 )
1X
1U
b1000011 #
b1000011 &
0"
#8350000
1;
1:
b1111000 !
b1111000 (
b100 *
b1111000 )
0/
05
16
0X
0,
12
0U
b1000100 #
b1000100 &
1"
#8360000
b1111001 !
b1111001 (
b1111001 )
1X
1U
b1000101 #
b1000101 &
0"
#8370000
b1111010 !
b1111010 (
b1111010 )
1/
0X
1,
0U
b1000110 #
b1000110 &
1"
#8380000
b1111011 !
b1111011 (
b1111011 )
1X
1U
b1000111 #
b1000111 &
0"
#8390000
0S
0R
1M
0N
0L
1G
0H
0F
1A
0B
0@
0:
b1111100 !
b1111100 (
b0 *
b1111100 )
0/
15
06
1;
0<
0X
0,
02
18
0U
b1001000 #
b1001000 &
1"
#8400000
b1111101 !
b1111101 (
b1111101 )
1X
1U
b1001001 #
b1001001 &
0"
#8410000
b1111110 !
b1111110 (
b1111110 )
1/
0X
1,
0U
b1001010 #
b1001010 &
1"
#8420000
b1111111 !
b1111111 (
b1111111 )
1X
1U
b1001011 #
b1001011 &
0"
#8430000
1S
1R
0M
1N
1L
0G
1H
1F
0A
1B
1@
0;
1<
1:
b10000000 !
b10000000 (
b1111100 *
b10000000 )
0/
05
16
0X
0,
12
0U
b1001100 #
b1001100 &
1"
#8440000
b10000001 !
b10000001 (
b10000001 )
1X
1U
b1001101 #
b1001101 &
0"
#8450000
b10000010 !
b10000010 (
b10000010 )
1/
0X
1,
0U
b1001110 #
b1001110 &
1"
#8460000
15
b10000100 !
b10000100 (
14
b10000100 )
0/
10
1.
b1111111 *
1Y
1V
1U
b110101 $
b110101 '
b1001111 #
b1001111 &
0"
#8470000
0:
06
b10000101 !
b10000101 (
0@
04
0.
b10000101 )
b1110000 *
0/
00
15
0;
0<
0A
1X
0Y
0,
02
08
1>
0U
b1010000 #
b1010000 &
1"
#8480000
1/
b10000110 !
b10000110 (
1.
b10000110 )
b1110001 *
0X
1Y
1U
b1010001 #
b1010001 &
0"
#8490000
0;
0:
15
06
b10000111 !
b10000111 (
04
0.
b10000111 )
b1110000 *
1/
00
1X
0Y
1,
0U
b1010010 #
b1010010 &
1"
#8500000
1;
1:
05
16
14
0/
10
b10001000 !
b10001000 (
1.
b10001000 )
b1110111 *
0X
1Y
1U
b1010011 #
b1010011 &
0"
#8510000
b10001001 !
b10001001 (
04
0.
b10001001 )
b1110100 *
0/
00
05
1X
0Y
0,
12
0U
b1010100 #
b1010100 &
1"
#8520000
1/
b10001010 !
b10001010 (
1.
b10001010 )
b1110101 *
0X
1Y
1U
b1010101 #
b1010101 &
0"
#8530000
05
b10001011 !
b10001011 (
04
0.
b10001011 )
b1110100 *
1/
00
1X
0Y
1,
0U
b1010110 #
b1010110 &
1"
#8540000
15
14
0/
10
b10001100 !
b10001100 (
1.
b10001100 )
b1110111 *
0X
1Y
1U
b1010111 #
b1010111 &
0"
#8550000
0:
0A
06
b10001101 !
b10001101 (
0@
04
0.
b10001101 )
b1110000 *
0/
00
15
1;
0<
1X
0Y
0,
02
18
0U
b1011000 #
b1011000 &
1"
#8560000
1/
b10001110 !
b10001110 (
1.
b10001110 )
b1110001 *
0X
1Y
1U
b1011001 #
b1011001 &
0"
#8570000
0A
0@
1;
0<
0:
15
06
b10001111 !
b10001111 (
04
0.
b10001111 )
b1110000 *
1/
00
1X
0Y
1,
0U
b1011010 #
b1011010 &
1"
#8580000
1A
1@
0;
1<
1:
05
16
14
0/
10
b10010000 !
b10010000 (
1.
b10010000 )
b1111111 *
0X
1Y
1U
b1011011 #
b1011011 &
0"
#8590000
b10010001 !
b10010001 (
04
0.
b10010001 )
b1111100 *
0/
00
05
1X
0Y
0,
12
0U
b1011100 #
b1011100 &
1"
#8600000
1/
b10010010 !
b10010010 (
1.
b10010010 )
b1111101 *
0X
1Y
1U
b1011101 #
b1011101 &
0"
#8610000
05
b10010011 !
b10010011 (
04
0.
b10010011 )
b1111100 *
1/
00
1X
0Y
1,
0U
b1011110 #
b1011110 &
1"
#8620000
15
b10010101 !
b10010101 (
14
b10010101 )
b1111110 *
0/
10
1-
0V
1U
b110110 $
b110110 '
b1011111 #
b1011111 &
0"
#8630000
0F
0:
0B
06
0@
04
b10010110 !
b10010110 (
b1100000 *
b10010110 )
1/
00
15
0;
0<
1A
0G
0X
0,
02
08
0>
1D
0U
b1100000 #
b1100000 &
1"
#8640000
b10010111 !
b10010111 (
b10010111 )
1X
1U
b1100001 #
b1100001 &
0"
#8650000
1;
1:
05
16
14
b10011000 !
b10011000 (
b1100110 *
b10011000 )
0/
10
0X
1,
0U
b1100010 #
b1100010 &
1"
#8660000
b10011001 !
b10011001 (
b10011001 )
1X
1U
b1100011 #
b1100011 &
0"
#8670000
04
b10011010 !
b10011010 (
b1100100 *
b10011010 )
1/
00
05
0X
0,
12
0U
b1100100 #
b1100100 &
1"
#8680000
b10011011 !
b10011011 (
b10011011 )
1X
1U
b1100101 #
b1100101 &
0"
#8690000
15
14
b10011100 !
b10011100 (
b1100110 *
b10011100 )
0/
10
0X
1,
0U
b1100110 #
b1100110 &
1"
#8700000
b10011101 !
b10011101 (
b10011101 )
1X
1U
b1100111 #
b1100111 &
0"
#8710000
0G
0F
0:
1A
0B
06
0@
04
b10011110 !
b10011110 (
b1100000 *
b10011110 )
1/
00
15
1;
0<
0X
0,
02
18
0U
b1101000 #
b1101000 &
1"
#8720000
b10011111 !
b10011111 (
b10011111 )
1X
1U
b1101001 #
b1101001 &
0"
#8730000
1G
1F
0A
1B
1@
0;
1<
1:
05
16
14
b10100000 !
b10100000 (
b1111110 *
b10100000 )
0/
10
0X
1,
0U
b1101010 #
b1101010 &
1"
#8740000
b10100001 !
b10100001 (
b10100001 )
1X
1U
b1101011 #
b1101011 &
0"
#8750000
04
b10100010 !
b10100010 (
b1111100 *
b10100010 )
1/
00
05
0X
0,
12
0U
b1101100 #
b1101100 &
1"
#8760000
b10100011 !
b10100011 (
b10100011 )
1X
1U
b1101101 #
b1101101 &
0"
#8770000
15
14
b10100100 !
b10100100 (
b1111110 *
b10100100 )
0/
10
0X
1,
0U
b1101110 #
b1101110 &
1"
#8780000
b10100110 !
b10100110 (
b10100110 )
1/
1.
b1111111 *
1Y
1V
1U
b110111 $
b110111 '
b1101111 #
b1101111 &
0"
#8790000
0:
06
04
00
b10100111 !
b10100111 (
0@
0.
b10100111 )
b1110000 *
1/
15
0;
0<
0A
1X
0Y
0,
02
08
1>
0U
b1110000 #
b1110000 &
1"
#8800000
1;
1:
05
16
14
0/
10
b10101000 !
b10101000 (
1.
b10101000 )
b1110111 *
0X
1Y
1U
b1110001 #
b1110001 &
0"
#8810000
b10101001 !
b10101001 (
0.
b10101001 )
b1110110 *
0/
1X
0Y
1,
0U
b1110010 #
b1110010 &
1"
#8820000
1/
b10101010 !
b10101010 (
1.
b10101010 )
b1110111 *
0X
1Y
1U
b1110011 #
b1110011 &
0"
#8830000
04
00
b10101011 !
b10101011 (
0.
b10101011 )
b1110100 *
1/
05
1X
0Y
0,
12
0U
b1110100 #
b1110100 &
1"
#8840000
15
14
0/
10
b10101100 !
b10101100 (
1.
b10101100 )
b1110111 *
0X
1Y
1U
b1110101 #
b1110101 &
0"
#8850000
b10101101 !
b10101101 (
0.
b10101101 )
b1110110 *
0/
1X
0Y
1,
0U
b1110110 #
b1110110 &
1"
#8860000
1/
b10101110 !
b10101110 (
1.
b10101110 )
b1110111 *
0X
1Y
1U
b1110111 #
b1110111 &
0"
#8870000
0:
06
04
0A
00
b10101111 !
b10101111 (
0@
0.
b10101111 )
b1110000 *
1/
15
1;
0<
1X
0Y
0,
02
18
0U
b1111000 #
b1111000 &
1"
#8880000
1A
1@
0;
1<
1:
05
16
14
0/
10
b10110000 !
b10110000 (
1.
b10110000 )
b1111111 *
0X
1Y
1U
b1111001 #
b1111001 &
0"
#8890000
b10110001 !
b10110001 (
0.
b10110001 )
b1111110 *
0/
1X
0Y
1,
0U
b1111010 #
b1111010 &
1"
#8900000
1/
b10110010 !
b10110010 (
1.
b10110010 )
b1111111 *
0X
1Y
1U
b1111011 #
b1111011 &
0"
#8910000
04
00
b10110011 !
b10110011 (
0.
b10110011 )
b1111100 *
1/
05
1X
0Y
0,
12
0U
b1111100 #
b1111100 &
1"
#8920000
15
14
0/
10
b10110100 !
b10110100 (
1.
b10110100 )
b1111111 *
0X
1Y
1U
b1111101 #
b1111101 &
0"
#8930000
b10110101 !
b10110101 (
0.
b10110101 )
b1111110 *
0/
1X
0Y
1,
0U
b1111110 #
b1111110 &
1"
#8940000
0:
06
04
b10110111 !
b10110111 (
b1111000 *
b10110111 )
1/
00
15
0;
0-
03
19
0V
1U
b111000 $
b111000 '
b1111111 #
b1111111 &
0"
#8950000
0L
0H
0F
0B
0R
0@
b10111000 !
b10111000 (
b0 *
b10111000 )
0/
05
1;
0<
1A
1G
0M
0N
1S
0T
0X
0,
02
08
0>
0D
0J
1P
0U
b10000000 #
b10000000 &
1"
#8960000
b10111001 !
b10111001 (
b10111001 )
1X
1U
b10000001 #
b10000001 &
0"
#8970000
b10111010 !
b10111010 (
b10111010 )
1/
0X
1,
0U
b10000010 #
b10000010 &
1"
#8980000
b10111011 !
b10111011 (
b10111011 )
1X
1U
b10000011 #
b10000011 &
0"
#8990000
b10111100 !
b10111100 (
b10111100 )
0/
15
0X
0,
12
0U
b10000100 #
b10000100 &
1"
#9000000
b10111101 !
b10111101 (
b10111101 )
1X
1U
b10000101 #
b10000101 &
0"
#9010000
b10111110 !
b10111110 (
b10111110 )
1/
0X
1,
0U
b10000110 #
b10000110 &
1"
#9020000
b10111111 !
b10111111 (
b10111111 )
1X
1U
b10000111 #
b10000111 &
0"
#9030000
1M
1L
0G
1H
1F
0A
1B
1@
b11000000 !
b11000000 (
b111000 *
b11000000 )
0/
05
0;
1<
0X
0,
02
18
0U
b10001000 #
b10001000 &
1"
#9040000
b11000001 !
b11000001 (
b11000001 )
1X
1U
b10001001 #
b10001001 &
0"
#9050000
b11000010 !
b11000010 (
b11000010 )
1/
0X
1,
0U
b10001010 #
b10001010 &
1"
#9060000
b11000011 !
b11000011 (
b11000011 )
1X
1U
b10001011 #
b10001011 &
0"
#9070000
b11000100 !
b11000100 (
b11000100 )
0/
15
0X
0,
12
0U
b10001100 #
b10001100 &
1"
#9080000
b11000101 !
b11000101 (
b11000101 )
1X
1U
b10001101 #
b10001101 &
0"
#9090000
b11000110 !
b11000110 (
b11000110 )
1/
0X
1,
0U
b10001110 #
b10001110 &
1"
#9100000
1;
1:
05
16
b11001000 !
b11001000 (
14
b11001000 )
0/
10
1.
b111111 *
1Y
1V
1U
b111001 $
b111001 '
b10001111 #
b10001111 &
0"
#9110000
0@
0<
b11001001 !
b11001001 (
0:
04
0.
b11001001 )
b110000 *
0/
00
05
06
1;
0A
1X
0Y
0,
02
08
1>
0U
b10010000 #
b10010000 &
1"
#9120000
1/
b11001010 !
b11001010 (
1.
b11001010 )
b110001 *
0X
1Y
1U
b10010001 #
b10010001 &
0"
#9130000
05
b11001011 !
b11001011 (
04
0.
b11001011 )
b110000 *
1/
00
1X
0Y
1,
0U
b10010010 #
b10010010 &
1"
#9140000
15
14
0/
10
b11001100 !
b11001100 (
1.
b11001100 )
b110011 *
0X
1Y
1U
b10010011 #
b10010011 &
0"
#9150000
0A
0@
1;
0<
b11001101 !
b11001101 (
0:
04
0.
b11001101 )
b110000 *
0/
00
15
06
1X
0Y
0,
12
0U
b10010100 #
b10010100 &
1"
#9160000
1/
b11001110 !
b11001110 (
1.
b11001110 )
b110001 *
0X
1Y
1U
b10010101 #
b10010101 &
0"
#9170000
0A
0@
1;
0<
0:
15
06
b11001111 !
b11001111 (
04
0.
b11001111 )
b110000 *
1/
00
1X
0Y
1,
0U
b10010110 #
b10010110 &
1"
#9180000
1A
1@
0;
1<
1:
05
16
14
0/
10
b11010000 !
b11010000 (
1.
b11010000 )
b111111 *
0X
1Y
1U
b10010111 #
b10010111 &
0"
#9190000
b11010001 !
b11010001 (
0:
04
0.
b11010001 )
b111000 *
0/
00
05
06
0;
1X
0Y
0,
02
18
0U
b10011000 #
b10011000 &
1"
#9200000
1/
b11010010 !
b11010010 (
1.
b11010010 )
b111001 *
0X
1Y
1U
b10011001 #
b10011001 &
0"
#9210000
05
b11010011 !
b11010011 (
04
0.
b11010011 )
b111000 *
1/
00
1X
0Y
1,
0U
b10011010 #
b10011010 &
1"
#9220000
15
14
0/
10
b11010100 !
b11010100 (
1.
b11010100 )
b111011 *
0X
1Y
1U
b10011011 #
b10011011 &
0"
#9230000
0;
b11010101 !
b11010101 (
0:
04
0.
b11010101 )
b111000 *
0/
00
15
06
1X
0Y
0,
12
0U
b10011100 #
b10011100 &
1"
#9240000
1/
b11010110 !
b11010110 (
1.
b11010110 )
b111001 *
0X
1Y
1U
b10011101 #
b10011101 &
0"
#9250000
0;
0:
15
06
b11010111 !
b11010111 (
04
0.
b11010111 )
b111000 *
1/
00
1X
0Y
1,
0U
b10011110 #
b10011110 &
1"
#9260000
1;
1:
05
16
b11011001 !
b11011001 (
14
b11011001 )
b111110 *
0/
10
1-
0V
1U
b111010 $
b111010 '
b10011111 #
b10011111 &
0"
#9270000
0F
0B
0@
0<
0:
04
b11011010 !
b11011010 (
b100000 *
b11011010 )
1/
00
05
06
1;
1A
0G
0X
0,
02
08
0>
1D
0U
b10100000 #
b10100000 &
1"
#9280000
b11011011 !
b11011011 (
b11011011 )
1X
1U
b10100001 #
b10100001 &
0"
#9290000
15
14
b11011100 !
b11011100 (
b100010 *
b11011100 )
0/
10
0X
1,
0U
b10100010 #
b10100010 &
1"
#9300000
b11011101 !
b11011101 (
b11011101 )
1X
1U
b10100011 #
b10100011 &
0"
#9310000
0G
0F
1A
0B
0@
1;
0<
0:
04
b11011110 !
b11011110 (
b100000 *
b11011110 )
1/
00
15
06
0X
0,
12
0U
b10100100 #
b10100100 &
1"
#9320000
b11011111 !
b11011111 (
b11011111 )
1X
1U
b10100101 #
b10100101 &
0"
#9330000
1G
1F
0A
1B
1@
0;
1<
1:
05
16
14
b11100000 !
b11100000 (
b111110 *
b11100000 )
0/
10
0X
1,
0U
b10100110 #
b10100110 &
1"
#9340000
b11100001 !
b11100001 (
b11100001 )
1X
1U
b10100111 #
b10100111 &
0"
#9350000
0:
04
b11100010 !
b11100010 (
b111000 *
b11100010 )
1/
00
05
06
0;
0X
0,
02
18
0U
b10101000 #
b10101000 &
1"
#9360000
b11100011 !
b11100011 (
b11100011 )
1X
1U
b10101001 #
b10101001 &
0"
#9370000
15
14
b11100100 !
b11100100 (
b111010 *
b11100100 )
0/
10
0X
1,
0U
b10101010 #
b10101010 &
1"
#9380000
b11100101 !
b11100101 (
b11100101 )
1X
1U
b10101011 #
b10101011 &
0"
#9390000
0;
0:
04
b11100110 !
b11100110 (
b111000 *
b11100110 )
1/
00
15
06
0X
0,
12
0U
b10101100 #
b10101100 &
1"
#9400000
b11100111 !
b11100111 (
b11100111 )
1X
1U
b10101101 #
b10101101 &
0"
#9410000
1;
1:
05
16
14
b11101000 !
b11101000 (
b111110 *
b11101000 )
0/
10
0X
1,
0U
b10101110 #
b10101110 &
1"
#9420000
b11101010 !
b11101010 (
b11101010 )
1/
1.
b111111 *
1Y
1V
1U
b111011 $
b111011 '
b10101111 #
b10101111 &
0"
#9430000
0@
04
0<
00
b11101011 !
b11101011 (
0:
0.
b11101011 )
b110000 *
1/
05
06
1;
0A
1X
0Y
0,
02
08
1>
0U
b10110000 #
b10110000 &
1"
#9440000
15
14
0/
10
b11101100 !
b11101100 (
1.
b11101100 )
b110011 *
0X
1Y
1U
b10110001 #
b10110001 &
0"
#9450000
b11101101 !
b11101101 (
0.
b11101101 )
b110010 *
0/
1X
0Y
1,
0U
b10110010 #
b10110010 &
1"
#9460000
1/
b11101110 !
b11101110 (
1.
b11101110 )
b110011 *
0X
1Y
1U
b10110011 #
b10110011 &
0"
#9470000
0A
0@
04
1;
0<
00
b11101111 !
b11101111 (
0:
0.
b11101111 )
b110000 *
1/
15
06
1X
0Y
0,
12
0U
b10110100 #
b10110100 &
1"
#9480000
1A
1@
0;
1<
1:
05
16
14
0/
10
b11110000 !
b11110000 (
1.
b11110000 )
b111111 *
0X
1Y
1U
b10110101 #
b10110101 &
0"
#9490000
b11110001 !
b11110001 (
0.
b11110001 )
b111110 *
0/
1X
0Y
1,
0U
b10110110 #
b10110110 &
1"
#9500000
1/
b11110010 !
b11110010 (
1.
b11110010 )
b111111 *
0X
1Y
1U
b10110111 #
b10110111 &
0"
#9510000
04
00
b11110011 !
b11110011 (
0:
0.
b11110011 )
b111000 *
1/
05
06
0;
1X
0Y
0,
02
18
0U
b10111000 #
b10111000 &
1"
#9520000
15
14
0/
10
b11110100 !
b11110100 (
1.
b11110100 )
b111011 *
0X
1Y
1U
b10111001 #
b10111001 &
0"
#9530000
b11110101 !
b11110101 (
0.
b11110101 )
b111010 *
0/
1X
0Y
1,
0U
b10111010 #
b10111010 &
1"
#9540000
1/
b11110110 !
b11110110 (
1.
b11110110 )
b111011 *
0X
1Y
1U
b10111011 #
b10111011 &
0"
#9550000
04
0;
00
b11110111 !
b11110111 (
0:
0.
b11110111 )
b111000 *
1/
15
06
1X
0Y
0,
12
0U
b10111100 #
b10111100 &
1"
#9560000
1;
1:
05
16
14
0/
10
b11111000 !
b11111000 (
1.
b11111000 )
b111111 *
0X
1Y
1U
b10111101 #
b10111101 &
0"
#9570000
b11111001 !
b11111001 (
0.
b11111001 )
b111110 *
0/
1X
0Y
1,
0U
b10111110 #
b10111110 &
1"
#9580000
04
b11111011 !
b11111011 (
b111100 *
b11111011 )
1/
00
05
0-
13
0V
1U
b111100 $
b111100 '
b10111111 #
b10111111 &
0"
#9590000
0L
0H
0F
0B
0@
1S
0T
0<
0R
0:
b11111100 !
b11111100 (
b0 *
b11111100 )
0/
15
06
1;
1A
1G
1M
0N
0X
0,
02
08
0>
0D
1J
0U
b11000000 #
b11000000 &
1"
#9600000
b11111101 !
b11111101 (
b11111101 )
1X
1U
b11000001 #
b11000001 &
0"
#9610000
b11111110 !
b11111110 (
b11111110 )
1/
0X
1,
0U
b11000010 #
b11000010 &
1"
#9620000
b11111111 !
b11111111 (
b11111111 )
1X
1U
b11000011 #
b11000011 &
0"
#9630000
0S
1T
1R
0M
1N
1L
0G
1H
1F
0A
1B
1@
0;
1<
1:
b100000000 !
b100000000 (
b11111100 *
b0 )
0/
05
16
0X
0,
12
0U
b11000100 #
b11000100 &
1"
#9640000
b100000001 !
b100000001 (
b1 )
1X
1U
b11000101 #
b11000101 &
0"
#9650000
b100000010 !
b100000010 (
b10 )
1/
0X
1,
0U
b11000110 #
b11000110 &
1"
#9660000
b100000011 !
b100000011 (
b11 )
1X
1U
b11000111 #
b11000111 &
0"
#9670000
0:
b100000100 !
b100000100 (
b11111000 *
b100 )
0/
15
06
0;
0X
0,
02
18
0U
b11001000 #
b11001000 &
1"
#9680000
b100000101 !
b100000101 (
b101 )
1X
1U
b11001001 #
b11001001 &
0"
#9690000
b100000110 !
b100000110 (
b110 )
1/
0X
1,
0U
b11001010 #
b11001010 &
1"
#9700000
b100000111 !
b100000111 (
b111 )
1X
1U
b11001011 #
b11001011 &
0"
#9710000
1;
1:
b100001000 !
b100001000 (
b11111100 *
b1000 )
0/
05
16
0X
0,
12
0U
b11001100 #
b11001100 &
1"
#9720000
b100001001 !
b100001001 (
b1001 )
1X
1U
b11001101 #
b11001101 &
0"
#9730000
b100001010 !
b100001010 (
b1010 )
1/
0X
1,
0U
b11001110 #
b11001110 &
1"
#9740000
15
b100001100 !
b100001100 (
14
b1100 )
0/
10
1.
b11111111 *
1Y
1V
1U
b111101 $
b111101 '
b11001111 #
b11001111 &
0"
#9750000
0@
0<
0:
06
b100001101 !
b100001101 (
04
0.
b1101 )
b11110000 *
0/
00
15
1;
0A
1X
0Y
0,
02
08
1>
0U
b11010000 #
b11010000 &
1"
#9760000
1/
b100001110 !
b100001110 (
1.
b1110 )
b11110001 *
0X
1Y
1U
b11010001 #
b11010001 &
0"
#9770000
0A
0@
1;
0<
0:
15
06
b100001111 !
b100001111 (
04
0.
b1111 )
b11110000 *
1/
00
1X
0Y
1,
0U
b11010010 #
b11010010 &
1"
#9780000
1A
1@
0;
1<
1:
05
16
14
0/
10
b100010000 !
b100010000 (
1.
b10000 )
b11111111 *
0X
1Y
1U
b11010011 #
b11010011 &
0"
#9790000
b100010001 !
b100010001 (
04
0.
b10001 )
b11111100 *
0/
00
05
1X
0Y
0,
12
0U
b11010100 #
b11010100 &
1"
#9800000
1/
b100010010 !
b100010010 (
1.
b10010 )
b11111101 *
0X
1Y
1U
b11010101 #
b11010101 &
0"
#9810000
05
b100010011 !
b100010011 (
04
0.
b10011 )
b11111100 *
1/
00
1X
0Y
1,
0U
b11010110 #
b11010110 &
1"
#9820000
15
14
0/
10
b100010100 !
b100010100 (
1.
b10100 )
b11111111 *
0X
1Y
1U
b11010111 #
b11010111 &
0"
#9830000
0:
06
b100010101 !
b100010101 (
04
0.
b10101 )
b11111000 *
0/
00
15
0;
1X
0Y
0,
02
18
0U
b11011000 #
b11011000 &
1"
#9840000
1/
b100010110 !
b100010110 (
1.
b10110 )
b11111001 *
0X
1Y
1U
b11011001 #
b11011001 &
0"
#9850000
0;
0:
15
06
b100010111 !
b100010111 (
04
0.
b10111 )
b11111000 *
1/
00
1X
0Y
1,
0U
b11011010 #
b11011010 &
1"
#9860000
1;
1:
05
16
14
0/
10
b100011000 !
b100011000 (
1.
b11000 )
b11111111 *
0X
1Y
1U
b11011011 #
b11011011 &
0"
#9870000
b100011001 !
b100011001 (
04
0.
b11001 )
b11111100 *
0/
00
05
1X
0Y
0,
12
0U
b11011100 #
b11011100 &
1"
#9880000
1/
b100011010 !
b100011010 (
1.
b11010 )
b11111101 *
0X
1Y
1U
b11011101 #
b11011101 &
0"
#9890000
05
b100011011 !
b100011011 (
04
0.
b11011 )
b11111100 *
1/
00
1X
0Y
1,
0U
b11011110 #
b11011110 &
1"
#9900000
15
b100011101 !
b100011101 (
14
b11101 )
b11111110 *
0/
10
1-
0V
1U
b111110 $
b111110 '
b11011111 #
b11011111 &
0"
#9910000
0F
0B
0@
0<
0:
06
04
b100011110 !
b100011110 (
b11100000 *
b11110 )
1/
00
15
1;
1A
0G
0X
0,
02
08
0>
1D
0U
b11100000 #
b11100000 &
1"
#9920000
b100011111 !
b100011111 (
b11111 )
1X
1U
b11100001 #
b11100001 &
0"
#9930000
1G
1F
0A
1B
1@
0;
1<
1:
05
16
14
b100100000 !
b100100000 (
b11111110 *
b100000 )
0/
10
0X
1,
0U
b11100010 #
b11100010 &
1"
#9940000
b100100001 !
b100100001 (
b100001 )
1X
1U
b11100011 #
b11100011 &
0"
#9950000
04
b100100010 !
b100100010 (
b11111100 *
b100010 )
1/
00
05
0X
0,
12
0U
b11100100 #
b11100100 &
1"
#9960000
b100100011 !
b100100011 (
b100011 )
1X
1U
b11100101 #
b11100101 &
0"
#9970000
15
14
b100100100 !
b100100100 (
b11111110 *
b100100 )
0/
10
0X
1,
0U
b11100110 #
b11100110 &
1"
#9980000
b100100101 !
b100100101 (
b100101 )
1X
1U
b11100111 #
b11100111 &
0"
#9990000
0:
06
04
b100100110 !
b100100110 (
b11111000 *
b100110 )
1/
00
15
0;
0X
0,
02
18
0U
b11101000 #
b11101000 &
1"
#10000000
b100100111 !
b100100111 (
b100111 )
1X
1U
b11101001 #
b11101001 &
0"
#10010000
1;
1:
05
16
14
b100101000 !
b100101000 (
b11111110 *
b101000 )
0/
10
0X
1,
0U
b11101010 #
b11101010 &
1"
#10020000
b100101001 !
b100101001 (
b101001 )
1X
1U
b11101011 #
b11101011 &
0"
#10030000
04
b100101010 !
b100101010 (
b11111100 *
b101010 )
1/
00
05
0X
0,
12
0U
b11101100 #
b11101100 &
1"
#10040000
b100101011 !
b100101011 (
b101011 )
1X
1U
b11101101 #
b11101101 &
0"
#10050000
15
14
b100101100 !
b100101100 (
b11111110 *
b101100 )
0/
10
0X
1,
0U
b11101110 #
b11101110 &
1"
#10060000
b100101110 !
b100101110 (
b101110 )
1/
1.
b11111111 *
1Y
1V
1U
b111111 $
b111111 '
b11101111 #
b11101111 &
0"
#10070000
0@
0<
0:
06
04
00
b100101111 !
b100101111 (
0.
b101111 )
b11110000 *
1/
15
1;
0A
1X
0Y
0,
02
08
1>
0U
b11110000 #
b11110000 &
1"
#10080000
1A
1@
0;
1<
1:
05
16
14
0/
10
b100110000 !
b100110000 (
1.
b110000 )
b11111111 *
0X
1Y
1U
b11110001 #
b11110001 &
0"
#10090000
b100110001 !
b100110001 (
0.
b110001 )
b11111110 *
0/
1X
0Y
1,
0U
b11110010 #
b11110010 &
1"
#10100000
1/
b100110010 !
b100110010 (
1.
b110010 )
b11111111 *
0X
1Y
1U
b11110011 #
b11110011 &
0"
#10110000
04
00
b100110011 !
b100110011 (
0.
b110011 )
b11111100 *
1/
05
1X
0Y
0,
12
0U
b11110100 #
b11110100 &
1"
#10120000
15
14
0/
10
b100110100 !
b100110100 (
1.
b110100 )
b11111111 *
0X
1Y
1U
b11110101 #
b11110101 &
0"
#10130000
b100110101 !
b100110101 (
0.
b110101 )
b11111110 *
0/
1X
0Y
1,
0U
b11110110 #
b11110110 &
1"
#10140000
1/
b100110110 !
b100110110 (
1.
b110110 )
b11111111 *
0X
1Y
1U
b11110111 #
b11110111 &
0"
#10150000
0:
06
04
00
b100110111 !
b100110111 (
0.
b110111 )
b11111000 *
1/
15
0;
1X
0Y
0,
02
18
0U
b11111000 #
b11111000 &
1"
#10160000
1;
1:
05
16
14
0/
10
b100111000 !
b100111000 (
1.
b111000 )
b11111111 *
0X
1Y
1U
b11111001 #
b11111001 &
0"
#10170000
b100111001 !
b100111001 (
0.
b111001 )
b11111110 *
0/
1X
0Y
1,
0U
b11111010 #
b11111010 &
1"
#10180000
1/
b100111010 !
b100111010 (
1.
b111010 )
b11111111 *
0X
1Y
1U
b11111011 #
b11111011 &
0"
#10190000
04
00
b100111011 !
b100111011 (
0.
b111011 )
b11111100 *
1/
05
1X
0Y
0,
12
0U
b11111100 #
b11111100 &
1"
#10200000
15
14
0/
10
b100111100 !
b100111100 (
1.
b111100 )
b11111111 *
0X
1Y
1U
b11111101 #
b11111101 &
0"
#10210000
b100111101 !
b100111101 (
0.
b111101 )
b11111110 *
0/
1X
0Y
1,
0U
b11111110 #
b11111110 &
1"
#10220000
0L
0H
0F
0B
0@
0<
0:
06
04
b100111111 !
b100111111 (
b11000000 *
b111111 )
1/
00
15
1;
1A
1G
0M
0-
03
09
0?
0E
1K
0V
1U
b1000000 $
b1000000 '
b11111111 #
b11111111 &
0"
#10230000
0R
b1000000 !
b1000000 (
b0 *
b1000000 )
0/
05
0;
0A
0G
1M
0N
0S
0T
0X
0,
02
08
0>
0D
0J
0P
0U
b0 #
b0 &
1"
#10240000
b1000001 !
b1000001 (
b1000001 )
1X
1U
b1 #
b1 &
0"
#10250000
b1000010 !
b1000010 (
b1000010 )
1/
0X
1,
0U
b10 #
b10 &
1"
#10260000
b1000011 !
b1000011 (
b1000011 )
1X
1U
b11 #
b11 &
0"
#10270000
b1000100 !
b1000100 (
b1000100 )
0/
15
0X
0,
12
0U
b100 #
b100 &
1"
#10280000
b1000101 !
b1000101 (
b1000101 )
1X
1U
b101 #
b101 &
0"
#10290000
b1000110 !
b1000110 (
b1000110 )
1/
0X
1,
0U
b110 #
b110 &
1"
#10300000
b1000111 !
b1000111 (
b1000111 )
1X
1U
b111 #
b111 &
0"
#10310000
b1001000 !
b1001000 (
b1001000 )
0/
05
1;
0X
0,
02
18
0U
b1000 #
b1000 &
1"
#10320000
b1001001 !
b1001001 (
b1001001 )
1X
1U
b1001 #
b1001 &
0"
#10330000
b1001010 !
b1001010 (
b1001010 )
1/
0X
1,
0U
b1010 #
b1010 &
1"
#10340000
b1001011 !
b1001011 (
b1001011 )
1X
1U
b1011 #
b1011 &
0"
#10350000
b1001100 !
b1001100 (
b1001100 )
0/
15
0X
0,
12
0U
b1100 #
b1100 &
1"
#10360000
b1001101 !
b1001101 (
b1001101 )
1X
1U
b1101 #
b1101 &
0"
#10370000
b1001110 !
b1001110 (
b1001110 )
1/
0X
1,
0U
b1110 #
b1110 &
1"
#10380000
1A
1@
0;
1<
1:
05
16
b1010000 !
b1010000 (
14
b1010000 )
0/
10
1.
b1111 *
1Y
1V
1U
b1000001 $
b1000001 '
b1111 #
b1111 &
0"
#10390000
0G
b1010001 !
b1010001 (
0F
0@
0:
04
0.
b1010001 )
b0 *
0/
00
05
06
0;
0<
1A
0B
1X
0Y
0,
02
08
1>
0U
b10000 #
b10000 &
1"
#10400000
1/
b1010010 !
b1010010 (
1.
b1010010 )
b1 *
0X
1Y
1U
b10001 #
b10001 &
0"
#10410000
05
b1010011 !
b1010011 (
04
0.
b1010011 )
b0 *
1/
00
1X
0Y
1,
0U
b10010 #
b10010 &
1"
#10420000
15
14
0/
10
b1010100 !
b1010100 (
1.
b1010100 )
b11 *
0X
1Y
1U
b10011 #
b10011 &
0"
#10430000
0;
b1010101 !
b1010101 (
0:
04
0.
b1010101 )
b0 *
0/
00
15
06
1X
0Y
0,
12
0U
b10100 #
b10100 &
1"
#10440000
1/
b1010110 !
b1010110 (
1.
b1010110 )
b1 *
0X
1Y
1U
b10101 #
b10101 &
0"
#10450000
0;
0:
15
06
b1010111 !
b1010111 (
04
0.
b1010111 )
b0 *
1/
00
1X
0Y
1,
0U
b10110 #
b10110 &
1"
#10460000
1;
1:
05
16
14
0/
10
b1011000 !
b1011000 (
1.
b1011000 )
b111 *
0X
1Y
1U
b10111 #
b10111 &
0"
#10470000
0G
0F
1A
0B
b1011001 !
b1011001 (
0@
0:
04
0.
b1011001 )
b0 *
0/
00
05
06
1;
0<
1X
0Y
0,
02
18
0U
b11000 #
b11000 &
1"
#10480000
1/
b1011010 !
b1011010 (
1.
b1011010 )
b1 *
0X
1Y
1U
b11001 #
b11001 &
0"
#10490000
05
b1011011 !
b1011011 (
04
0.
b1011011 )
b0 *
1/
00
1X
0Y
1,
0U
b11010 #
b11010 &
1"
#10500000
15
14
0/
10
b1011100 !
b1011100 (
1.
b1011100 )
b11 *
0X
1Y
1U
b11011 #
b11011 &
0"
#10510000
0G
0F
1A
0B
0@
1;
0<
b1011101 !
b1011101 (
0:
04
0.
b1011101 )
b0 *
0/
00
15
06
1X
0Y
0,
12
0U
b11100 #
b11100 &
1"
#10520000
1/
b1011110 !
b1011110 (
1.
b1011110 )
b1 *
0X
1Y
1U
b11101 #
b11101 &
0"
#10530000
0G
0F
1A
0B
0@
1;
0<
0:
15
06
b1011111 !
b1011111 (
04
0.
b1011111 )
b0 *
1/
00
1X
0Y
1,
0U
b11110 #
b11110 &
1"
#10540000
1G
1F
0A
1B
1@
0;
1<
1:
05
16
b1100001 !
b1100001 (
14
b1100001 )
b11110 *
0/
10
1-
0V
1U
b1000010 $
b1000010 '
b11111 #
b11111 &
0"
#10550000
0S
0R
1M
0N
0L
0F
0@
0:
04
b1100010 !
b1100010 (
b0 *
b1100010 )
1/
00
05
06
0;
0<
0A
0B
1G
0H
0X
0,
02
08
0>
1D
0U
b100000 #
b100000 &
1"
#10560000
b1100011 !
b1100011 (
b1100011 )
1X
1U
b100001 #
b100001 &
0"
#10570000
15
14
b1100100 !
b1100100 (
b10 *
b1100100 )
0/
10
0X
1,
0U
b100010 #
b100010 &
1"
#10580000
b1100101 !
b1100101 (
b1100101 )
1X
1U
b100011 #
b100011 &
0"
#10590000
0;
0:
04
b1100110 !
b1100110 (
b0 *
b1100110 )
1/
00
15
06
0X
0,
12
0U
b100100 #
b100100 &
1"
#10600000
b1100111 !
b1100111 (
b1100111 )
1X
1U
b100101 #
b100101 &
0"
#10610000
1;
1:
05
16
14
b1101000 !
b1101000 (
b110 *
b1101000 )
0/
10
0X
1,
0U
b100110 #
b100110 &
1"
#10620000
b1101001 !
b1101001 (
b1101001 )
1X
1U
b100111 #
b100111 &
0"
#10630000
0A
0@
0:
04
b1101010 !
b1101010 (
b0 *
b1101010 )
1/
00
05
06
1;
0<
0X
0,
02
18
0U
b101000 #
b101000 &
1"
#10640000
b1101011 !
b1101011 (
b1101011 )
1X
1U
b101001 #
b101001 &
0"
#10650000
15
14
b1101100 !
b1101100 (
b10 *
b1101100 )
0/
10
0X
1,
0U
b101010 #
b101010 &
1"
#10660000
b1101101 !
b1101101 (
b1101101 )
1X
1U
b101011 #
b101011 &
0"
#10670000
0A
0@
1;
0<
0:
04
b1101110 !
b1101110 (
b0 *
b1101110 )
1/
00
15
06
0X
0,
12
0U
b101100 #
b101100 &
1"
#10680000
b1101111 !
b1101111 (
b1101111 )
1X
1U
b101101 #
b101101 &
0"
#10690000
1A
1@
0;
1<
1:
05
16
14
b1110000 !
b1110000 (
b1110 *
b1110000 )
0/
10
0X
1,
0U
b101110 #
b101110 &
1"
#10700000
b1110010 !
b1110010 (
b1110010 )
1/
1.
b1111 *
1Y
1V
1U
b1000011 $
b1000011 '
b101111 #
b101111 &
0"
#10710000
0S
0R
1M
0N
0L
04
1G
0H
00
b1110011 !
b1110011 (
0F
0@
0:
0.
b1110011 )
b0 *
1/
05
06
0;
0<
1A
0B
1X
0Y
0,
02
08
1>
0U
b110000 #
b110000 &
1"
#10720000
15
14
0/
10
b1110100 !
b1110100 (
1.
b1110100 )
b11 *
0X
1Y
1U
b110001 #
b110001 &
0"
#10730000
b1110101 !
b1110101 (
0.
b1110101 )
b10 *
0/
1X
0Y
1,
0U
b110010 #
b110010 &
1"
#10740000
1/
b1110110 !
b1110110 (
1.
b1110110 )
b11 *
0X
1Y
1U
b110011 #
b110011 &
0"
#10750000
04
0;
00
b1110111 !
b1110111 (
0:
0.
b1110111 )
b0 *
1/
15
06
1X
0Y
0,
12
0U
b110100 #
b110100 &
1"
#10760000
1;
1:
05
16
14
0/
10
b1111000 !
b1111000 (
1.
b1111000 )
b111 *
0X
1Y
1U
b110101 #
b110101 &
0"
#10770000
b1111001 !
b1111001 (
0.
b1111001 )
b110 *
0/
1X
0Y
1,
0U
b110110 #
b110110 &
1"
#10780000
1/
b1111010 !
b1111010 (
1.
b1111010 )
b111 *
0X
1Y
1U
b110111 #
b110111 &
0"
#10790000
0S
0R
1M
0N
0L
1G
0H
0F
04
1A
0B
00
b1111011 !
b1111011 (
0@
0:
0.
b1111011 )
b0 *
1/
05
06
1;
0<
1X
0Y
0,
02
18
0U
b111000 #
b111000 &
1"
#10800000
15
14
0/
10
b1111100 !
b1111100 (
1.
b1111100 )
b11 *
0X
1Y
1U
b111001 #
b111001 &
0"
#10810000
b1111101 !
b1111101 (
0.
b1111101 )
b10 *
0/
1X
0Y
1,
0U
b111010 #
b111010 &
1"
#10820000
1/
b1111110 !
b1111110 (
1.
b1111110 )
b11 *
0X
1Y
1U
b111011 #
b111011 &
0"
#10830000
0S
0R
1M
0N
0L
1G
0H
0F
1A
0B
0@
04
1;
0<
00
b1111111 !
b1111111 (
0:
0.
b1111111 )
b0 *
1/
15
06
1X
0Y
0,
12
0U
b111100 #
b111100 &
1"
#10840000
1S
1R
0M
1N
1L
0G
1H
1F
0A
1B
1@
0;
1<
1:
05
16
14
0/
10
b10000000 !
b10000000 (
1.
b10000000 )
b1111111 *
0X
1Y
1U
b111101 #
b111101 &
0"
#10850000
b10000001 !
b10000001 (
0.
b10000001 )
b1111110 *
0/
1X
0Y
1,
0U
b111110 #
b111110 &
1"
#10860000
04
b10000011 !
b10000011 (
b1111100 *
b10000011 )
1/
00
05
0-
13
0V
1U
b1000100 $
b1000100 '
b111111 #
b111111 &
0"
#10870000
0L
0F
0@
0:
b10000100 !
b10000100 (
b1000000 *
b10000100 )
0/
15
06
0;
0<
0A
0B
0G
0H
0M
0X
0,
02
08
0>
0D
1J
0U
b1000000 #
b1000000 &
1"
#10880000
b10000101 !
b10000101 (
b10000101 )
1X
1U
b1000001 #
b1000001 &
0"
#10890000
b10000110 !
b10000110 (
b10000110 )
1/
0X
1,
0U
b1000010 #
b1000010 &
1"
#10900000
b10000111 !
b10000111 (
b10000111 )
1X
1U
b1000011 #
b1000011 &
0"
#10910000
1;
1:
b10001000 !
b10001000 (
b1000100 *
b10001000 )
0/
05
16
0X
0,
12
0U
b1000100 #
b1000100 &
1"
#10920000
b10001001 !
b10001001 (
b10001001 )
1X
1U
b1000101 #
b1000101 &
0"
#10930000
b10001010 !
b10001010 (
b10001010 )
1/
0X
1,
0U
b1000110 #
b1000110 &
1"
#10940000
b10001011 !
b10001011 (
b10001011 )
1X
1U
b1000111 #
b1000111 &
0"
#10950000
0A
0@
0:
b10001100 !
b10001100 (
b1000000 *
b10001100 )
0/
15
06
1;
0<
0X
0,
02
18
0U
b1001000 #
b1001000 &
1"
#10960000
b10001101 !
b10001101 (
b10001101 )
1X
1U
b1001001 #
b1001001 &
0"
#10970000
b10001110 !
b10001110 (
b10001110 )
1/
0X
1,
0U
b1001010 #
b1001010 &
1"
#10980000
b10001111 !
b10001111 (
b10001111 )
1X
1U
b1001011 #
b1001011 &
0"
#10990000
1A
1@
0;
1<
1:
b10010000 !
b10010000 (
b1001100 *
b10010000 )
0/
05
16
0X
0,
12
0U
b1001100 #
b1001100 &
1"
#11000000
b10010001 !
b10010001 (
b10010001 )
1X
1U
b1001101 #
b1001101 &
0"
#11010000
b10010010 !
b10010010 (
b10010010 )
1/
0X
1,
0U
b1001110 #
b1001110 &
1"
#11020000
15
b10010100 !
b10010100 (
14
b10010100 )
0/
10
1.
b1001111 *
1Y
1V
1U
b1000101 $
b1000101 '
b1001111 #
b1001111 &
0"
#11030000
0:
0G
06
b10010101 !
b10010101 (
0F
0@
04
0.
b10010101 )
b1000000 *
0/
00
15
0;
0<
1A
0B
1X
0Y
0,
02
08
1>
0U
b1010000 #
b1010000 &
1"
#11040000
1/
b10010110 !
b10010110 (
1.
b10010110 )
b1000001 *
0X
1Y
1U
b1010001 #
b1010001 &
0"
#11050000
0;
0:
15
06
b10010111 !
b10010111 (
04
0.
b10010111 )
b1000000 *
1/
00
1X
0Y
1,
0U
b1010010 #
b1010010 &
1"
#11060000
1;
1:
05
16
14
0/
10
b10011000 !
b10011000 (
1.
b10011000 )
b1000111 *
0X
1Y
1U
b1010011 #
b1010011 &
0"
#11070000
b10011001 !
b10011001 (
04
0.
b10011001 )
b1000100 *
0/
00
05
1X
0Y
0,
12
0U
b1010100 #
b1010100 &
1"
#11080000
1/
b10011010 !
b10011010 (
1.
b10011010 )
b1000101 *
0X
1Y
1U
b1010101 #
b1010101 &
0"
#11090000
05
b10011011 !
b10011011 (
04
0.
b10011011 )
b1000100 *
1/
00
1X
0Y
1,
0U
b1010110 #
b1010110 &
1"
#11100000
15
14
0/
10
b10011100 !
b10011100 (
1.
b10011100 )
b1000111 *
0X
1Y
1U
b1010111 #
b1010111 &
0"
#11110000
0G
0F
0:
1A
0B
06
b10011101 !
b10011101 (
0@
04
0.
b10011101 )
b1000000 *
0/
00
15
1;
0<
1X
0Y
0,
02
18
0U
b1011000 #
b1011000 &
1"
#11120000
1/
b10011110 !
b10011110 (
1.
b10011110 )
b1000001 *
0X
1Y
1U
b1011001 #
b1011001 &
0"
#11130000
0G
0F
1A
0B
0@
1;
0<
0:
15
06
b10011111 !
b10011111 (
04
0.
b10011111 )
b1000000 *
1/
00
1X
0Y
1,
0U
b1011010 #
b1011010 &
1"
#11140000
1G
1F
0A
1B
1@
0;
1<
1:
05
16
14
0/
10
b10100000 !
b10100000 (
1.
b10100000 )
b1011111 *
0X
1Y
1U
b1011011 #
b1011011 &
0"
#11150000
b10100001 !
b10100001 (
04
0.
b10100001 )
b1011100 *
0/
00
05
1X
0Y
0,
12
0U
b1011100 #
b1011100 &
1"
#11160000
1/
b10100010 !
b10100010 (
1.
b10100010 )
b1011101 *
0X
1Y
1U
b1011101 #
b1011101 &
0"
#11170000
05
b10100011 !
b10100011 (
04
0.
b10100011 )
b1011100 *
1/
00
1X
0Y
1,
0U
b1011110 #
b1011110 &
1"
#11180000
15
b10100101 !
b10100101 (
14
b10100101 )
b1011110 *
0/
10
1-
0V
1U
b1000110 $
b1000110 '
b1011111 #
b1011111 &
0"
#11190000
0:
0M
06
0L
0F
0@
04
b10100110 !
b10100110 (
b1000000 *
b10100110 )
1/
00
15
0;
0<
0A
0B
1G
0H
0X
0,
02
08
0>
1D
0U
b1100000 #
b1100000 &
1"
#11200000
b10100111 !
b10100111 (
b10100111 )
1X
1U
b1100001 #
b1100001 &
0"
#11210000
1;
1:
05
16
14
b10101000 !
b10101000 (
b1000110 *
b10101000 )
0/
10
0X
1,
0U
b1100010 #
b1100010 &
1"
#11220000
b10101001 !
b10101001 (
b10101001 )
1X
1U
b1100011 #
b1100011 &
0"
#11230000
04
b10101010 !
b10101010 (
b1000100 *
b10101010 )
1/
00
05
0X
0,
12
0U
b1100100 #
b1100100 &
1"
#11240000
b10101011 !
b10101011 (
b10101011 )
1X
1U
b1100101 #
b1100101 &
0"
#11250000
15
14
b10101100 !
b10101100 (
b1000110 *
b10101100 )
0/
10
0X
1,
0U
b1100110 #
b1100110 &
1"
#11260000
b10101101 !
b10101101 (
b10101101 )
1X
1U
b1100111 #
b1100111 &
0"
#11270000
0:
0A
06
0@
04
b10101110 !
b10101110 (
b1000000 *
b10101110 )
1/
00
15
1;
0<
0X
0,
02
18
0U
b1101000 #
b1101000 &
1"
#11280000
b10101111 !
b10101111 (
b10101111 )
1X
1U
b1101001 #
b1101001 &
0"
#11290000
1A
1@
0;
1<
1:
05
16
14
b10110000 !
b10110000 (
b1001110 *
b10110000 )
0/
10
0X
1,
0U
b1101010 #
b1101010 &
1"
#11300000
b10110001 !
b10110001 (
b10110001 )
1X
1U
b1101011 #
b1101011 &
0"
#11310000
04
b10110010 !
b10110010 (
b1001100 *
b10110010 )
1/
00
05
0X
0,
12
0U
b1101100 #
b1101100 &
1"
#11320000
b10110011 !
b10110011 (
b10110011 )
1X
1U
b1101101 #
b1101101 &
0"
#11330000
15
14
b10110100 !
b10110100 (
b1001110 *
b10110100 )
0/
10
0X
1,
0U
b1101110 #
b1101110 &
1"
#11340000
b10110110 !
b10110110 (
b10110110 )
1/
1.
b1001111 *
1Y
1V
1U
b1000111 $
b1000111 '
b1101111 #
b1101111 &
0"
#11350000
0:
0M
06
0L
04
1G
0H
00
b10110111 !
b10110111 (
0F
0@
0.
b10110111 )
b1000000 *
1/
15
0;
0<
1A
0B
1X
0Y
0,
02
08
1>
0U
b1110000 #
b1110000 &
1"
#11360000
1;
1:
05
16
14
0/
10
b10111000 !
b10111000 (
1.
b10111000 )
b1000111 *
0X
1Y
1U
b1110001 #
b1110001 &
0"
#11370000
b10111001 !
b10111001 (
0.
b10111001 )
b1000110 *
0/
1X
0Y
1,
0U
b1110010 #
b1110010 &
1"
#11380000
1/
b10111010 !
b10111010 (
1.
b10111010 )
b1000111 *
0X
1Y
1U
b1110011 #
b1110011 &
0"
#11390000
04
00
b10111011 !
b10111011 (
0.
b10111011 )
b1000100 *
1/
05
1X
0Y
0,
12
0U
b1110100 #
b1110100 &
1"
#11400000
15
14
0/
10
b10111100 !
b10111100 (
1.
b10111100 )
b1000111 *
0X
1Y
1U
b1110101 #
b1110101 &
0"
#11410000
b10111101 !
b10111101 (
0.
b10111101 )
b1000110 *
0/
1X
0Y
1,
0U
b1110110 #
b1110110 &
1"
#11420000
1/
b10111110 !
b10111110 (
1.
b10111110 )
b1000111 *
0X
1Y
1U
b1110111 #
b1110111 &
0"
#11430000
0M
0L
0:
1G
0H
06
0F
04
1A
0B
00
b10111111 !
b10111111 (
0@
0.
b10111111 )
b1000000 *
1/
15
1;
0<
1X
0Y
0,
02
18
0U
b1111000 #
b1111000 &
1"
#11440000
1M
1L
0G
1H
1F
0A
1B
1@
0;
1<
1:
05
16
14
0/
10
b11000000 !
b11000000 (
1.
b11000000 )
b1111111 *
0X
1Y
1U
b1111001 #
b1111001 &
0"
#11450000
b11000001 !
b11000001 (
0.
b11000001 )
b1111110 *
0/
1X
0Y
1,
0U
b1111010 #
b1111010 &
1"
#11460000
1/
b11000010 !
b11000010 (
1.
b11000010 )
b1111111 *
0X
1Y
1U
b1111011 #
b1111011 &
0"
#11470000
04
00
b11000011 !
b11000011 (
0.
b11000011 )
b1111100 *
1/
05
1X
0Y
0,
12
0U
b1111100 #
b1111100 &
1"
#11480000
15
14
0/
10
b11000100 !
b11000100 (
1.
b11000100 )
b1111111 *
0X
1Y
1U
b1111101 #
b1111101 &
0"
#11490000
b11000101 !
b11000101 (
0.
b11000101 )
b1111110 *
0/
1X
0Y
1,
0U
b1111110 #
b1111110 &
1"
#11500000
0:
06
04
b11000111 !
b11000111 (
b1111000 *
b11000111 )
1/
00
15
0;
0-
03
19
0V
1U
b1001000 $
b1001000 '
b1111111 #
b1111111 &
0"
#11510000
0R
0N
0L
0F
0@
b11001000 !
b11001000 (
b0 *
b11001000 )
0/
05
1;
0<
0A
0B
0G
0H
1M
1S
0T
0X
0,
02
08
0>
0D
0J
1P
0U
b10000000 #
b10000000 &
1"
#11520000
b11001001 !
b11001001 (
b11001001 )
1X
1U
b10000001 #
b10000001 &
0"
#11530000
b11001010 !
b11001010 (
b11001010 )
1/
0X
1,
0U
b10000010 #
b10000010 &
1"
#11540000
b11001011 !
b11001011 (
b11001011 )
1X
1U
b10000011 #
b10000011 &
0"
#11550000
b11001100 !
b11001100 (
b11001100 )
0/
15
0X
0,
12
0U
b10000100 #
b10000100 &
1"
#11560000
b11001101 !
b11001101 (
b11001101 )
1X
1U
b10000101 #
b10000101 &
0"
#11570000
b11001110 !
b11001110 (
b11001110 )
1/
0X
1,
0U
b10000110 #
b10000110 &
1"
#11580000
b11001111 !
b11001111 (
b11001111 )
1X
1U
b10000111 #
b10000111 &
0"
#11590000
1A
1@
b11010000 !
b11010000 (
b1000 *
b11010000 )
0/
05
0;
1<
0X
0,
02
18
0U
b10001000 #
b10001000 &
1"
#11600000
b11010001 !
b11010001 (
b11010001 )
1X
1U
b10001001 #
b10001001 &
0"
#11610000
b11010010 !
b11010010 (
b11010010 )
1/
0X
1,
0U
b10001010 #
b10001010 &
1"
#11620000
b11010011 !
b11010011 (
b11010011 )
1X
1U
b10001011 #
b10001011 &
0"
#11630000
b11010100 !
b11010100 (
b11010100 )
0/
15
0X
0,
12
0U
b10001100 #
b10001100 &
1"
#11640000
b11010101 !
b11010101 (
b11010101 )
1X
1U
b10001101 #
b10001101 &
0"
#11650000
b11010110 !
b11010110 (
b11010110 )
1/
0X
1,
0U
b10001110 #
b10001110 &
1"
#11660000
1;
1:
05
16
b11011000 !
b11011000 (
14
b11011000 )
0/
10
1.
b1111 *
1Y
1V
1U
b1001001 $
b1001001 '
b10001111 #
b10001111 &
0"
#11670000
0@
0G
0<
b11011001 !
b11011001 (
0F
0:
04
0.
b11011001 )
b0 *
0/
00
05
06
1;
1A
0B
1X
0Y
0,
02
08
1>
0U
b10010000 #
b10010000 &
1"
#11680000
1/
b11011010 !
b11011010 (
1.
b11011010 )
b1 *
0X
1Y
1U
b10010001 #
b10010001 &
0"
#11690000
05
b11011011 !
b11011011 (
04
0.
b11011011 )
b0 *
1/
00
1X
0Y
1,
0U
b10010010 #
b10010010 &
1"
#11700000
15
14
0/
10
b11011100 !
b11011100 (
1.
b11011100 )
b11 *
0X
1Y
1U
b10010011 #
b10010011 &
0"
#11710000
0G
0F
1A
0B
0@
1;
0<
b11011101 !
b11011101 (
0:
04
0.
b11011101 )
b0 *
0/
00
15
06
1X
0Y
0,
12
0U
b10010100 #
b10010100 &
1"
#11720000
1/
b11011110 !
b11011110 (
1.
b11011110 )
b1 *
0X
1Y
1U
b10010101 #
b10010101 &
0"
#11730000
0G
0F
1A
0B
0@
1;
0<
0:
15
06
b11011111 !
b11011111 (
04
0.
b11011111 )
b0 *
1/
00
1X
0Y
1,
0U
b10010110 #
b10010110 &
1"
#11740000
1G
1F
0A
1B
1@
0;
1<
1:
05
16
14
0/
10
b11100000 !
b11100000 (
1.
b11100000 )
b11111 *
0X
1Y
1U
b10010111 #
b10010111 &
0"
#11750000
b11100001 !
b11100001 (
0:
04
0.
b11100001 )
b11000 *
0/
00
05
06
0;
1X
0Y
0,
02
18
0U
b10011000 #
b10011000 &
1"
#11760000
1/
b11100010 !
b11100010 (
1.
b11100010 )
b11001 *
0X
1Y
1U
b10011001 #
b10011001 &
0"
#11770000
05
b11100011 !
b11100011 (
04
0.
b11100011 )
b11000 *
1/
00
1X
0Y
1,
0U
b10011010 #
b10011010 &
1"
#11780000
15
14
0/
10
b11100100 !
b11100100 (
1.
b11100100 )
b11011 *
0X
1Y
1U
b10011011 #
b10011011 &
0"
#11790000
0;
b11100101 !
b11100101 (
0:
04
0.
b11100101 )
b11000 *
0/
00
15
06
1X
0Y
0,
12
0U
b10011100 #
b10011100 &
1"
#11800000
1/
b11100110 !
b11100110 (
1.
b11100110 )
b11001 *
0X
1Y
1U
b10011101 #
b10011101 &
0"
#11810000
0;
0:
15
06
b11100111 !
b11100111 (
04
0.
b11100111 )
b11000 *
1/
00
1X
0Y
1,
0U
b10011110 #
b10011110 &
1"
#11820000
1;
1:
05
16
b11101001 !
b11101001 (
14
b11101001 )
b11110 *
0/
10
1-
0V
1U
b1001010 $
b1001010 '
b10011111 #
b10011111 &
0"
#11830000
1S
0T
0R
0@
1M
0N
0<
0L
0F
0:
04
b11101010 !
b11101010 (
b0 *
b11101010 )
1/
00
05
06
1;
0A
0B
1G
0H
0X
0,
02
08
0>
1D
0U
b10100000 #
b10100000 &
1"
#11840000
b11101011 !
b11101011 (
b11101011 )
1X
1U
b10100001 #
b10100001 &
0"
#11850000
15
14
b11101100 !
b11101100 (
b10 *
b11101100 )
0/
10
0X
1,
0U
b10100010 #
b10100010 &
1"
#11860000
b11101101 !
b11101101 (
b11101101 )
1X
1U
b10100011 #
b10100011 &
0"
#11870000
0A
0@
1;
0<
0:
04
b11101110 !
b11101110 (
b0 *
b11101110 )
1/
00
15
06
0X
0,
12
0U
b10100100 #
b10100100 &
1"
#11880000
b11101111 !
b11101111 (
b11101111 )
1X
1U
b10100101 #
b10100101 &
0"
#11890000
1A
1@
0;
1<
1:
05
16
14
b11110000 !
b11110000 (
b1110 *
b11110000 )
0/
10
0X
1,
0U
b10100110 #
b10100110 &
1"
#11900000
b11110001 !
b11110001 (
b11110001 )
1X
1U
b10100111 #
b10100111 &
0"
#11910000
0:
04
b11110010 !
b11110010 (
b1000 *
b11110010 )
1/
00
05
06
0;
0X
0,
02
18
0U
b10101000 #
b10101000 &
1"
#11920000
b11110011 !
b11110011 (
b11110011 )
1X
1U
b10101001 #
b10101001 &
0"
#11930000
15
14
b11110100 !
b11110100 (
b1010 *
b11110100 )
0/
10
0X
1,
0U
b10101010 #
b10101010 &
1"
#11940000
b11110101 !
b11110101 (
b11110101 )
1X
1U
b10101011 #
b10101011 &
0"
#11950000
0;
0:
04
b11110110 !
b11110110 (
b1000 *
b11110110 )
1/
00
15
06
0X
0,
12
0U
b10101100 #
b10101100 &
1"
#11960000
b11110111 !
b11110111 (
b11110111 )
1X
1U
b10101101 #
b10101101 &
0"
#11970000
1;
1:
05
16
14
b11111000 !
b11111000 (
b1110 *
b11111000 )
0/
10
0X
1,
0U
b10101110 #
b10101110 &
1"
#11980000
b11111010 !
b11111010 (
b11111010 )
1/
1.
b1111 *
1Y
1V
1U
b1001011 $
b1001011 '
b10101111 #
b10101111 &
0"
#11990000
1S
0T
0R
1M
0N
0L
0@
04
1G
0H
0<
00
b11111011 !
b11111011 (
0F
0:
0.
b11111011 )
b0 *
1/
05
06
1;
1A
0B
1X
0Y
0,
02
08
1>
0U
b10110000 #
b10110000 &
1"
#12000000
15
14
0/
10
b11111100 !
b11111100 (
1.
b11111100 )
b11 *
0X
1Y
1U
b10110001 #
b10110001 &
0"
#12010000
b11111101 !
b11111101 (
0.
b11111101 )
b10 *
0/
1X
0Y
1,
0U
b10110010 #
b10110010 &
1"
#12020000
1/
b11111110 !
b11111110 (
1.
b11111110 )
b11 *
0X
1Y
1U
b10110011 #
b10110011 &
0"
#12030000
1S
0T
0R
1M
0N
0L
1G
0H
0F
1A
0B
0@
04
1;
0<
00
b11111111 !
b11111111 (
0:
0.
b11111111 )
b0 *
1/
15
06
1X
0Y
0,
12
0U
b10110100 #
b10110100 &
1"
#12040000
0S
1T
1R
0M
1N
1L
0G
1H
1F
0A
1B
1@
0;
1<
1:
05
16
14
0/
10
b100000000 !
b100000000 (
1.
b0 )
b11111111 *
0X
1Y
1U
b10110101 #
b10110101 &
0"
#12050000
b100000001 !
b100000001 (
0.
b1 )
b11111110 *
0/
1X
0Y
1,
0U
b10110110 #
b10110110 &
1"
#12060000
1/
b100000010 !
b100000010 (
1.
b10 )
b11111111 *
0X
1Y
1U
b10110111 #
b10110111 &
0"
#12070000
04
00
b100000011 !
b100000011 (
0:
0.
b11 )
b11111000 *
1/
05
06
0;
1X
0Y
0,
02
18
0U
b10111000 #
b10111000 &
1"
#12080000
15
14
0/
10
b100000100 !
b100000100 (
1.
b100 )
b11111011 *
0X
1Y
1U
b10111001 #
b10111001 &
0"
#12090000
b100000101 !
b100000101 (
0.
b101 )
b11111010 *
0/
1X
0Y
1,
0U
b10111010 #
b10111010 &
1"
#12100000
1/
b100000110 !
b100000110 (
1.
b110 )
b11111011 *
0X
1Y
1U
b10111011 #
b10111011 &
0"
#12110000
04
0;
00
b100000111 !
b100000111 (
0:
0.
b111 )
b11111000 *
1/
15
06
1X
0Y
0,
12
0U
b10111100 #
b10111100 &
1"
#12120000
1;
1:
05
16
14
0/
10
b100001000 !
b100001000 (
1.
b1000 )
b11111111 *
0X
1Y
1U
b10111101 #
b10111101 &
0"
#12130000
b100001001 !
b100001001 (
0.
b1001 )
b11111110 *
0/
1X
0Y
1,
0U
b10111110 #
b10111110 &
1"
#12140000
04
b100001011 !
b100001011 (
b11111100 *
b1011 )
1/
00
05
0-
13
0V
1U
b1001100 $
b1001100 '
b10111111 #
b10111111 &
0"
#12150000
0@
0<
0L
0F
0:
b100001100 !
b100001100 (
b11000000 *
b1100 )
0/
15
06
1;
0A
0B
0G
0H
0M
0X
0,
02
08
0>
0D
1J
0U
b11000000 #
b11000000 &
1"
#12160000
b100001101 !
b100001101 (
b1101 )
1X
1U
b11000001 #
b11000001 &
0"
#12170000
b100001110 !
b100001110 (
b1110 )
1/
0X
1,
0U
b11000010 #
b11000010 &
1"
#12180000
b100001111 !
b100001111 (
b1111 )
1X
1U
b11000011 #
b11000011 &
0"
#12190000
1A
1@
0;
1<
1:
b100010000 !
b100010000 (
b11001100 *
b10000 )
0/
05
16
0X
0,
12
0U
b11000100 #
b11000100 &
1"
#12200000
b100010001 !
b100010001 (
b10001 )
1X
1U
b11000101 #
b11000101 &
0"
#12210000
b100010010 !
b100010010 (
b10010 )
1/
0X
1,
0U
b11000110 #
b11000110 &
1"
#12220000
b100010011 !
b100010011 (
b10011 )
1X
1U
b11000111 #
b11000111 &
0"
#12230000
0:
b100010100 !
b100010100 (
b11001000 *
b10100 )
0/
15
06
0;
0X
0,
02
18
0U
b11001000 #
b11001000 &
1"
#12240000
b100010101 !
b100010101 (
b10101 )
1X
1U
b11001001 #
b11001001 &
0"
#12250000
b100010110 !
b100010110 (
b10110 )
1/
0X
1,
0U
b11001010 #
b11001010 &
1"
#12260000
b100010111 !
b100010111 (
b10111 )
1X
1U
b11001011 #
b11001011 &
0"
#12270000
1;
1:
b100011000 !
b100011000 (
b11001100 *
b11000 )
0/
05
16
0X
0,
12
0U
b11001100 #
b11001100 &
1"
#12280000
b100011001 !
b100011001 (
b11001 )
1X
1U
b11001101 #
b11001101 &
0"
#12290000
b100011010 !
b100011010 (
b11010 )
1/
0X
1,
0U
b11001110 #
b11001110 &
1"
#12300000
15
b100011100 !
b100011100 (
14
b11100 )
0/
10
1.
b11001111 *
1Y
1V
1U
b1001101 $
b1001101 '
b11001111 #
b11001111 &
0"
#12310000
0@
0<
0:
0G
06
b100011101 !
b100011101 (
0F
04
0.
b11101 )
b11000000 *
0/
00
15
1;
1A
0B
1X
0Y
0,
02
08
1>
0U
b11010000 #
b11010000 &
1"
#12320000
1/
b100011110 !
b100011110 (
1.
b11110 )
b11000001 *
0X
1Y
1U
b11010001 #
b11010001 &
0"
#12330000
0G
0F
1A
0B
0@
1;
0<
0:
15
06
b100011111 !
b100011111 (
04
0.
b11111 )
b11000000 *
1/
00
1X
0Y
1,
0U
b11010010 #
b11010010 &
1"
#12340000
1G
1F
0A
1B
1@
0;
1<
1:
05
16
14
0/
10
b100100000 !
b100100000 (
1.
b100000 )
b11011111 *
0X
1Y
1U
b11010011 #
b11010011 &
0"
#12350000
b100100001 !
b100100001 (
04
0.
b100001 )
b11011100 *
0/
00
05
1X
0Y
0,
12
0U
b11010100 #
b11010100 &
1"
#12360000
1/
b100100010 !
b100100010 (
1.
b100010 )
b11011101 *
0X
1Y
1U
b11010101 #
b11010101 &
0"
#12370000
05
b100100011 !
b100100011 (
04
0.
b100011 )
b11011100 *
1/
00
1X
0Y
1,
0U
b11010110 #
b11010110 &
1"
#12380000
15
14
0/
10
b100100100 !
b100100100 (
1.
b100100 )
b11011111 *
0X
1Y
1U
b11010111 #
b11010111 &
0"
#12390000
0:
06
b100100101 !
b100100101 (
04
0.
b100101 )
b11011000 *
0/
00
15
0;
1X
0Y
0,
02
18
0U
b11011000 #
b11011000 &
1"
#12400000
1/
b100100110 !
b100100110 (
1.
b100110 )
b11011001 *
0X
1Y
1U
b11011001 #
b11011001 &
0"
#12410000
0;
0:
15
06
b100100111 !
b100100111 (
04
0.
b100111 )
b11011000 *
1/
00
1X
0Y
1,
0U
b11011010 #
b11011010 &
1"
#12420000
1;
1:
05
16
14
0/
10
b100101000 !
b100101000 (
1.
b101000 )
b11011111 *
0X
1Y
1U
b11011011 #
b11011011 &
0"
#12430000
b100101001 !
b100101001 (
04
0.
b101001 )
b11011100 *
0/
00
05
1X
0Y
0,
12
0U
b11011100 #
b11011100 &
1"
#12440000
1/
b100101010 !
b100101010 (
1.
b101010 )
b11011101 *
0X
1Y
1U
b11011101 #
b11011101 &
0"
#12450000
05
b100101011 !
b100101011 (
04
0.
b101011 )
b11011100 *
1/
00
1X
0Y
1,
0U
b11011110 #
b11011110 &
1"
#12460000
15
b100101101 !
b100101101 (
14
b101101 )
b11011110 *
0/
10
1-
0V
1U
b1001110 $
b1001110 '
b11011111 #
b11011111 &
0"
#12470000
0@
0<
0:
0M
06
0L
0F
04
b100101110 !
b100101110 (
b11000000 *
b101110 )
1/
00
15
1;
0A
0B
1G
0H
0X
0,
02
08
0>
1D
0U
b11100000 #
b11100000 &
1"
#12480000
b100101111 !
b100101111 (
b101111 )
1X
1U
b11100001 #
b11100001 &
0"
#12490000
1A
1@
0;
1<
1:
05
16
14
b100110000 !
b100110000 (
b11001110 *
b110000 )
0/
10
0X
1,
0U
b11100010 #
b11100010 &
1"
#12500000
b100110001 !
b100110001 (
b110001 )
1X
1U
b11100011 #
b11100011 &
0"
#12510000
04
b100110010 !
b100110010 (
b11001100 *
b110010 )
1/
00
05
0X
0,
12
0U
b11100100 #
b11100100 &
1"
#12520000
b100110011 !
b100110011 (
b110011 )
1X
1U
b11100101 #
b11100101 &
0"
#12530000
15
14
b100110100 !
b100110100 (
b11001110 *
b110100 )
0/
10
0X
1,
0U
b11100110 #
b11100110 &
1"
#12540000
b100110101 !
b100110101 (
b110101 )
1X
1U
b11100111 #
b11100111 &
0"
#12550000
0:
06
04
b100110110 !
b100110110 (
b11001000 *
b110110 )
1/
00
15
0;
0X
0,
02
18
0U
b11101000 #
b11101000 &
1"
#12560000
b100110111 !
b100110111 (
b110111 )
1X
1U
b11101001 #
b11101001 &
0"
#12570000
1;
1:
05
16
14
b100111000 !
b100111000 (
b11001110 *
b111000 )
0/
10
0X
1,
0U
b11101010 #
b11101010 &
1"
#12580000
b100111001 !
b100111001 (
b111001 )
1X
1U
b11101011 #
b11101011 &
0"
#12590000
04
b100111010 !
b100111010 (
b11001100 *
b111010 )
1/
00
05
0X
0,
12
0U
b11101100 #
b11101100 &
1"
#12600000
b100111011 !
b100111011 (
b111011 )
1X
1U
b11101101 #
b11101101 &
0"
#12610000
15
14
b100111100 !
b100111100 (
b11001110 *
b111100 )
0/
10
0X
1,
0U
b11101110 #
b11101110 &
1"
#12620000
b100111110 !
b100111110 (
b111110 )
1/
1.
b11001111 *
1Y
1V
1U
b1001111 $
b1001111 '
b11101111 #
b11101111 &
0"
#12630000
0@
0<
0:
0M
06
0L
04
1G
0H
00
b100111111 !
b100111111 (
0F
0.
b111111 )
b11000000 *
1/
15
1;
1A
0B
1X
0Y
0,
02
08
1>
0U
b11110000 #
b11110000 &
1"
#12640000
1M
1L
0G
1H
1F
0A
1B
1@
0;
1<
1:
05
16
14
0/
10
b101000000 !
b101000000 (
1.
b1000000 )
b11111111 *
0X
1Y
1U
b11110001 #
b11110001 &
0"
#12650000
b101000001 !
b101000001 (
0.
b1000001 )
b11111110 *
0/
1X
0Y
1,
0U
b11110010 #
b11110010 &
1"
#12660000
1/
b101000010 !
b101000010 (
1.
b1000010 )
b11111111 *
0X
1Y
1U
b11110011 #
b11110011 &
0"
#12670000
04
00
b101000011 !
b101000011 (
0.
b1000011 )
b11111100 *
1/
05
1X
0Y
0,
12
0U
b11110100 #
b11110100 &
1"
#12680000
15
14
0/
10
b101000100 !
b101000100 (
1.
b1000100 )
b11111111 *
0X
1Y
1U
b11110101 #
b11110101 &
0"
#12690000
b101000101 !
b101000101 (
0.
b1000101 )
b11111110 *
0/
1X
0Y
1,
0U
b11110110 #
b11110110 &
1"
#12700000
1/
b101000110 !
b101000110 (
1.
b1000110 )
b11111111 *
0X
1Y
1U
b11110111 #
b11110111 &
0"
#12710000
0:
06
04
00
b101000111 !
b101000111 (
0.
b1000111 )
b11111000 *
1/
15
0;
1X
0Y
0,
02
18
0U
b11111000 #
b11111000 &
1"
#12720000
1;
1:
05
16
14
0/
10
b101001000 !
b101001000 (
1.
b1001000 )
b11111111 *
0X
1Y
1U
b11111001 #
b11111001 &
0"
#12730000
b101001001 !
b101001001 (
0.
b1001001 )
b11111110 *
0/
1X
0Y
1,
0U
b11111010 #
b11111010 &
1"
#12740000
1/
b101001010 !
b101001010 (
1.
b1001010 )
b11111111 *
0X
1Y
1U
b11111011 #
b11111011 &
0"
#12750000
04
00
b101001011 !
b101001011 (
0.
b1001011 )
b11111100 *
1/
05
1X
0Y
0,
12
0U
b11111100 #
b11111100 &
1"
#12760000
15
14
0/
10
b101001100 !
b101001100 (
1.
b1001100 )
b11111111 *
0X
1Y
1U
b11111101 #
b11111101 &
0"
#12770000
b101001101 !
b101001101 (
0.
b1001101 )
b11111110 *
0/
1X
0Y
1,
0U
b11111110 #
b11111110 &
1"
#12780000
0@
0<
0:
06
04
b101001111 !
b101001111 (
b11110000 *
b1001111 )
1/
00
15
1;
0A
0-
03
09
1?
0V
1U
b1010000 $
b1010000 '
b11111111 #
b11111111 &
0"
#12790000
0R
0N
0L
0F
b1010000 !
b1010000 (
b0 *
b1010000 )
0/
05
0;
1A
0B
0G
0H
1M
0S
0T
0X
0,
02
08
0>
0D
0J
0P
0U
b0 #
b0 &
1"
#12800000
b1010001 !
b1010001 (
b1010001 )
1X
1U
b1 #
b1 &
0"
#12810000
b1010010 !
b1010010 (
b1010010 )
1/
0X
1,
0U
b10 #
b10 &
1"
#12820000
b1010011 !
b1010011 (
b1010011 )
1X
1U
b11 #
b11 &
0"
#12830000
b1010100 !
b1010100 (
b1010100 )
0/
15
0X
0,
12
0U
b100 #
b100 &
1"
#12840000
b1010101 !
b1010101 (
b1010101 )
1X
1U
b101 #
b101 &
0"
#12850000
b1010110 !
b1010110 (
b1010110 )
1/
0X
1,
0U
b110 #
b110 &
1"
#12860000
b1010111 !
b1010111 (
b1010111 )
1X
1U
b111 #
b111 &
0"
#12870000
b1011000 !
b1011000 (
b1011000 )
0/
05
1;
0X
0,
02
18
0U
b1000 #
b1000 &
1"
#12880000
b1011001 !
b1011001 (
b1011001 )
1X
1U
b1001 #
b1001 &
0"
#12890000
b1011010 !
b1011010 (
b1011010 )
1/
0X
1,
0U
b1010 #
b1010 &
1"
#12900000
b1011011 !
b1011011 (
b1011011 )
1X
1U
b1011 #
b1011 &
0"
#12910000
b1011100 !
b1011100 (
b1011100 )
0/
15
0X
0,
12
0U
b1100 #
b1100 &
1"
#12920000
b1011101 !
b1011101 (
b1011101 )
1X
1U
b1101 #
b1101 &
0"
#12930000
b1011110 !
b1011110 (
b1011110 )
1/
0X
1,
0U
b1110 #
b1110 &
1"
#12940000
1G
1F
0A
1B
1@
0;
1<
1:
05
16
b1100000 !
b1100000 (
14
b1100000 )
0/
10
1.
b11111 *
1Y
1V
1U
b1010001 $
b1010001 '
b1111 #
b1111 &
0"
#12950000
b1100001 !
b1100001 (
0@
0:
04
0.
b1100001 )
b10000 *
0/
00
05
06
0;
0<
0A
1X
0Y
0,
02
08
1>
0U
b10000 #
b10000 &
1"
#12960000
1/
b1100010 !
b1100010 (
1.
b1100010 )
b10001 *
0X
1Y
1U
b10001 #
b10001 &
0"
#12970000
05
b1100011 !
b1100011 (
04
0.
b1100011 )
b10000 *
1/
00
1X
0Y
1,
0U
b10010 #
b10010 &
1"
#12980000
15
14
0/
10
b1100100 !
b1100100 (
1.
b1100100 )
b10011 *
0X
1Y
1U
b10011 #
b10011 &
0"
#12990000
0;
b1100101 !
b1100101 (
0:
04
0.
b1100101 )
b10000 *
0/
00
15
06
1X
0Y
0,
12
0U
b10100 #
b10100 &
1"
#13000000
1/
b1100110 !
b1100110 (
1.
b1100110 )
b10001 *
0X
1Y
1U
b10101 #
b10101 &
0"
#13010000
0;
0:
15
06
b1100111 !
b1100111 (
04
0.
b1100111 )
b10000 *
1/
00
1X
0Y
1,
0U
b10110 #
b10110 &
1"
#13020000
1;
1:
05
16
14
0/
10
b1101000 !
b1101000 (
1.
b1101000 )
b10111 *
0X
1Y
1U
b10111 #
b10111 &
0"
#13030000
0A
b1101001 !
b1101001 (
0@
0:
04
0.
b1101001 )
b10000 *
0/
00
05
06
1;
0<
1X
0Y
0,
02
18
0U
b11000 #
b11000 &
1"
#13040000
1/
b1101010 !
b1101010 (
1.
b1101010 )
b10001 *
0X
1Y
1U
b11001 #
b11001 &
0"
#13050000
05
b1101011 !
b1101011 (
04
0.
b1101011 )
b10000 *
1/
00
1X
0Y
1,
0U
b11010 #
b11010 &
1"
#13060000
15
14
0/
10
b1101100 !
b1101100 (
1.
b1101100 )
b10011 *
0X
1Y
1U
b11011 #
b11011 &
0"
#13070000
0A
0@
1;
0<
b1101101 !
b1101101 (
0:
04
0.
b1101101 )
b10000 *
0/
00
15
06
1X
0Y
0,
12
0U
b11100 #
b11100 &
1"
#13080000
1/
b1101110 !
b1101110 (
1.
b1101110 )
b10001 *
0X
1Y
1U
b11101 #
b11101 &
0"
#13090000
0A
0@
1;
0<
0:
15
06
b1101111 !
b1101111 (
04
0.
b1101111 )
b10000 *
1/
00
1X
0Y
1,
0U
b11110 #
b11110 &
1"
#13100000
1A
1@
0;
1<
1:
05
16
b1110001 !
b1110001 (
14
b1110001 )
b11110 *
0/
10
1-
0V
1U
b1010010 $
b1010010 '
b11111 #
b11111 &
0"
#13110000
0S
0R
0F
1M
0N
0B
0L
0@
0:
04
b1110010 !
b1110010 (
b0 *
b1110010 )
1/
00
05
06
0;
0<
1A
1G
0H
0X
0,
02
08
0>
1D
0U
b100000 #
b100000 &
1"
#13120000
b1110011 !
b1110011 (
b1110011 )
1X
1U
b100001 #
b100001 &
0"
#13130000
15
14
b1110100 !
b1110100 (
b10 *
b1110100 )
0/
10
0X
1,
0U
b100010 #
b100010 &
1"
#13140000
b1110101 !
b1110101 (
b1110101 )
1X
1U
b100011 #
b100011 &
0"
#13150000
0;
0:
04
b1110110 !
b1110110 (
b0 *
b1110110 )
1/
00
15
06
0X
0,
12
0U
b100100 #
b100100 &
1"
#13160000
b1110111 !
b1110111 (
b1110111 )
1X
1U
b100101 #
b100101 &
0"
#13170000
1;
1:
05
16
14
b1111000 !
b1111000 (
b110 *
b1111000 )
0/
10
0X
1,
0U
b100110 #
b100110 &
1"
#13180000
b1111001 !
b1111001 (
b1111001 )
1X
1U
b100111 #
b100111 &
0"
#13190000
0S
0R
1M
0N
0L
1G
0H
0F
1A
0B
0@
0:
04
b1111010 !
b1111010 (
b0 *
b1111010 )
1/
00
05
06
1;
0<
0X
0,
02
18
0U
b101000 #
b101000 &
1"
#13200000
b1111011 !
b1111011 (
b1111011 )
1X
1U
b101001 #
b101001 &
0"
#13210000
15
14
b1111100 !
b1111100 (
b10 *
b1111100 )
0/
10
0X
1,
0U
b101010 #
b101010 &
1"
#13220000
b1111101 !
b1111101 (
b1111101 )
1X
1U
b101011 #
b101011 &
0"
#13230000
0S
0R
1M
0N
0L
1G
0H
0F
1A
0B
0@
1;
0<
0:
04
b1111110 !
b1111110 (
b0 *
b1111110 )
1/
00
15
06
0X
0,
12
0U
b101100 #
b101100 &
1"
#13240000
b1111111 !
b1111111 (
b1111111 )
1X
1U
b101101 #
b101101 &
0"
#13250000
1S
1R
0M
1N
1L
0G
1H
1F
0A
1B
1@
0;
1<
1:
05
16
14
b10000000 !
b10000000 (
b1111110 *
b10000000 )
0/
10
0X
1,
0U
b101110 #
b101110 &
1"
#13260000
b10000010 !
b10000010 (
b10000010 )
1/
1.
b1111111 *
1Y
1V
1U
b1010011 $
b1010011 '
b101111 #
b101111 &
0"
#13270000
04
00
b10000011 !
b10000011 (
0@
0:
0.
b10000011 )
b1110000 *
1/
05
06
0;
0<
0A
1X
0Y
0,
02
08
1>
0U
b110000 #
b110000 &
1"
#13280000
15
14
0/
10
b10000100 !
b10000100 (
1.
b10000100 )
b1110011 *
0X
1Y
1U
b110001 #
b110001 &
0"
#13290000
b10000101 !
b10000101 (
0.
b10000101 )
b1110010 *
0/
1X
0Y
1,
0U
b110010 #
b110010 &
1"
#13300000
1/
b10000110 !
b10000110 (
1.
b10000110 )
b1110011 *
0X
1Y
1U
b110011 #
b110011 &
0"
#13310000
04
0;
00
b10000111 !
b10000111 (
0:
0.
b10000111 )
b1110000 *
1/
15
06
1X
0Y
0,
12
0U
b110100 #
b110100 &
1"
#13320000
1;
1:
05
16
14
0/
10
b10001000 !
b10001000 (
1.
b10001000 )
b1110111 *
0X
1Y
1U
b110101 #
b110101 &
0"
#13330000
b10001001 !
b10001001 (
0.
b10001001 )
b1110110 *
0/
1X
0Y
1,
0U
b110110 #
b110110 &
1"
#13340000
1/
b10001010 !
b10001010 (
1.
b10001010 )
b1110111 *
0X
1Y
1U
b110111 #
b110111 &
0"
#13350000
04
0A
00
b10001011 !
b10001011 (
0@
0:
0.
b10001011 )
b1110000 *
1/
05
06
1;
0<
1X
0Y
0,
02
18
0U
b111000 #
b111000 &
1"
#13360000
15
14
0/
10
b10001100 !
b10001100 (
1.
b10001100 )
b1110011 *
0X
1Y
1U
b111001 #
b111001 &
0"
#13370000
b10001101 !
b10001101 (
0.
b10001101 )
b1110010 *
0/
1X
0Y
1,
0U
b111010 #
b111010 &
1"
#13380000
1/
b10001110 !
b10001110 (
1.
b10001110 )
b1110011 *
0X
1Y
1U
b111011 #
b111011 &
0"
#13390000
0A
0@
04
1;
0<
00
b10001111 !
b10001111 (
0:
0.
b10001111 )
b1110000 *
1/
15
06
1X
0Y
0,
12
0U
b111100 #
b111100 &
1"
#13400000
1A
1@
0;
1<
1:
05
16
14
0/
10
b10010000 !
b10010000 (
1.
b10010000 )
b1111111 *
0X
1Y
1U
b111101 #
b111101 &
0"
#13410000
b10010001 !
b10010001 (
0.
b10010001 )
b1111110 *
0/
1X
0Y
1,
0U
b111110 #
b111110 &
1"
#13420000
04
b10010011 !
b10010011 (
b1111100 *
b10010011 )
1/
00
05
0-
13
0V
1U
b1010100 $
b1010100 '
b111111 #
b111111 &
0"
#13430000
0F
0B
0L
0@
0:
b10010100 !
b10010100 (
b1000000 *
b10010100 )
0/
15
06
0;
0<
1A
0G
0H
0M
0X
0,
02
08
0>
0D
1J
0U
b1000000 #
b1000000 &
1"
#13440000
b10010101 !
b10010101 (
b10010101 )
1X
1U
b1000001 #
b1000001 &
0"
#13450000
b10010110 !
b10010110 (
b10010110 )
1/
0X
1,
0U
b1000010 #
b1000010 &
1"
#13460000
b10010111 !
b10010111 (
b10010111 )
1X
1U
b1000011 #
b1000011 &
0"
#13470000
1;
1:
b10011000 !
b10011000 (
b1000100 *
b10011000 )
0/
05
16
0X
0,
12
0U
b1000100 #
b1000100 &
1"
#13480000
b10011001 !
b10011001 (
b10011001 )
1X
1U
b1000101 #
b1000101 &
0"
#13490000
b10011010 !
b10011010 (
b10011010 )
1/
0X
1,
0U
b1000110 #
b1000110 &
1"
#13500000
b10011011 !
b10011011 (
b10011011 )
1X
1U
b1000111 #
b1000111 &
0"
#13510000
0G
0F
1A
0B
0@
0:
b10011100 !
b10011100 (
b1000000 *
b10011100 )
0/
15
06
1;
0<
0X
0,
02
18
0U
b1001000 #
b1001000 &
1"
#13520000
b10011101 !
b10011101 (
b10011101 )
1X
1U
b1001001 #
b1001001 &
0"
#13530000
b10011110 !
b10011110 (
b10011110 )
1/
0X
1,
0U
b1001010 #
b1001010 &
1"
#13540000
b10011111 !
b10011111 (
b10011111 )
1X
1U
b1001011 #
b1001011 &
0"
#13550000
1G
1F
0A
1B
1@
0;
1<
1:
b10100000 !
b10100000 (
b1011100 *
b10100000 )
0/
05
16
0X
0,
12
0U
b1001100 #
b1001100 &
1"
#13560000
b10100001 !
b10100001 (
b10100001 )
1X
1U
b1001101 #
b1001101 &
0"
#13570000
b10100010 !
b10100010 (
b10100010 )
1/
0X
1,
0U
b1001110 #
b1001110 &
1"
#13580000
15
b10100100 !
b10100100 (
14
b10100100 )
0/
10
1.
b1011111 *
1Y
1V
1U
b1010101 $
b1010101 '
b1001111 #
b1001111 &
0"
#13590000
0:
06
b10100101 !
b10100101 (
0@
04
0.
b10100101 )
b1010000 *
0/
00
15
0;
0<
0A
1X
0Y
0,
02
08
1>
0U
b1010000 #
b1010000 &
1"
#13600000
1/
b10100110 !
b10100110 (
1.
b10100110 )
b1010001 *
0X
1Y
1U
b1010001 #
b1010001 &
0"
#13610000
0;
0:
15
06
b10100111 !
b10100111 (
04
0.
b10100111 )
b1010000 *
1/
00
1X
0Y
1,
0U
b1010010 #
b1010010 &
1"
#13620000
1;
1:
05
16
14
0/
10
b10101000 !
b10101000 (
1.
b10101000 )
b1010111 *
0X
1Y
1U
b1010011 #
b1010011 &
0"
#13630000
b10101001 !
b10101001 (
04
0.
b10101001 )
b1010100 *
0/
00
05
1X
0Y
0,
12
0U
b1010100 #
b1010100 &
1"
#13640000
1/
b10101010 !
b10101010 (
1.
b10101010 )
b1010101 *
0X
1Y
1U
b1010101 #
b1010101 &
0"
#13650000
05
b10101011 !
b10101011 (
04
0.
b10101011 )
b1010100 *
1/
00
1X
0Y
1,
0U
b1010110 #
b1010110 &
1"
#13660000
15
14
0/
10
b10101100 !
b10101100 (
1.
b10101100 )
b1010111 *
0X
1Y
1U
b1010111 #
b1010111 &
0"
#13670000
0:
0A
06
b10101101 !
b10101101 (
0@
04
0.
b10101101 )
b1010000 *
0/
00
15
1;
0<
1X
0Y
0,
02
18
0U
b1011000 #
b1011000 &
1"
#13680000
1/
b10101110 !
b10101110 (
1.
b10101110 )
b1010001 *
0X
1Y
1U
b1011001 #
b1011001 &
0"
#13690000
0A
0@
1;
0<
0:
15
06
b10101111 !
b10101111 (
04
0.
b10101111 )
b1010000 *
1/
00
1X
0Y
1,
0U
b1011010 #
b1011010 &
1"
#13700000
1A
1@
0;
1<
1:
05
16
14
0/
10
b10110000 !
b10110000 (
1.
b10110000 )
b1011111 *
0X
1Y
1U
b1011011 #
b1011011 &
0"
#13710000
b10110001 !
b10110001 (
04
0.
b10110001 )
b1011100 *
0/
00
05
1X
0Y
0,
12
0U
b1011100 #
b1011100 &
1"
#13720000
1/
b10110010 !
b10110010 (
1.
b10110010 )
b1011101 *
0X
1Y
1U
b1011101 #
b1011101 &
0"
#13730000
05
b10110011 !
b10110011 (
04
0.
b10110011 )
b1011100 *
1/
00
1X
0Y
1,
0U
b1011110 #
b1011110 &
1"
#13740000
15
b10110101 !
b10110101 (
14
b10110101 )
b1011110 *
0/
10
1-
0V
1U
b1010110 $
b1010110 '
b1011111 #
b1011111 &
0"
#13750000
0F
0:
0M
0B
06
0L
0@
04
b10110110 !
b10110110 (
b1000000 *
b10110110 )
1/
00
15
0;
0<
1A
1G
0H
0X
0,
02
08
0>
1D
0U
b1100000 #
b1100000 &
1"
#13760000
b10110111 !
b10110111 (
b10110111 )
1X
1U
b1100001 #
b1100001 &
0"
#13770000
1;
1:
05
16
14
b10111000 !
b10111000 (
b1000110 *
b10111000 )
0/
10
0X
1,
0U
b1100010 #
b1100010 &
1"
#13780000
b10111001 !
b10111001 (
b10111001 )
1X
1U
b1100011 #
b1100011 &
0"
#13790000
04
b10111010 !
b10111010 (
b1000100 *
b10111010 )
1/
00
05
0X
0,
12
0U
b1100100 #
b1100100 &
1"
#13800000
b10111011 !
b10111011 (
b10111011 )
1X
1U
b1100101 #
b1100101 &
0"
#13810000
15
14
b10111100 !
b10111100 (
b1000110 *
b10111100 )
0/
10
0X
1,
0U
b1100110 #
b1100110 &
1"
#13820000
b10111101 !
b10111101 (
b10111101 )
1X
1U
b1100111 #
b1100111 &
0"
#13830000
0M
0L
1G
0H
0F
0:
1A
0B
06
0@
04
b10111110 !
b10111110 (
b1000000 *
b10111110 )
1/
00
15
1;
0<
0X
0,
02
18
0U
b1101000 #
b1101000 &
1"
#13840000
b10111111 !
b10111111 (
b10111111 )
1X
1U
b1101001 #
b1101001 &
0"
#13850000
1M
1L
0G
1H
1F
0A
1B
1@
0;
1<
1:
05
16
14
b11000000 !
b11000000 (
b1111110 *
b11000000 )
0/
10
0X
1,
0U
b1101010 #
b1101010 &
1"
#13860000
b11000001 !
b11000001 (
b11000001 )
1X
1U
b1101011 #
b1101011 &
0"
#13870000
04
b11000010 !
b11000010 (
b1111100 *
b11000010 )
1/
00
05
0X
0,
12
0U
b1101100 #
b1101100 &
1"
#13880000
b11000011 !
b11000011 (
b11000011 )
1X
1U
b1101101 #
b1101101 &
0"
#13890000
15
14
b11000100 !
b11000100 (
b1111110 *
b11000100 )
0/
10
0X
1,
0U
b1101110 #
b1101110 &
1"
#13900000
b11000110 !
b11000110 (
b11000110 )
1/
1.
b1111111 *
1Y
1V
1U
b1010111 $
b1010111 '
b1101111 #
b1101111 &
0"
#13910000
0:
06
04
00
b11000111 !
b11000111 (
0@
0.
b11000111 )
b1110000 *
1/
15
0;
0<
0A
1X
0Y
0,
02
08
1>
0U
b1110000 #
b1110000 &
1"
#13920000
1;
1:
05
16
14
0/
10
b11001000 !
b11001000 (
1.
b11001000 )
b1110111 *
0X
1Y
1U
b1110001 #
b1110001 &
0"
#13930000
b11001001 !
b11001001 (
0.
b11001001 )
b1110110 *
0/
1X
0Y
1,
0U
b1110010 #
b1110010 &
1"
#13940000
1/
b11001010 !
b11001010 (
1.
b11001010 )
b1110111 *
0X
1Y
1U
b1110011 #
b1110011 &
0"
#13950000
04
00
b11001011 !
b11001011 (
0.
b11001011 )
b1110100 *
1/
05
1X
0Y
0,
12
0U
b1110100 #
b1110100 &
1"
#13960000
15
14
0/
10
b11001100 !
b11001100 (
1.
b11001100 )
b1110111 *
0X
1Y
1U
b1110101 #
b1110101 &
0"
#13970000
b11001101 !
b11001101 (
0.
b11001101 )
b1110110 *
0/
1X
0Y
1,
0U
b1110110 #
b1110110 &
1"
#13980000
1/
b11001110 !
b11001110 (
1.
b11001110 )
b1110111 *
0X
1Y
1U
b1110111 #
b1110111 &
0"
#13990000
0:
06
04
0A
00
b11001111 !
b11001111 (
0@
0.
b11001111 )
b1110000 *
1/
15
1;
0<
1X
0Y
0,
02
18
0U
b1111000 #
b1111000 &
1"
#14000000
1A
1@
0;
1<
1:
05
16
14
0/
10
b11010000 !
b11010000 (
1.
b11010000 )
b1111111 *
0X
1Y
1U
b1111001 #
b1111001 &
0"
#14010000
b11010001 !
b11010001 (
0.
b11010001 )
b1111110 *
0/
1X
0Y
1,
0U
b1111010 #
b1111010 &
1"
#14020000
1/
b11010010 !
b11010010 (
1.
b11010010 )
b1111111 *
0X
1Y
1U
b1111011 #
b1111011 &
0"
#14030000
04
00
b11010011 !
b11010011 (
0.
b11010011 )
b1111100 *
1/
05
1X
0Y
0,
12
0U
b1111100 #
b1111100 &
1"
#14040000
15
14
0/
10
b11010100 !
b11010100 (
1.
b11010100 )
b1111111 *
0X
1Y
1U
b1111101 #
b1111101 &
0"
#14050000
b11010101 !
b11010101 (
0.
b11010101 )
b1111110 *
0/
1X
0Y
1,
0U
b1111110 #
b1111110 &
1"
#14060000
0:
06
04
b11010111 !
b11010111 (
b1111000 *
b11010111 )
1/
00
15
0;
0-
03
19
0V
1U
b1011000 $
b1011000 '
b1111111 #
b1111111 &
0"
#14070000
0R
0F
0N
0B
0L
0@
b11011000 !
b11011000 (
b0 *
b11011000 )
0/
05
1;
0<
1A
0G
0H
1M
1S
0T
0X
0,
02
08
0>
0D
0J
1P
0U
b10000000 #
b10000000 &
1"
#14080000
b11011001 !
b11011001 (
b11011001 )
1X
1U
b10000001 #
b10000001 &
0"
#14090000
b11011010 !
b11011010 (
b11011010 )
1/
0X
1,
0U
b10000010 #
b10000010 &
1"
#14100000
b11011011 !
b11011011 (
b11011011 )
1X
1U
b10000011 #
b10000011 &
0"
#14110000
b11011100 !
b11011100 (
b11011100 )
0/
15
0X
0,
12
0U
b10000100 #
b10000100 &
1"
#14120000
b11011101 !
b11011101 (
b11011101 )
1X
1U
b10000101 #
b10000101 &
0"
#14130000
b11011110 !
b11011110 (
b11011110 )
1/
0X
1,
0U
b10000110 #
b10000110 &
1"
#14140000
b11011111 !
b11011111 (
b11011111 )
1X
1U
b10000111 #
b10000111 &
0"
#14150000
1G
1F
0A
1B
1@
b11100000 !
b11100000 (
b11000 *
b11100000 )
0/
05
0;
1<
0X
0,
02
18
0U
b10001000 #
b10001000 &
1"
#14160000
b11100001 !
b11100001 (
b11100001 )
1X
1U
b10001001 #
b10001001 &
0"
#14170000
b11100010 !
b11100010 (
b11100010 )
1/
0X
1,
0U
b10001010 #
b10001010 &
1"
#14180000
b11100011 !
b11100011 (
b11100011 )
1X
1U
b10001011 #
b10001011 &
0"
#14190000
b11100100 !
b11100100 (
b11100100 )
0/
15
0X
0,
12
0U
b10001100 #
b10001100 &
1"
#14200000
b11100101 !
b11100101 (
b11100101 )
1X
1U
b10001101 #
b10001101 &
0"
#14210000
b11100110 !
b11100110 (
b11100110 )
1/
0X
1,
0U
b10001110 #
b10001110 &
1"
#14220000
1;
1:
05
16
b11101000 !
b11101000 (
14
b11101000 )
0/
10
1.
b11111 *
1Y
1V
1U
b1011001 $
b1011001 '
b10001111 #
b10001111 &
0"
#14230000
0@
0<
b11101001 !
b11101001 (
0:
04
0.
b11101001 )
b10000 *
0/
00
05
06
1;
0A
1X
0Y
0,
02
08
1>
0U
b10010000 #
b10010000 &
1"
#14240000
1/
b11101010 !
b11101010 (
1.
b11101010 )
b10001 *
0X
1Y
1U
b10010001 #
b10010001 &
0"
#14250000
05
b11101011 !
b11101011 (
04
0.
b11101011 )
b10000 *
1/
00
1X
0Y
1,
0U
b10010010 #
b10010010 &
1"
#14260000
15
14
0/
10
b11101100 !
b11101100 (
1.
b11101100 )
b10011 *
0X
1Y
1U
b10010011 #
b10010011 &
0"
#14270000
0A
0@
1;
0<
b11101101 !
b11101101 (
0:
04
0.
b11101101 )
b10000 *
0/
00
15
06
1X
0Y
0,
12
0U
b10010100 #
b10010100 &
1"
#14280000
1/
b11101110 !
b11101110 (
1.
b11101110 )
b10001 *
0X
1Y
1U
b10010101 #
b10010101 &
0"
#14290000
0A
0@
1;
0<
0:
15
06
b11101111 !
b11101111 (
04
0.
b11101111 )
b10000 *
1/
00
1X
0Y
1,
0U
b10010110 #
b10010110 &
1"
#14300000
1A
1@
0;
1<
1:
05
16
14
0/
10
b11110000 !
b11110000 (
1.
b11110000 )
b11111 *
0X
1Y
1U
b10010111 #
b10010111 &
0"
#14310000
b11110001 !
b11110001 (
0:
04
0.
b11110001 )
b11000 *
0/
00
05
06
0;
1X
0Y
0,
02
18
0U
b10011000 #
b10011000 &
1"
#14320000
1/
b11110010 !
b11110010 (
1.
b11110010 )
b11001 *
0X
1Y
1U
b10011001 #
b10011001 &
0"
#14330000
05
b11110011 !
b11110011 (
04
0.
b11110011 )
b11000 *
1/
00
1X
0Y
1,
0U
b10011010 #
b10011010 &
1"
#14340000
15
14
0/
10
b11110100 !
b11110100 (
1.
b11110100 )
b11011 *
0X
1Y
1U
b10011011 #
b10011011 &
0"
#14350000
0;
b11110101 !
b11110101 (
0:
04
0.
b11110101 )
b11000 *
0/
00
15
06
1X
0Y
0,
12
0U
b10011100 #
b10011100 &
1"
#14360000
1/
b11110110 !
b11110110 (
1.
b11110110 )
b11001 *
0X
1Y
1U
b10011101 #
b10011101 &
0"
#14370000
0;
0:
15
06
b11110111 !
b11110111 (
04
0.
b11110111 )
b11000 *
1/
00
1X
0Y
1,
0U
b10011110 #
b10011110 &
1"
#14380000
1;
1:
05
16
b11111001 !
b11111001 (
14
b11111001 )
b11110 *
0/
10
1-
0V
1U
b1011010 $
b1011010 '
b10011111 #
b10011111 &
0"
#14390000
0F
1S
0T
0B
0R
0@
1M
0N
0<
0L
0:
04
b11111010 !
b11111010 (
b0 *
b11111010 )
1/
00
05
06
1;
1A
1G
0H
0X
0,
02
08
0>
1D
0U
b10100000 #
b10100000 &
1"
#14400000
b11111011 !
b11111011 (
b11111011 )
1X
1U
b10100001 #
b10100001 &
0"
#14410000
15
14
b11111100 !
b11111100 (
b10 *
b11111100 )
0/
10
0X
1,
0U
b10100010 #
b10100010 &
1"
#14420000
b11111101 !
b11111101 (
b11111101 )
1X
1U
b10100011 #
b10100011 &
0"
#14430000
1S
0T
0R
1M
0N
0L
1G
0H
0F
1A
0B
0@
1;
0<
0:
04
b11111110 !
b11111110 (
b0 *
b11111110 )
1/
00
15
06
0X
0,
12
0U
b10100100 #
b10100100 &
1"
#14440000
b11111111 !
b11111111 (
b11111111 )
1X
1U
b10100101 #
b10100101 &
0"
#14450000
0S
1T
1R
0M
1N
1L
0G
1H
1F
0A
1B
1@
0;
1<
1:
05
16
14
b100000000 !
b100000000 (
b11111110 *
b0 )
0/
10
0X
1,
0U
b10100110 #
b10100110 &
1"
#14460000
b100000001 !
b100000001 (
b1 )
1X
1U
b10100111 #
b10100111 &
0"
#14470000
0:
04
b100000010 !
b100000010 (
b11111000 *
b10 )
1/
00
05
06
0;
0X
0,
02
18
0U
b10101000 #
b10101000 &
1"
#14480000
b100000011 !
b100000011 (
b11 )
1X
1U
b10101001 #
b10101001 &
0"
#14490000
15
14
b100000100 !
b100000100 (
b11111010 *
b100 )
0/
10
0X
1,
0U
b10101010 #
b10101010 &
1"
#14500000
b100000101 !
b100000101 (
b101 )
1X
1U
b10101011 #
b10101011 &
0"
#14510000
0;
0:
04
b100000110 !
b100000110 (
b11111000 *
b110 )
1/
00
15
06
0X
0,
12
0U
b10101100 #
b10101100 &
1"
#14520000
b100000111 !
b100000111 (
b111 )
1X
1U
b10101101 #
b10101101 &
0"
#14530000
1;
1:
05
16
14
b100001000 !
b100001000 (
b11111110 *
b1000 )
0/
10
0X
1,
0U
b10101110 #
b10101110 &
1"
#14540000
b100001010 !
b100001010 (
b1010 )
1/
1.
b11111111 *
1Y
1V
1U
b1011011 $
b1011011 '
b10101111 #
b10101111 &
0"
#14550000
0@
04
0<
00
b100001011 !
b100001011 (
0:
0.
b1011 )
b11110000 *
1/
05
06
1;
0A
1X
0Y
0,
02
08
1>
0U
b10110000 #
b10110000 &
1"
#14560000
15
14
0/
10
b100001100 !
b100001100 (
1.
b1100 )
b11110011 *
0X
1Y
1U
b10110001 #
b10110001 &
0"
#14570000
b100001101 !
b100001101 (
0.
b1101 )
b11110010 *
0/
1X
0Y
1,
0U
b10110010 #
b10110010 &
1"
#14580000
1/
b100001110 !
b100001110 (
1.
b1110 )
b11110011 *
0X
1Y
1U
b10110011 #
b10110011 &
0"
#14590000
0A
0@
04
1;
0<
00
b100001111 !
b100001111 (
0:
0.
b1111 )
b11110000 *
1/
15
06
1X
0Y
0,
12
0U
b10110100 #
b10110100 &
1"
#14600000
1A
1@
0;
1<
1:
05
16
14
0/
10
b100010000 !
b100010000 (
1.
b10000 )
b11111111 *
0X
1Y
1U
b10110101 #
b10110101 &
0"
#14610000
b100010001 !
b100010001 (
0.
b10001 )
b11111110 *
0/
1X
0Y
1,
0U
b10110110 #
b10110110 &
1"
#14620000
1/
b100010010 !
b100010010 (
1.
b10010 )
b11111111 *
0X
1Y
1U
b10110111 #
b10110111 &
0"
#14630000
04
00
b100010011 !
b100010011 (
0:
0.
b10011 )
b11111000 *
1/
05
06
0;
1X
0Y
0,
02
18
0U
b10111000 #
b10111000 &
1"
#14640000
15
14
0/
10
b100010100 !
b100010100 (
1.
b10100 )
b11111011 *
0X
1Y
1U
b10111001 #
b10111001 &
0"
#14650000
b100010101 !
b100010101 (
0.
b10101 )
b11111010 *
0/
1X
0Y
1,
0U
b10111010 #
b10111010 &
1"
#14660000
1/
b100010110 !
b100010110 (
1.
b10110 )
b11111011 *
0X
1Y
1U
b10111011 #
b10111011 &
0"
#14670000
04
0;
00
b100010111 !
b100010111 (
0:
0.
b10111 )
b11111000 *
1/
15
06
1X
0Y
0,
12
0U
b10111100 #
b10111100 &
1"
#14680000
1;
1:
05
16
14
0/
10
b100011000 !
b100011000 (
1.
b11000 )
b11111111 *
0X
1Y
1U
b10111101 #
b10111101 &
0"
#14690000
b100011001 !
b100011001 (
0.
b11001 )
b11111110 *
0/
1X
0Y
1,
0U
b10111110 #
b10111110 &
1"
#14700000
04
b100011011 !
b100011011 (
b11111100 *
b11011 )
1/
00
05
0-
13
0V
1U
b1011100 $
b1011100 '
b10111111 #
b10111111 &
0"
#14710000
0F
0B
0@
0<
0L
0:
b100011100 !
b100011100 (
b11000000 *
b11100 )
0/
15
06
1;
1A
0G
0H
0M
0X
0,
02
08
0>
0D
1J
0U
b11000000 #
b11000000 &
1"
#14720000
b100011101 !
b100011101 (
b11101 )
1X
1U
b11000001 #
b11000001 &
0"
#14730000
b100011110 !
b100011110 (
b11110 )
1/
0X
1,
0U
b11000010 #
b11000010 &
1"
#14740000
b100011111 !
b100011111 (
b11111 )
1X
1U
b11000011 #
b11000011 &
0"
#14750000
1G
1F
0A
1B
1@
0;
1<
1:
b100100000 !
b100100000 (
b11011100 *
b100000 )
0/
05
16
0X
0,
12
0U
b11000100 #
b11000100 &
1"
#14760000
b100100001 !
b100100001 (
b100001 )
1X
1U
b11000101 #
b11000101 &
0"
#14770000
b100100010 !
b100100010 (
b100010 )
1/
0X
1,
0U
b11000110 #
b11000110 &
1"
#14780000
b100100011 !
b100100011 (
b100011 )
1X
1U
b11000111 #
b11000111 &
0"
#14790000
0:
b100100100 !
b100100100 (
b11011000 *
b100100 )
0/
15
06
0;
0X
0,
02
18
0U
b11001000 #
b11001000 &
1"
#14800000
b100100101 !
b100100101 (
b100101 )
1X
1U
b11001001 #
b11001001 &
0"
#14810000
b100100110 !
b100100110 (
b100110 )
1/
0X
1,
0U
b11001010 #
b11001010 &
1"
#14820000
b100100111 !
b100100111 (
b100111 )
1X
1U
b11001011 #
b11001011 &
0"
#14830000
1;
1:
b100101000 !
b100101000 (
b11011100 *
b101000 )
0/
05
16
0X
0,
12
0U
b11001100 #
b11001100 &
1"
#14840000
b100101001 !
b100101001 (
b101001 )
1X
1U
b11001101 #
b11001101 &
0"
#14850000
b100101010 !
b100101010 (
b101010 )
1/
0X
1,
0U
b11001110 #
b11001110 &
1"
#14860000
15
b100101100 !
b100101100 (
14
b101100 )
0/
10
1.
b11011111 *
1Y
1V
1U
b1011101 $
b1011101 '
b11001111 #
b11001111 &
0"
#14870000
0@
0<
0:
06
b100101101 !
b100101101 (
04
0.
b101101 )
b11010000 *
0/
00
15
1;
0A
1X
0Y
0,
02
08
1>
0U
b11010000 #
b11010000 &
1"
#14880000
1/
b100101110 !
b100101110 (
1.
b101110 )
b11010001 *
0X
1Y
1U
b11010001 #
b11010001 &
0"
#14890000
0A
0@
1;
0<
0:
15
06
b100101111 !
b100101111 (
04
0.
b101111 )
b11010000 *
1/
00
1X
0Y
1,
0U
b11010010 #
b11010010 &
1"
#14900000
1A
1@
0;
1<
1:
05
16
14
0/
10
b100110000 !
b100110000 (
1.
b110000 )
b11011111 *
0X
1Y
1U
b11010011 #
b11010011 &
0"
#14910000
b100110001 !
b100110001 (
04
0.
b110001 )
b11011100 *
0/
00
05
1X
0Y
0,
12
0U
b11010100 #
b11010100 &
1"
#14920000
1/
b100110010 !
b100110010 (
1.
b110010 )
b11011101 *
0X
1Y
1U
b11010101 #
b11010101 &
0"
#14930000
05
b100110011 !
b100110011 (
04
0.
b110011 )
b11011100 *
1/
00
1X
0Y
1,
0U
b11010110 #
b11010110 &
1"
#14940000
15
14
0/
10
b100110100 !
b100110100 (
1.
b110100 )
b11011111 *
0X
1Y
1U
b11010111 #
b11010111 &
0"
#14950000
0:
06
b100110101 !
b100110101 (
04
0.
b110101 )
b11011000 *
0/
00
15
0;
1X
0Y
0,
02
18
0U
b11011000 #
b11011000 &
1"
#14960000
1/
b100110110 !
b100110110 (
1.
b110110 )
b11011001 *
0X
1Y
1U
b11011001 #
b11011001 &
0"
#14970000
0;
0:
15
06
b100110111 !
b100110111 (
04
0.
b110111 )
b11011000 *
1/
00
1X
0Y
1,
0U
b11011010 #
b11011010 &
1"
#14980000
1;
1:
05
16
14
0/
10
b100111000 !
b100111000 (
1.
b111000 )
b11011111 *
0X
1Y
1U
b11011011 #
b11011011 &
0"
#14990000
b100111001 !
b100111001 (
04
0.
b111001 )
b11011100 *
0/
00
05
1X
0Y
0,
12
0U
b11011100 #
b11011100 &
1"
#15000000
1/
b100111010 !
b100111010 (
1.
b111010 )
b11011101 *
0X
1Y
1U
b11011101 #
b11011101 &
0"
#15010000
05
b100111011 !
b100111011 (
04
0.
b111011 )
b11011100 *
1/
00
1X
0Y
1,
0U
b11011110 #
b11011110 &
1"
#15020000
15
b100111101 !
b100111101 (
14
b111101 )
b11011110 *
0/
10
1-
0V
1U
b1011110 $
b1011110 '
b11011111 #
b11011111 &
0"
#15030000
0F
0B
0@
0<
0:
0M
06
0L
04
b100111110 !
b100111110 (
b11000000 *
b111110 )
1/
00
15
1;
1A
1G
0H
0X
0,
02
08
0>
1D
0U
b11100000 #
b11100000 &
1"
#15040000
b100111111 !
b100111111 (
b111111 )
1X
1U
b11100001 #
b11100001 &
0"
#15050000
1M
1L
0G
1H
1F
0A
1B
1@
0;
1<
1:
05
16
14
b101000000 !
b101000000 (
b11111110 *
b1000000 )
0/
10
0X
1,
0U
b11100010 #
b11100010 &
1"
#15060000
b101000001 !
b101000001 (
b1000001 )
1X
1U
b11100011 #
b11100011 &
0"
#15070000
04
b101000010 !
b101000010 (
b11111100 *
b1000010 )
1/
00
05
0X
0,
12
0U
b11100100 #
b11100100 &
1"
#15080000
b101000011 !
b101000011 (
b1000011 )
1X
1U
b11100101 #
b11100101 &
0"
#15090000
15
14
b101000100 !
b101000100 (
b11111110 *
b1000100 )
0/
10
0X
1,
0U
b11100110 #
b11100110 &
1"
#15100000
b101000101 !
b101000101 (
b1000101 )
1X
1U
b11100111 #
b11100111 &
0"
#15110000
0:
06
04
b101000110 !
b101000110 (
b11111000 *
b1000110 )
1/
00
15
0;
0X
0,
02
18
0U
b11101000 #
b11101000 &
1"
#15120000
b101000111 !
b101000111 (
b1000111 )
1X
1U
b11101001 #
b11101001 &
0"
#15130000
1;
1:
05
16
14
b101001000 !
b101001000 (
b11111110 *
b1001000 )
0/
10
0X
1,
0U
b11101010 #
b11101010 &
1"
#15140000
b101001001 !
b101001001 (
b1001001 )
1X
1U
b11101011 #
b11101011 &
0"
#15150000
04
b101001010 !
b101001010 (
b11111100 *
b1001010 )
1/
00
05
0X
0,
12
0U
b11101100 #
b11101100 &
1"
#15160000
b101001011 !
b101001011 (
b1001011 )
1X
1U
b11101101 #
b11101101 &
0"
#15170000
15
14
b101001100 !
b101001100 (
b11111110 *
b1001100 )
0/
10
0X
1,
0U
b11101110 #
b11101110 &
1"
#15180000
b101001110 !
b101001110 (
b1001110 )
1/
1.
b11111111 *
1Y
1V
1U
b1011111 $
b1011111 '
b11101111 #
b11101111 &
0"
#15190000
0@
0<
0:
06
04
00
b101001111 !
b101001111 (
0.
b1001111 )
b11110000 *
1/
15
1;
0A
1X
0Y
0,
02
08
1>
0U
b11110000 #
b11110000 &
1"
#15200000
1A
1@
0;
1<
1:
05
16
14
0/
10
b101010000 !
b101010000 (
1.
b1010000 )
b11111111 *
0X
1Y
1U
b11110001 #
b11110001 &
0"
#15210000
b101010001 !
b101010001 (
0.
b1010001 )
b11111110 *
0/
1X
0Y
1,
0U
b11110010 #
b11110010 &
1"
#15220000
1/
b101010010 !
b101010010 (
1.
b1010010 )
b11111111 *
0X
1Y
1U
b11110011 #
b11110011 &
0"
#15230000
04
00
b101010011 !
b101010011 (
0.
b1010011 )
b11111100 *
1/
05
1X
0Y
0,
12
0U
b11110100 #
b11110100 &
1"
#15240000
15
14
0/
10
b101010100 !
b101010100 (
1.
b1010100 )
b11111111 *
0X
1Y
1U
b11110101 #
b11110101 &
0"
#15250000
b101010101 !
b101010101 (
0.
b1010101 )
b11111110 *
0/
1X
0Y
1,
0U
b11110110 #
b11110110 &
1"
#15260000
1/
b101010110 !
b101010110 (
1.
b1010110 )
b11111111 *
0X
1Y
1U
b11110111 #
b11110111 &
0"
#15270000
0:
06
04
00
b101010111 !
b101010111 (
0.
b1010111 )
b11111000 *
1/
15
0;
1X
0Y
0,
02
18
0U
b11111000 #
b11111000 &
1"
#15280000
1;
1:
05
16
14
0/
10
b101011000 !
b101011000 (
1.
b1011000 )
b11111111 *
0X
1Y
1U
b11111001 #
b11111001 &
0"
#15290000
b101011001 !
b101011001 (
0.
b1011001 )
b11111110 *
0/
1X
0Y
1,
0U
b11111010 #
b11111010 &
1"
#15300000
1/
b101011010 !
b101011010 (
1.
b1011010 )
b11111111 *
0X
1Y
1U
b11111011 #
b11111011 &
0"
#15310000
04
00
b101011011 !
b101011011 (
0.
b1011011 )
b11111100 *
1/
05
1X
0Y
0,
12
0U
b11111100 #
b11111100 &
1"
#15320000
15
14
0/
10
b101011100 !
b101011100 (
1.
b1011100 )
b11111111 *
0X
1Y
1U
b11111101 #
b11111101 &
0"
#15330000
b101011101 !
b101011101 (
0.
b1011101 )
b11111110 *
0/
1X
0Y
1,
0U
b11111110 #
b11111110 &
1"
#15340000
0F
0B
0@
0<
0:
06
04
b101011111 !
b101011111 (
b11100000 *
b1011111 )
1/
00
15
1;
1A
0G
0-
03
09
0?
1E
0V
1U
b1100000 $
b1100000 '
b11111111 #
b11111111 &
0"
#15350000
0R
0N
0L
b1100000 !
b1100000 (
b0 *
b1100000 )
0/
05
0;
0A
1G
0H
1M
0S
0T
0X
0,
02
08
0>
0D
0J
0P
0U
b0 #
b0 &
1"
#15360000
b1100001 !
b1100001 (
b1100001 )
1X
1U
b1 #
b1 &
0"
#15370000
b1100010 !
b1100010 (
b1100010 )
1/
0X
1,
0U
b10 #
b10 &
1"
#15380000
b1100011 !
b1100011 (
b1100011 )
1X
1U
b11 #
b11 &
0"
#15390000
b1100100 !
b1100100 (
b1100100 )
0/
15
0X
0,
12
0U
b100 #
b100 &
1"
#15400000
b1100101 !
b1100101 (
b1100101 )
1X
1U
b101 #
b101 &
0"
#15410000
b1100110 !
b1100110 (
b1100110 )
1/
0X
1,
0U
b110 #
b110 &
1"
#15420000
b1100111 !
b1100111 (
b1100111 )
1X
1U
b111 #
b111 &
0"
#15430000
b1101000 !
b1101000 (
b1101000 )
0/
05
1;
0X
0,
02
18
0U
b1000 #
b1000 &
1"
#15440000
b1101001 !
b1101001 (
b1101001 )
1X
1U
b1001 #
b1001 &
0"
#15450000
b1101010 !
b1101010 (
b1101010 )
1/
0X
1,
0U
b1010 #
b1010 &
1"
#15460000
b1101011 !
b1101011 (
b1101011 )
1X
1U
b1011 #
b1011 &
0"
#15470000
b1101100 !
b1101100 (
b1101100 )
0/
15
0X
0,
12
0U
b1100 #
b1100 &
1"
#15480000
b1101101 !
b1101101 (
b1101101 )
1X
1U
b1101 #
b1101 &
0"
#15490000
b1101110 !
b1101110 (
b1101110 )
1/
0X
1,
0U
b1110 #
b1110 &
1"
#15500000
1A
1@
0;
1<
1:
05
16
b1110000 !
b1110000 (
14
b1110000 )
0/
10
1.
b1111 *
1Y
1V
1U
b1100001 $
b1100001 '
b1111 #
b1111 &
0"
#15510000
0S
0R
1M
0N
0L
1G
0H
b1110001 !
b1110001 (
0F
0@
0:
04
0.
b1110001 )
b0 *
0/
00
05
06
0;
0<
1A
0B
1X
0Y
0,
02
08
1>
0U
b10000 #
b10000 &
1"
#15520000
1/
b1110010 !
b1110010 (
1.
b1110010 )
b1 *
0X
1Y
1U
b10001 #
b10001 &
0"
#15530000
05
b1110011 !
b1110011 (
04
0.
b1110011 )
b0 *
1/
00
1X
0Y
1,
0U
b10010 #
b10010 &
1"
#15540000
15
14
0/
10
b1110100 !
b1110100 (
1.
b1110100 )
b11 *
0X
1Y
1U
b10011 #
b10011 &
0"
#15550000
0;
b1110101 !
b1110101 (
0:
04
0.
b1110101 )
b0 *
0/
00
15
06
1X
0Y
0,
12
0U
b10100 #
b10100 &
1"
#15560000
1/
b1110110 !
b1110110 (
1.
b1110110 )
b1 *
0X
1Y
1U
b10101 #
b10101 &
0"
#15570000
0;
0:
15
06
b1110111 !
b1110111 (
04
0.
b1110111 )
b0 *
1/
00
1X
0Y
1,
0U
b10110 #
b10110 &
1"
#15580000
1;
1:
05
16
14
0/
10
b1111000 !
b1111000 (
1.
b1111000 )
b111 *
0X
1Y
1U
b10111 #
b10111 &
0"
#15590000
0S
0R
1M
0N
0L
1G
0H
0F
1A
0B
b1111001 !
b1111001 (
0@
0:
04
0.
b1111001 )
b0 *
0/
00
05
06
1;
0<
1X
0Y
0,
02
18
0U
b11000 #
b11000 &
1"
#15600000
1/
b1111010 !
b1111010 (
1.
b1111010 )
b1 *
0X
1Y
1U
b11001 #
b11001 &
0"
#15610000
05
b1111011 !
b1111011 (
04
0.
b1111011 )
b0 *
1/
00
1X
0Y
1,
0U
b11010 #
b11010 &
1"
#15620000
15
14
0/
10
b1111100 !
b1111100 (
1.
b1111100 )
b11 *
0X
1Y
1U
b11011 #
b11011 &
0"
#15630000
0S
0R
1M
0N
0L
1G
0H
0F
1A
0B
0@
1;
0<
b1111101 !
b1111101 (
0:
04
0.
b1111101 )
b0 *
0/
00
15
06
1X
0Y
0,
12
0U
b11100 #
b11100 &
1"
#15640000
1/
b1111110 !
b1111110 (
1.
b1111110 )
b1 *
0X
1Y
1U
b11101 #
b11101 &
0"
#15650000
0S
0R
1M
0N
0L
1G
0H
0F
1A
0B
0@
1;
0<
0:
15
06
b1111111 !
b1111111 (
04
0.
b1111111 )
b0 *
1/
00
1X
0Y
1,
0U
b11110 #
b11110 &
1"
#15660000
1S
1R
0M
1N
1L
0G
1H
1F
0A
1B
1@
0;
1<
1:
05
16
b10000001 !
b10000001 (
14
b10000001 )
b1111110 *
0/
10
1-
0V
1U
b1100010 $
b1100010 '
b11111 #
b11111 &
0"
#15670000
0F
0@
0:
04
b10000010 !
b10000010 (
b1100000 *
b10000010 )
1/
00
05
06
0;
0<
0A
0B
0G
0X
0,
02
08
0>
1D
0U
b100000 #
b100000 &
1"
#15680000
b10000011 !
b10000011 (
b10000011 )
1X
1U
b100001 #
b100001 &
0"
#15690000
15
14
b10000100 !
b10000100 (
b1100010 *
b10000100 )
0/
10
0X
1,
0U
b100010 #
b100010 &
1"
#15700000
b10000101 !
b10000101 (
b10000101 )
1X
1U
b100011 #
b100011 &
0"
#15710000
0;
0:
04
b10000110 !
b10000110 (
b1100000 *
b10000110 )
1/
00
15
06
0X
0,
12
0U
b100100 #
b100100 &
1"
#15720000
b10000111 !
b10000111 (
b10000111 )
1X
1U
b100101 #
b100101 &
0"
#15730000
1;
1:
05
16
14
b10001000 !
b10001000 (
b1100110 *
b10001000 )
0/
10
0X
1,
0U
b100110 #
b100110 &
1"
#15740000
b10001001 !
b10001001 (
b10001001 )
1X
1U
b100111 #
b100111 &
0"
#15750000
0A
0@
0:
04
b10001010 !
b10001010 (
b1100000 *
b10001010 )
1/
00
05
06
1;
0<
0X
0,
02
18
0U
b101000 #
b101000 &
1"
#15760000
b10001011 !
b10001011 (
b10001011 )
1X
1U
b101001 #
b101001 &
0"
#15770000
15
14
b10001100 !
b10001100 (
b1100010 *
b10001100 )
0/
10
0X
1,
0U
b101010 #
b101010 &
1"
#15780000
b10001101 !
b10001101 (
b10001101 )
1X
1U
b101011 #
b101011 &
0"
#15790000
0A
0@
1;
0<
0:
04
b10001110 !
b10001110 (
b1100000 *
b10001110 )
1/
00
15
06
0X
0,
12
0U
b101100 #
b101100 &
1"
#15800000
b10001111 !
b10001111 (
b10001111 )
1X
1U
b101101 #
b101101 &
0"
#15810000
1A
1@
0;
1<
1:
05
16
14
b10010000 !
b10010000 (
b1101110 *
b10010000 )
0/
10
0X
1,
0U
b101110 #
b101110 &
1"
#15820000
b10010010 !
b10010010 (
b10010010 )
1/
1.
b1101111 *
1Y
1V
1U
b1100011 $
b1100011 '
b101111 #
b101111 &
0"
#15830000
04
0G
00
b10010011 !
b10010011 (
0F
0@
0:
0.
b10010011 )
b1100000 *
1/
05
06
0;
0<
1A
0B
1X
0Y
0,
02
08
1>
0U
b110000 #
b110000 &
1"
#15840000
15
14
0/
10
b10010100 !
b10010100 (
1.
b10010100 )
b1100011 *
0X
1Y
1U
b110001 #
b110001 &
0"
#15850000
b10010101 !
b10010101 (
0.
b10010101 )
b1100010 *
0/
1X
0Y
1,
0U
b110010 #
b110010 &
1"
#15860000
1/
b10010110 !
b10010110 (
1.
b10010110 )
b1100011 *
0X
1Y
1U
b110011 #
b110011 &
0"
#15870000
04
0;
00
b10010111 !
b10010111 (
0:
0.
b10010111 )
b1100000 *
1/
15
06
1X
0Y
0,
12
0U
b110100 #
b110100 &
1"
#15880000
1;
1:
05
16
14
0/
10
b10011000 !
b10011000 (
1.
b10011000 )
b1100111 *
0X
1Y
1U
b110101 #
b110101 &
0"
#15890000
b10011001 !
b10011001 (
0.
b10011001 )
b1100110 *
0/
1X
0Y
1,
0U
b110110 #
b110110 &
1"
#15900000
1/
b10011010 !
b10011010 (
1.
b10011010 )
b1100111 *
0X
1Y
1U
b110111 #
b110111 &
0"
#15910000
0G
0F
04
1A
0B
00
b10011011 !
b10011011 (
0@
0:
0.
b10011011 )
b1100000 *
1/
05
06
1;
0<
1X
0Y
0,
02
18
0U
b111000 #
b111000 &
1"
#15920000
15
14
0/
10
b10011100 !
b10011100 (
1.
b10011100 )
b1100011 *
0X
1Y
1U
b111001 #
b111001 &
0"
#15930000
b10011101 !
b10011101 (
0.
b10011101 )
b1100010 *
0/
1X
0Y
1,
0U
b111010 #
b111010 &
1"
#15940000
1/
b10011110 !
b10011110 (
1.
b10011110 )
b1100011 *
0X
1Y
1U
b111011 #
b111011 &
0"
#15950000
0G
0F
1A
0B
0@
04
1;
0<
00
b10011111 !
b10011111 (
0:
0.
b10011111 )
b1100000 *
1/
15
06
1X
0Y
0,
12
0U
b111100 #
b111100 &
1"
#15960000
1G
1F
0A
1B
1@
0;
1<
1:
05
16
14
0/
10
b10100000 !
b10100000 (
1.
b10100000 )
b1111111 *
0X
1Y
1U
b111101 #
b111101 &
0"
#15970000
b10100001 !
b10100001 (
0.
b10100001 )
b1111110 *
0/
1X
0Y
1,
0U
b111110 #
b111110 &
1"
#15980000
04
b10100011 !
b10100011 (
b1111100 *
b10100011 )
1/
00
05
0-
13
0V
1U
b1100100 $
b1100100 '
b111111 #
b111111 &
0"
#15990000
0L
0H
0F
0@
0:
b10100100 !
b10100100 (
b1000000 *
b10100100 )
0/
15
06
0;
0<
0A
0B
1G
0M
0X
0,
02
08
0>
0D
1J
0U
b1000000 #
b1000000 &
1"
#16000000
b10100101 !
b10100101 (
b10100101 )
1X
1U
b1000001 #
b1000001 &
0"
#16010000
b10100110 !
b10100110 (
b10100110 )
1/
0X
1,
0U
b1000010 #
b1000010 &
1"
#16020000
b10100111 !
b10100111 (
b10100111 )
1X
1U
b1000011 #
b1000011 &
0"
#16030000
1;
1:
b10101000 !
b10101000 (
b1000100 *
b10101000 )
0/
05
16
0X
0,
12
0U
b1000100 #
b1000100 &
1"
#16040000
b10101001 !
b10101001 (
b10101001 )
1X
1U
b1000101 #
b1000101 &
0"
#16050000
b10101010 !
b10101010 (
b10101010 )
1/
0X
1,
0U
b1000110 #
b1000110 &
1"
#16060000
b10101011 !
b10101011 (
b10101011 )
1X
1U
b1000111 #
b1000111 &
0"
#16070000
0A
0@
0:
b10101100 !
b10101100 (
b1000000 *
b10101100 )
0/
15
06
1;
0<
0X
0,
02
18
0U
b1001000 #
b1001000 &
1"
#16080000
b10101101 !
b10101101 (
b10101101 )
1X
1U
b1001001 #
b1001001 &
0"
#16090000
b10101110 !
b10101110 (
b10101110 )
1/
0X
1,
0U
b1001010 #
b1001010 &
1"
#16100000
b10101111 !
b10101111 (
b10101111 )
1X
1U
b1001011 #
b1001011 &
0"
#16110000
1A
1@
0;
1<
1:
b10110000 !
b10110000 (
b1001100 *
b10110000 )
0/
05
16
0X
0,
12
0U
b1001100 #
b1001100 &
1"
#16120000
b10110001 !
b10110001 (
b10110001 )
1X
1U
b1001101 #
b1001101 &
0"
#16130000
b10110010 !
b10110010 (
b10110010 )
1/
0X
1,
0U
b1001110 #
b1001110 &
1"
#16140000
15
b10110100 !
b10110100 (
14
b10110100 )
0/
10
1.
b1001111 *
1Y
1V
1U
b1100101 $
b1100101 '
b1001111 #
b1001111 &
0"
#16150000
0M
0L
0:
1G
0H
06
b10110101 !
b10110101 (
0F
0@
04
0.
b10110101 )
b1000000 *
0/
00
15
0;
0<
1A
0B
1X
0Y
0,
02
08
1>
0U
b1010000 #
b1010000 &
1"
#16160000
1/
b10110110 !
b10110110 (
1.
b10110110 )
b1000001 *
0X
1Y
1U
b1010001 #
b1010001 &
0"
#16170000
0;
0:
15
06
b10110111 !
b10110111 (
04
0.
b10110111 )
b1000000 *
1/
00
1X
0Y
1,
0U
b1010010 #
b1010010 &
1"
#16180000
1;
1:
05
16
14
0/
10
b10111000 !
b10111000 (
1.
b10111000 )
b1000111 *
0X
1Y
1U
b1010011 #
b1010011 &
0"
#16190000
b10111001 !
b10111001 (
04
0.
b10111001 )
b1000100 *
0/
00
05
1X
0Y
0,
12
0U
b1010100 #
b1010100 &
1"
#16200000
1/
b10111010 !
b10111010 (
1.
b10111010 )
b1000101 *
0X
1Y
1U
b1010101 #
b1010101 &
0"
#16210000
05
b10111011 !
b10111011 (
04
0.
b10111011 )
b1000100 *
1/
00
1X
0Y
1,
0U
b1010110 #
b1010110 &
1"
#16220000
15
14
0/
10
b10111100 !
b10111100 (
1.
b10111100 )
b1000111 *
0X
1Y
1U
b1010111 #
b1010111 &
0"
#16230000
0M
0L
1G
0H
0F
0:
1A
0B
06
b10111101 !
b10111101 (
0@
04
0.
b10111101 )
b1000000 *
0/
00
15
1;
0<
1X
0Y
0,
02
18
0U
b1011000 #
b1011000 &
1"
#16240000
1/
b10111110 !
b10111110 (
1.
b10111110 )
b1000001 *
0X
1Y
1U
b1011001 #
b1011001 &
0"
#16250000
0M
0L
1G
0H
0F
1A
0B
0@
1;
0<
0:
15
06
b10111111 !
b10111111 (
04
0.
b10111111 )
b1000000 *
1/
00
1X
0Y
1,
0U
b1011010 #
b1011010 &
1"
#16260000
1M
1L
0G
1H
1F
0A
1B
1@
0;
1<
1:
05
16
14
0/
10
b11000000 !
b11000000 (
1.
b11000000 )
b1111111 *
0X
1Y
1U
b1011011 #
b1011011 &
0"
#16270000
b11000001 !
b11000001 (
04
0.
b11000001 )
b1111100 *
0/
00
05
1X
0Y
0,
12
0U
b1011100 #
b1011100 &
1"
#16280000
1/
b11000010 !
b11000010 (
1.
b11000010 )
b1111101 *
0X
1Y
1U
b1011101 #
b1011101 &
0"
#16290000
05
b11000011 !
b11000011 (
04
0.
b11000011 )
b1111100 *
1/
00
1X
0Y
1,
0U
b1011110 #
b1011110 &
1"
#16300000
15
b11000101 !
b11000101 (
14
b11000101 )
b1111110 *
0/
10
1-
0V
1U
b1100110 $
b1100110 '
b1011111 #
b1011111 &
0"
#16310000
0:
06
0F
0@
04
b11000110 !
b11000110 (
b1100000 *
b11000110 )
1/
00
15
0;
0<
0A
0B
0G
0X
0,
02
08
0>
1D
0U
b1100000 #
b1100000 &
1"
#16320000
b11000111 !
b11000111 (
b11000111 )
1X
1U
b1100001 #
b1100001 &
0"
#16330000
1;
1:
05
16
14
b11001000 !
b11001000 (
b1100110 *
b11001000 )
0/
10
0X
1,
0U
b1100010 #
b1100010 &
1"
#16340000
b11001001 !
b11001001 (
b11001001 )
1X
1U
b1100011 #
b1100011 &
0"
#16350000
04
b11001010 !
b11001010 (
b1100100 *
b11001010 )
1/
00
05
0X
0,
12
0U
b1100100 #
b1100100 &
1"
#16360000
b11001011 !
b11001011 (
b11001011 )
1X
1U
b1100101 #
b1100101 &
0"
#16370000
15
14
b11001100 !
b11001100 (
b1100110 *
b11001100 )
0/
10
0X
1,
0U
b1100110 #
b1100110 &
1"
#16380000
b11001101 !
b11001101 (
b11001101 )
1X
1U
b1100111 #
b1100111 &
0"
#16390000
0:
0A
06
0@
04
b11001110 !
b11001110 (
b1100000 *
b11001110 )
1/
00
15
1;
0<
0X
0,
02
18
0U
b1101000 #
b1101000 &
1"
#16400000
b11001111 !
b11001111 (
b11001111 )
1X
1U
b1101001 #
b1101001 &
0"
#16410000
1A
1@
0;
1<
1:
05
16
14
b11010000 !
b11010000 (
b1101110 *
b11010000 )
0/
10
0X
1,
0U
b1101010 #
b1101010 &
1"
#16420000
b11010001 !
b11010001 (
b11010001 )
1X
1U
b1101011 #
b1101011 &
0"
#16430000
04
b11010010 !
b11010010 (
b1101100 *
b11010010 )
1/
00
05
0X
0,
12
0U
b1101100 #
b1101100 &
1"
#16440000
b11010011 !
b11010011 (
b11010011 )
1X
1U
b1101101 #
b1101101 &
0"
#16450000
15
14
b11010100 !
b11010100 (
b1101110 *
b11010100 )
0/
10
0X
1,
0U
b1101110 #
b1101110 &
1"
#16460000
b11010110 !
b11010110 (
b11010110 )
1/
1.
b1101111 *
1Y
1V
1U
b1100111 $
b1100111 '
b1101111 #
b1101111 &
0"
#16470000
0:
06
04
0G
00
b11010111 !
b11010111 (
0F
0@
0.
b11010111 )
b1100000 *
1/
15
0;
0<
1A
0B
1X
0Y
0,
02
08
1>
0U
b1110000 #
b1110000 &
1"
#16480000
1;
1:
05
16
14
0/
10
b11011000 !
b11011000 (
1.
b11011000 )
b1100111 *
0X
1Y
1U
b1110001 #
b1110001 &
0"
#16490000
b11011001 !
b11011001 (
0.
b11011001 )
b1100110 *
0/
1X
0Y
1,
0U
b1110010 #
b1110010 &
1"
#16500000
1/
b11011010 !
b11011010 (
1.
b11011010 )
b1100111 *
0X
1Y
1U
b1110011 #
b1110011 &
0"
#16510000
04
00
b11011011 !
b11011011 (
0.
b11011011 )
b1100100 *
1/
05
1X
0Y
0,
12
0U
b1110100 #
b1110100 &
1"
#16520000
15
14
0/
10
b11011100 !
b11011100 (
1.
b11011100 )
b1100111 *
0X
1Y
1U
b1110101 #
b1110101 &
0"
#16530000
b11011101 !
b11011101 (
0.
b11011101 )
b1100110 *
0/
1X
0Y
1,
0U
b1110110 #
b1110110 &
1"
#16540000
1/
b11011110 !
b11011110 (
1.
b11011110 )
b1100111 *
0X
1Y
1U
b1110111 #
b1110111 &
0"
#16550000
0:
0G
06
0F
04
1A
0B
00
b11011111 !
b11011111 (
0@
0.
b11011111 )
b1100000 *
1/
15
1;
0<
1X
0Y
0,
02
18
0U
b1111000 #
b1111000 &
1"
#16560000
1G
1F
0A
1B
1@
0;
1<
1:
05
16
14
0/
10
b11100000 !
b11100000 (
1.
b11100000 )
b1111111 *
0X
1Y
1U
b1111001 #
b1111001 &
0"
#16570000
b11100001 !
b11100001 (
0.
b11100001 )
b1111110 *
0/
1X
0Y
1,
0U
b1111010 #
b1111010 &
1"
#16580000
1/
b11100010 !
b11100010 (
1.
b11100010 )
b1111111 *
0X
1Y
1U
b1111011 #
b1111011 &
0"
#16590000
04
00
b11100011 !
b11100011 (
0.
b11100011 )
b1111100 *
1/
05
1X
0Y
0,
12
0U
b1111100 #
b1111100 &
1"
#16600000
15
14
0/
10
b11100100 !
b11100100 (
1.
b11100100 )
b1111111 *
0X
1Y
1U
b1111101 #
b1111101 &
0"
#16610000
b11100101 !
b11100101 (
0.
b11100101 )
b1111110 *
0/
1X
0Y
1,
0U
b1111110 #
b1111110 &
1"
#16620000
0:
06
04
b11100111 !
b11100111 (
b1111000 *
b11100111 )
1/
00
15
0;
0-
03
19
0V
1U
b1101000 $
b1101000 '
b1111111 #
b1111111 &
0"
#16630000
0R
0N
0L
0H
0F
0@
b11101000 !
b11101000 (
b0 *
b11101000 )
0/
05
1;
0<
0A
0B
1G
1M
1S
0T
0X
0,
02
08
0>
0D
0J
1P
0U
b10000000 #
b10000000 &
1"
#16640000
b11101001 !
b11101001 (
b11101001 )
1X
1U
b10000001 #
b10000001 &
0"
#16650000
b11101010 !
b11101010 (
b11101010 )
1/
0X
1,
0U
b10000010 #
b10000010 &
1"
#16660000
b11101011 !
b11101011 (
b11101011 )
1X
1U
b10000011 #
b10000011 &
0"
#16670000
b11101100 !
b11101100 (
b11101100 )
0/
15
0X
0,
12
0U
b10000100 #
b10000100 &
1"
#16680000
b11101101 !
b11101101 (
b11101101 )
1X
1U
b10000101 #
b10000101 &
0"
#16690000
b11101110 !
b11101110 (
b11101110 )
1/
0X
1,
0U
b10000110 #
b10000110 &
1"
#16700000
b11101111 !
b11101111 (
b11101111 )
1X
1U
b10000111 #
b10000111 &
0"
#16710000
1A
1@
b11110000 !
b11110000 (
b1000 *
b11110000 )
0/
05
0;
1<
0X
0,
02
18
0U
b10001000 #
b10001000 &
1"
#16720000
b11110001 !
b11110001 (
b11110001 )
1X
1U
b10001001 #
b10001001 &
0"
#16730000
b11110010 !
b11110010 (
b11110010 )
1/
0X
1,
0U
b10001010 #
b10001010 &
1"
#16740000
b11110011 !
b11110011 (
b11110011 )
1X
1U
b10001011 #
b10001011 &
0"
#16750000
b11110100 !
b11110100 (
b11110100 )
0/
15
0X
0,
12
0U
b10001100 #
b10001100 &
1"
#16760000
b11110101 !
b11110101 (
b11110101 )
1X
1U
b10001101 #
b10001101 &
0"
#16770000
b11110110 !
b11110110 (
b11110110 )
1/
0X
1,
0U
b10001110 #
b10001110 &
1"
#16780000
1;
1:
05
16
b11111000 !
b11111000 (
14
b11111000 )
0/
10
1.
b1111 *
1Y
1V
1U
b1101001 $
b1101001 '
b10001111 #
b10001111 &
0"
#16790000
1S
0T
0R
1M
0N
0L
0@
1G
0H
0<
b11111001 !
b11111001 (
0F
0:
04
0.
b11111001 )
b0 *
0/
00
05
06
1;
1A
0B
1X
0Y
0,
02
08
1>
0U
b10010000 #
b10010000 &
1"
#16800000
1/
b11111010 !
b11111010 (
1.
b11111010 )
b1 *
0X
1Y
1U
b10010001 #
b10010001 &
0"
#16810000
05
b11111011 !
b11111011 (
04
0.
b11111011 )
b0 *
1/
00
1X
0Y
1,
0U
b10010010 #
b10010010 &
1"
#16820000
15
14
0/
10
b11111100 !
b11111100 (
1.
b11111100 )
b11 *
0X
1Y
1U
b10010011 #
b10010011 &
0"
#16830000
1S
0T
0R
1M
0N
0L
1G
0H
0F
1A
0B
0@
1;
0<
b11111101 !
b11111101 (
0:
04
0.
b11111101 )
b0 *
0/
00
15
06
1X
0Y
0,
12
0U
b10010100 #
b10010100 &
1"
#16840000
1/
b11111110 !
b11111110 (
1.
b11111110 )
b1 *
0X
1Y
1U
b10010101 #
b10010101 &
0"
#16850000
1S
0T
0R
1M
0N
0L
1G
0H
0F
1A
0B
0@
1;
0<
0:
15
06
b11111111 !
b11111111 (
04
0.
b11111111 )
b0 *
1/
00
1X
0Y
1,
0U
b10010110 #
b10010110 &
1"
#16860000
0S
1T
1R
0M
1N
1L
0G
1H
1F
0A
1B
1@
0;
1<
1:
05
16
14
0/
10
b100000000 !
b100000000 (
1.
b0 )
b11111111 *
0X
1Y
1U
b10010111 #
b10010111 &
0"
#16870000
b100000001 !
b100000001 (
0:
04
0.
b1 )
b11111000 *
0/
00
05
06
0;
1X
0Y
0,
02
18
0U
b10011000 #
b10011000 &
1"
#16880000
1/
b100000010 !
b100000010 (
1.
b10 )
b11111001 *
0X
1Y
1U
b10011001 #
b10011001 &
0"
#16890000
05
b100000011 !
b100000011 (
04
0.
b11 )
b11111000 *
1/
00
1X
0Y
1,
0U
b10011010 #
b10011010 &
1"
#16900000
15
14
0/
10
b100000100 !
b100000100 (
1.
b100 )
b11111011 *
0X
1Y
1U
b10011011 #
b10011011 &
0"
#16910000
0;
b100000101 !
b100000101 (
0:
04
0.
b101 )
b11111000 *
0/
00
15
06
1X
0Y
0,
12
0U
b10011100 #
b10011100 &
1"
#16920000
1/
b100000110 !
b100000110 (
1.
b110 )
b11111001 *
0X
1Y
1U
b10011101 #
b10011101 &
0"
#16930000
0;
0:
15
06
b100000111 !
b100000111 (
04
0.
b111 )
b11111000 *
1/
00
1X
0Y
1,
0U
b10011110 #
b10011110 &
1"
#16940000
1;
1:
05
16
b100001001 !
b100001001 (
14
b1001 )
b11111110 *
0/
10
1-
0V
1U
b1101010 $
b1101010 '
b10011111 #
b10011111 &
0"
#16950000
0@
0<
0F
0:
04
b100001010 !
b100001010 (
b11100000 *
b1010 )
1/
00
05
06
1;
0A
0B
0G
0X
0,
02
08
0>
1D
0U
b10100000 #
b10100000 &
1"
#16960000
b100001011 !
b100001011 (
b1011 )
1X
1U
b10100001 #
b10100001 &
0"
#16970000
15
14
b100001100 !
b100001100 (
b11100010 *
b1100 )
0/
10
0X
1,
0U
b10100010 #
b10100010 &
1"
#16980000
b100001101 !
b100001101 (
b1101 )
1X
1U
b10100011 #
b10100011 &
0"
#16990000
0A
0@
1;
0<
0:
04
b100001110 !
b100001110 (
b11100000 *
b1110 )
1/
00
15
06
0X
0,
12
0U
b10100100 #
b10100100 &
1"
#17000000
b100001111 !
b100001111 (
b1111 )
1X
1U
b10100101 #
b10100101 &
0"
#17010000
1A
1@
0;
1<
1:
05
16
14
b100010000 !
b100010000 (
b11101110 *
b10000 )
0/
10
0X
1,
0U
b10100110 #
b10100110 &
1"
#17020000
b100010001 !
b100010001 (
b10001 )
1X
1U
b10100111 #
b10100111 &
0"
#17030000
0:
04
b100010010 !
b100010010 (
b11101000 *
b10010 )
1/
00
05
06
0;
0X
0,
02
18
0U
b10101000 #
b10101000 &
1"
#17040000
b100010011 !
b100010011 (
b10011 )
1X
1U
b10101001 #
b10101001 &
0"
#17050000
15
14
b100010100 !
b100010100 (
b11101010 *
b10100 )
0/
10
0X
1,
0U
b10101010 #
b10101010 &
1"
#17060000
b100010101 !
b100010101 (
b10101 )
1X
1U
b10101011 #
b10101011 &
0"
#17070000
0;
0:
04
b100010110 !
b100010110 (
b11101000 *
b10110 )
1/
00
15
06
0X
0,
12
0U
b10101100 #
b10101100 &
1"
#17080000
b100010111 !
b100010111 (
b10111 )
1X
1U
b10101101 #
b10101101 &
0"
#17090000
1;
1:
05
16
14
b100011000 !
b100011000 (
b11101110 *
b11000 )
0/
10
0X
1,
0U
b10101110 #
b10101110 &
1"
#17100000
b100011010 !
b100011010 (
b11010 )
1/
1.
b11101111 *
1Y
1V
1U
b1101011 $
b1101011 '
b10101111 #
b10101111 &
0"
#17110000
0@
04
0G
0<
00
b100011011 !
b100011011 (
0F
0:
0.
b11011 )
b11100000 *
1/
05
06
1;
1A
0B
1X
0Y
0,
02
08
1>
0U
b10110000 #
b10110000 &
1"
#17120000
15
14
0/
10
b100011100 !
b100011100 (
1.
b11100 )
b11100011 *
0X
1Y
1U
b10110001 #
b10110001 &
0"
#17130000
b100011101 !
b100011101 (
0.
b11101 )
b11100010 *
0/
1X
0Y
1,
0U
b10110010 #
b10110010 &
1"
#17140000
1/
b100011110 !
b100011110 (
1.
b11110 )
b11100011 *
0X
1Y
1U
b10110011 #
b10110011 &
0"
#17150000
0G
0F
1A
0B
0@
04
1;
0<
00
b100011111 !
b100011111 (
0:
0.
b11111 )
b11100000 *
1/
15
06
1X
0Y
0,
12
0U
b10110100 #
b10110100 &
1"
#17160000
1G
1F
0A
1B
1@
0;
1<
1:
05
16
14
0/
10
b100100000 !
b100100000 (
1.
b100000 )
b11111111 *
0X
1Y
1U
b10110101 #
b10110101 &
0"
#17170000
b100100001 !
b100100001 (
0.
b100001 )
b11111110 *
0/
1X
0Y
1,
0U
b10110110 #
b10110110 &
1"
#17180000
1/
b100100010 !
b100100010 (
1.
b100010 )
b11111111 *
0X
1Y
1U
b10110111 #
b10110111 &
0"
#17190000
04
00
b100100011 !
b100100011 (
0:
0.
b100011 )
b11111000 *
1/
05
06
0;
1X
0Y
0,
02
18
0U
b10111000 #
b10111000 &
1"
#17200000
15
14
0/
10
b100100100 !
b100100100 (
1.
b100100 )
b11111011 *
0X
1Y
1U
b10111001 #
b10111001 &
0"
#17210000
b100100101 !
b100100101 (
0.
b100101 )
b11111010 *
0/
1X
0Y
1,
0U
b10111010 #
b10111010 &
1"
#17220000
1/
b100100110 !
b100100110 (
1.
b100110 )
b11111011 *
0X
1Y
1U
b10111011 #
b10111011 &
0"
#17230000
04
0;
00
b100100111 !
b100100111 (
0:
0.
b100111 )
b11111000 *
1/
15
06
1X
0Y
0,
12
0U
b10111100 #
b10111100 &
1"
#17240000
1;
1:
05
16
14
0/
10
b100101000 !
b100101000 (
1.
b101000 )
b11111111 *
0X
1Y
1U
b10111101 #
b10111101 &
0"
#17250000
b100101001 !
b100101001 (
0.
b101001 )
b11111110 *
0/
1X
0Y
1,
0U
b10111110 #
b10111110 &
1"
#17260000
04
b100101011 !
b100101011 (
b11111100 *
b101011 )
1/
00
05
0-
13
0V
1U
b1101100 $
b1101100 '
b10111111 #
b10111111 &
0"
#17270000
0L
0@
0H
0<
0F
0:
b100101100 !
b100101100 (
b11000000 *
b101100 )
0/
15
06
1;
0A
0B
1G
0M
0X
0,
02
08
0>
0D
1J
0U
b11000000 #
b11000000 &
1"
#17280000
b100101101 !
b100101101 (
b101101 )
1X
1U
b11000001 #
b11000001 &
0"
#17290000
b100101110 !
b100101110 (
b101110 )
1/
0X
1,
0U
b11000010 #
b11000010 &
1"
#17300000
b100101111 !
b100101111 (
b101111 )
1X
1U
b11000011 #
b11000011 &
0"
#17310000
1A
1@
0;
1<
1:
b100110000 !
b100110000 (
b11001100 *
b110000 )
0/
05
16
0X
0,
12
0U
b11000100 #
b11000100 &
1"
#17320000
b100110001 !
b100110001 (
b110001 )
1X
1U
b11000101 #
b11000101 &
0"
#17330000
b100110010 !
b100110010 (
b110010 )
1/
0X
1,
0U
b11000110 #
b11000110 &
1"
#17340000
b100110011 !
b100110011 (
b110011 )
1X
1U
b11000111 #
b11000111 &
0"
#17350000
0:
b100110100 !
b100110100 (
b11001000 *
b110100 )
0/
15
06
0;
0X
0,
02
18
0U
b11001000 #
b11001000 &
1"
#17360000
b100110101 !
b100110101 (
b110101 )
1X
1U
b11001001 #
b11001001 &
0"
#17370000
b100110110 !
b100110110 (
b110110 )
1/
0X
1,
0U
b11001010 #
b11001010 &
1"
#17380000
b100110111 !
b100110111 (
b110111 )
1X
1U
b11001011 #
b11001011 &
0"
#17390000
1;
1:
b100111000 !
b100111000 (
b11001100 *
b111000 )
0/
05
16
0X
0,
12
0U
b11001100 #
b11001100 &
1"
#17400000
b100111001 !
b100111001 (
b111001 )
1X
1U
b11001101 #
b11001101 &
0"
#17410000
b100111010 !
b100111010 (
b111010 )
1/
0X
1,
0U
b11001110 #
b11001110 &
1"
#17420000
15
b100111100 !
b100111100 (
14
b111100 )
0/
10
1.
b11001111 *
1Y
1V
1U
b1101101 $
b1101101 '
b11001111 #
b11001111 &
0"
#17430000
0@
0M
0<
0L
0:
1G
0H
06
b100111101 !
b100111101 (
0F
04
0.
b111101 )
b11000000 *
0/
00
15
1;
1A
0B
1X
0Y
0,
02
08
1>
0U
b11010000 #
b11010000 &
1"
#17440000
1/
b100111110 !
b100111110 (
1.
b111110 )
b11000001 *
0X
1Y
1U
b11010001 #
b11010001 &
0"
#17450000
0M
0L
1G
0H
0F
1A
0B
0@
1;
0<
0:
15
06
b100111111 !
b100111111 (
04
0.
b111111 )
b11000000 *
1/
00
1X
0Y
1,
0U
b11010010 #
b11010010 &
1"
#17460000
1M
1L
0G
1H
1F
0A
1B
1@
0;
1<
1:
05
16
14
0/
10
b101000000 !
b101000000 (
1.
b1000000 )
b11111111 *
0X
1Y
1U
b11010011 #
b11010011 &
0"
#17470000
b101000001 !
b101000001 (
04
0.
b1000001 )
b11111100 *
0/
00
05
1X
0Y
0,
12
0U
b11010100 #
b11010100 &
1"
#17480000
1/
b101000010 !
b101000010 (
1.
b1000010 )
b11111101 *
0X
1Y
1U
b11010101 #
b11010101 &
0"
#17490000
05
b101000011 !
b101000011 (
04
0.
b1000011 )
b11111100 *
1/
00
1X
0Y
1,
0U
b11010110 #
b11010110 &
1"
#17500000
15
14
0/
10
b101000100 !
b101000100 (
1.
b1000100 )
b11111111 *
0X
1Y
1U
b11010111 #
b11010111 &
0"
#17510000
0:
06
b101000101 !
b101000101 (
04
0.
b1000101 )
b11111000 *
0/
00
15
0;
1X
0Y
0,
02
18
0U
b11011000 #
b11011000 &
1"
#17520000
1/
b101000110 !
b101000110 (
1.
b1000110 )
b11111001 *
0X
1Y
1U
b11011001 #
b11011001 &
0"
#17530000
0;
0:
15
06
b101000111 !
b101000111 (
04
0.
b1000111 )
b11111000 *
1/
00
1X
0Y
1,
0U
b11011010 #
b11011010 &
1"
#17540000
1;
1:
05
16
14
0/
10
b101001000 !
b101001000 (
1.
b1001000 )
b11111111 *
0X
1Y
1U
b11011011 #
b11011011 &
0"
#17550000
b101001001 !
b101001001 (
04
0.
b1001001 )
b11111100 *
0/
00
05
1X
0Y
0,
12
0U
b11011100 #
b11011100 &
1"
#17560000
1/
b101001010 !
b101001010 (
1.
b1001010 )
b11111101 *
0X
1Y
1U
b11011101 #
b11011101 &
0"
#17570000
05
b101001011 !
b101001011 (
04
0.
b1001011 )
b11111100 *
1/
00
1X
0Y
1,
0U
b11011110 #
b11011110 &
1"
#17580000
15
b101001101 !
b101001101 (
14
b1001101 )
b11111110 *
0/
10
1-
0V
1U
b1101110 $
b1101110 '
b11011111 #
b11011111 &
0"
#17590000
0@
0<
0:
06
0F
04
b101001110 !
b101001110 (
b11100000 *
b1001110 )
1/
00
15
1;
0A
0B
0G
0X
0,
02
08
0>
1D
0U
b11100000 #
b11100000 &
1"
#17600000
b101001111 !
b101001111 (
b1001111 )
1X
1U
b11100001 #
b11100001 &
0"
#17610000
1A
1@
0;
1<
1:
05
16
14
b101010000 !
b101010000 (
b11101110 *
b1010000 )
0/
10
0X
1,
0U
b11100010 #
b11100010 &
1"
#17620000
b101010001 !
b101010001 (
b1010001 )
1X
1U
b11100011 #
b11100011 &
0"
#17630000
04
b101010010 !
b101010010 (
b11101100 *
b1010010 )
1/
00
05
0X
0,
12
0U
b11100100 #
b11100100 &
1"
#17640000
b101010011 !
b101010011 (
b1010011 )
1X
1U
b11100101 #
b11100101 &
0"
#17650000
15
14
b101010100 !
b101010100 (
b11101110 *
b1010100 )
0/
10
0X
1,
0U
b11100110 #
b11100110 &
1"
#17660000
b101010101 !
b101010101 (
b1010101 )
1X
1U
b11100111 #
b11100111 &
0"
#17670000
0:
06
04
b101010110 !
b101010110 (
b11101000 *
b1010110 )
1/
00
15
0;
0X
0,
02
18
0U
b11101000 #
b11101000 &
1"
#17680000
b101010111 !
b101010111 (
b1010111 )
1X
1U
b11101001 #
b11101001 &
0"
#17690000
1;
1:
05
16
14
b101011000 !
b101011000 (
b11101110 *
b1011000 )
0/
10
0X
1,
0U
b11101010 #
b11101010 &
1"
#17700000
b101011001 !
b101011001 (
b1011001 )
1X
1U
b11101011 #
b11101011 &
0"
#17710000
04
b101011010 !
b101011010 (
b11101100 *
b1011010 )
1/
00
05
0X
0,
12
0U
b11101100 #
b11101100 &
1"
#17720000
b101011011 !
b101011011 (
b1011011 )
1X
1U
b11101101 #
b11101101 &
0"
#17730000
15
14
b101011100 !
b101011100 (
b11101110 *
b1011100 )
0/
10
0X
1,
0U
b11101110 #
b11101110 &
1"
#17740000
b101011110 !
b101011110 (
b1011110 )
1/
1.
b11101111 *
1Y
1V
1U
b1101111 $
b1101111 '
b11101111 #
b11101111 &
0"
#17750000
0@
0<
0:
06
04
0G
00
b101011111 !
b101011111 (
0F
0.
b1011111 )
b11100000 *
1/
15
1;
1A
0B
1X
0Y
0,
02
08
1>
0U
b11110000 #
b11110000 &
1"
#17760000
1G
1F
0A
1B
1@
0;
1<
1:
05
16
14
0/
10
b101100000 !
b101100000 (
1.
b1100000 )
b11111111 *
0X
1Y
1U
b11110001 #
b11110001 &
0"
#17770000
b101100001 !
b101100001 (
0.
b1100001 )
b11111110 *
0/
1X
0Y
1,
0U
b11110010 #
b11110010 &
1"
#17780000
1/
b101100010 !
b101100010 (
1.
b1100010 )
b11111111 *
0X
1Y
1U
b11110011 #
b11110011 &
0"
#17790000
04
00
b101100011 !
b101100011 (
0.
b1100011 )
b11111100 *
1/
05
1X
0Y
0,
12
0U
b11110100 #
b11110100 &
1"
#17800000
15
14
0/
10
b101100100 !
b101100100 (
1.
b1100100 )
b11111111 *
0X
1Y
1U
b11110101 #
b11110101 &
0"
#17810000
b101100101 !
b101100101 (
0.
b1100101 )
b11111110 *
0/
1X
0Y
1,
0U
b11110110 #
b11110110 &
1"
#17820000
1/
b101100110 !
b101100110 (
1.
b1100110 )
b11111111 *
0X
1Y
1U
b11110111 #
b11110111 &
0"
#17830000
0:
06
04
00
b101100111 !
b101100111 (
0.
b1100111 )
b11111000 *
1/
15
0;
1X
0Y
0,
02
18
0U
b11111000 #
b11111000 &
1"
#17840000
1;
1:
05
16
14
0/
10
b101101000 !
b101101000 (
1.
b1101000 )
b11111111 *
0X
1Y
1U
b11111001 #
b11111001 &
0"
#17850000
b101101001 !
b101101001 (
0.
b1101001 )
b11111110 *
0/
1X
0Y
1,
0U
b11111010 #
b11111010 &
1"
#17860000
1/
b101101010 !
b101101010 (
1.
b1101010 )
b11111111 *
0X
1Y
1U
b11111011 #
b11111011 &
0"
#17870000
04
00
b101101011 !
b101101011 (
0.
b1101011 )
b11111100 *
1/
05
1X
0Y
0,
12
0U
b11111100 #
b11111100 &
1"
#17880000
15
14
0/
10
b101101100 !
b101101100 (
1.
b1101100 )
b11111111 *
0X
1Y
1U
b11111101 #
b11111101 &
0"
#17890000
b101101101 !
b101101101 (
0.
b1101101 )
b11111110 *
0/
1X
0Y
1,
0U
b11111110 #
b11111110 &
1"
#17900000
0@
0<
0:
06
04
b101101111 !
b101101111 (
b11110000 *
b1101111 )
1/
00
15
1;
0A
0-
03
09
1?
0V
1U
b1110000 $
b1110000 '
b11111111 #
b11111111 &
0"
#17910000
0R
0N
0L
0H
0F
b1110000 !
b1110000 (
b0 *
b1110000 )
0/
05
0;
1A
0B
1G
1M
0S
0T
0X
0,
02
08
0>
0D
0J
0P
0U
b0 #
b0 &
1"
#17920000
b1110001 !
b1110001 (
b1110001 )
1X
1U
b1 #
b1 &
0"
#17930000
b1110010 !
b1110010 (
b1110010 )
1/
0X
1,
0U
b10 #
b10 &
1"
#17940000
b1110011 !
b1110011 (
b1110011 )
1X
1U
b11 #
b11 &
0"
#17950000
b1110100 !
b1110100 (
b1110100 )
0/
15
0X
0,
12
0U
b100 #
b100 &
1"
#17960000
b1110101 !
b1110101 (
b1110101 )
1X
1U
b101 #
b101 &
0"
#17970000
b1110110 !
b1110110 (
b1110110 )
1/
0X
1,
0U
b110 #
b110 &
1"
#17980000
b1110111 !
b1110111 (
b1110111 )
1X
1U
b111 #
b111 &
0"
#17990000
b1111000 !
b1111000 (
b1111000 )
0/
05
1;
0X
0,
02
18
0U
b1000 #
b1000 &
1"
#18000000
b1111001 !
b1111001 (
b1111001 )
1X
1U
b1001 #
b1001 &
0"
#18010000
b1111010 !
b1111010 (
b1111010 )
1/
0X
1,
0U
b1010 #
b1010 &
1"
#18020000
b1111011 !
b1111011 (
b1111011 )
1X
1U
b1011 #
b1011 &
0"
#18030000
b1111100 !
b1111100 (
b1111100 )
0/
15
0X
0,
12
0U
b1100 #
b1100 &
1"
#18040000
b1111101 !
b1111101 (
b1111101 )
1X
1U
b1101 #
b1101 &
0"
#18050000
b1111110 !
b1111110 (
b1111110 )
1/
0X
1,
0U
b1110 #
b1110 &
1"
#18060000
1S
1R
0M
1N
1L
0G
1H
1F
0A
1B
1@
0;
1<
1:
05
16
b10000000 !
b10000000 (
14
b10000000 )
0/
10
1.
b1111111 *
1Y
1V
1U
b1110001 $
b1110001 '
b1111 #
b1111 &
0"
#18070000
b10000001 !
b10000001 (
0@
0:
04
0.
b10000001 )
b1110000 *
0/
00
05
06
0;
0<
0A
1X
0Y
0,
02
08
1>
0U
b10000 #
b10000 &
1"
#18080000
1/
b10000010 !
b10000010 (
1.
b10000010 )
b1110001 *
0X
1Y
1U
b10001 #
b10001 &
0"
#18090000
05
b10000011 !
b10000011 (
04
0.
b10000011 )
b1110000 *
1/
00
1X
0Y
1,
0U
b10010 #
b10010 &
1"
#18100000
15
14
0/
10
b10000100 !
b10000100 (
1.
b10000100 )
b1110011 *
0X
1Y
1U
b10011 #
b10011 &
0"
#18110000
0;
b10000101 !
b10000101 (
0:
04
0.
b10000101 )
b1110000 *
0/
00
15
06
1X
0Y
0,
12
0U
b10100 #
b10100 &
1"
#18120000
1/
b10000110 !
b10000110 (
1.
b10000110 )
b1110001 *
0X
1Y
1U
b10101 #
b10101 &
0"
#18130000
0;
0:
15
06
b10000111 !
b10000111 (
04
0.
b10000111 )
b1110000 *
1/
00
1X
0Y
1,
0U
b10110 #
b10110 &
1"
#18140000
1;
1:
05
16
14
0/
10
b10001000 !
b10001000 (
1.
b10001000 )
b1110111 *
0X
1Y
1U
b10111 #
b10111 &
0"
#18150000
0A
b10001001 !
b10001001 (
0@
0:
04
0.
b10001001 )
b1110000 *
0/
00
05
06
1;
0<
1X
0Y
0,
02
18
0U
b11000 #
b11000 &
1"
#18160000
1/
b10001010 !
b10001010 (
1.
b10001010 )
b1110001 *
0X
1Y
1U
b11001 #
b11001 &
0"
#18170000
05
b10001011 !
b10001011 (
04
0.
b10001011 )
b1110000 *
1/
00
1X
0Y
1,
0U
b11010 #
b11010 &
1"
#18180000
15
14
0/
10
b10001100 !
b10001100 (
1.
b10001100 )
b1110011 *
0X
1Y
1U
b11011 #
b11011 &
0"
#18190000
0A
0@
1;
0<
b10001101 !
b10001101 (
0:
04
0.
b10001101 )
b1110000 *
0/
00
15
06
1X
0Y
0,
12
0U
b11100 #
b11100 &
1"
#18200000
1/
b10001110 !
b10001110 (
1.
b10001110 )
b1110001 *
0X
1Y
1U
b11101 #
b11101 &
0"
#18210000
0A
0@
1;
0<
0:
15
06
b10001111 !
b10001111 (
04
0.
b10001111 )
b1110000 *
1/
00
1X
0Y
1,
0U
b11110 #
b11110 &
1"
#18220000
1A
1@
0;
1<
1:
05
16
b10010001 !
b10010001 (
14
b10010001 )
b1111110 *
0/
10
1-
0V
1U
b1110010 $
b1110010 '
b11111 #
b11111 &
0"
#18230000
0F
0B
0@
0:
04
b10010010 !
b10010010 (
b1100000 *
b10010010 )
1/
00
05
06
0;
0<
1A
0G
0X
0,
02
08
0>
1D
0U
b100000 #
b100000 &
1"
#18240000
b10010011 !
b10010011 (
b10010011 )
1X
1U
b100001 #
b100001 &
0"
#18250000
15
14
b10010100 !
b10010100 (
b1100010 *
b10010100 )
0/
10
0X
1,
0U
b100010 #
b100010 &
1"
#18260000
b10010101 !
b10010101 (
b10010101 )
1X
1U
b100011 #
b100011 &
0"
#18270000
0;
0:
04
b10010110 !
b10010110 (
b1100000 *
b10010110 )
1/
00
15
06
0X
0,
12
0U
b100100 #
b100100 &
1"
#18280000
b10010111 !
b10010111 (
b10010111 )
1X
1U
b100101 #
b100101 &
0"
#18290000
1;
1:
05
16
14
b10011000 !
b10011000 (
b1100110 *
b10011000 )
0/
10
0X
1,
0U
b100110 #
b100110 &
1"
#18300000
b10011001 !
b10011001 (
b10011001 )
1X
1U
b100111 #
b100111 &
0"
#18310000
0G
0F
1A
0B
0@
0:
04
b10011010 !
b10011010 (
b1100000 *
b10011010 )
1/
00
05
06
1;
0<
0X
0,
02
18
0U
b101000 #
b101000 &
1"
#18320000
b10011011 !
b10011011 (
b10011011 )
1X
1U
b101001 #
b101001 &
0"
#18330000
15
14
b10011100 !
b10011100 (
b1100010 *
b10011100 )
0/
10
0X
1,
0U
b101010 #
b101010 &
1"
#18340000
b10011101 !
b10011101 (
b10011101 )
1X
1U
b101011 #
b101011 &
0"
#18350000
0G
0F
1A
0B
0@
1;
0<
0:
04
b10011110 !
b10011110 (
b1100000 *
b10011110 )
1/
00
15
06
0X
0,
12
0U
b101100 #
b101100 &
1"
#18360000
b10011111 !
b10011111 (
b10011111 )
1X
1U
b101101 #
b101101 &
0"
#18370000
1G
1F
0A
1B
1@
0;
1<
1:
05
16
14
b10100000 !
b10100000 (
b1111110 *
b10100000 )
0/
10
0X
1,
0U
b101110 #
b101110 &
1"
#18380000
b10100010 !
b10100010 (
b10100010 )
1/
1.
b1111111 *
1Y
1V
1U
b1110011 $
b1110011 '
b101111 #
b101111 &
0"
#18390000
04
00
b10100011 !
b10100011 (
0@
0:
0.
b10100011 )
b1110000 *
1/
05
06
0;
0<
0A
1X
0Y
0,
02
08
1>
0U
b110000 #
b110000 &
1"
#18400000
15
14
0/
10
b10100100 !
b10100100 (
1.
b10100100 )
b1110011 *
0X
1Y
1U
b110001 #
b110001 &
0"
#18410000
b10100101 !
b10100101 (
0.
b10100101 )
b1110010 *
0/
1X
0Y
1,
0U
b110010 #
b110010 &
1"
#18420000
1/
b10100110 !
b10100110 (
1.
b10100110 )
b1110011 *
0X
1Y
1U
b110011 #
b110011 &
0"
#18430000
04
0;
00
b10100111 !
b10100111 (
0:
0.
b10100111 )
b1110000 *
1/
15
06
1X
0Y
0,
12
0U
b110100 #
b110100 &
1"
#18440000
1;
1:
05
16
14
0/
10
b10101000 !
b10101000 (
1.
b10101000 )
b1110111 *
0X
1Y
1U
b110101 #
b110101 &
0"
#18450000
b10101001 !
b10101001 (
0.
b10101001 )
b1110110 *
0/
1X
0Y
1,
0U
b110110 #
b110110 &
1"
#18460000
1/
b10101010 !
b10101010 (
1.
b10101010 )
b1110111 *
0X
1Y
1U
b110111 #
b110111 &
0"
#18470000
04
0A
00
b10101011 !
b10101011 (
0@
0:
0.
b10101011 )
b1110000 *
1/
05
06
1;
0<
1X
0Y
0,
02
18
0U
b111000 #
b111000 &
1"
#18480000
15
14
0/
10
b10101100 !
b10101100 (
1.
b10101100 )
b1110011 *
0X
1Y
1U
b111001 #
b111001 &
0"
#18490000
b10101101 !
b10101101 (
0.
b10101101 )
b1110010 *
0/
1X
0Y
1,
0U
b111010 #
b111010 &
1"
#18500000
1/
b10101110 !
b10101110 (
1.
b10101110 )
b1110011 *
0X
1Y
1U
b111011 #
b111011 &
0"
#18510000
0A
0@
04
1;
0<
00
b10101111 !
b10101111 (
0:
0.
b10101111 )
b1110000 *
1/
15
06
1X
0Y
0,
12
0U
b111100 #
b111100 &
1"
#18520000
1A
1@
0;
1<
1:
05
16
14
0/
10
b10110000 !
b10110000 (
1.
b10110000 )
b1111111 *
0X
1Y
1U
b111101 #
b111101 &
0"
#18530000
b10110001 !
b10110001 (
0.
b10110001 )
b1111110 *
0/
1X
0Y
1,
0U
b111110 #
b111110 &
1"
#18540000
04
b10110011 !
b10110011 (
b1111100 *
b10110011 )
1/
00
05
0-
13
0V
1U
b1110100 $
b1110100 '
b111111 #
b111111 &
0"
#18550000
0L
0H
0F
0B
0@
0:
b10110100 !
b10110100 (
b1000000 *
b10110100 )
0/
15
06
0;
0<
1A
1G
0M
0X
0,
02
08
0>
0D
1J
0U
b1000000 #
b1000000 &
1"
#18560000
b10110101 !
b10110101 (
b10110101 )
1X
1U
b1000001 #
b1000001 &
0"
#18570000
b10110110 !
b10110110 (
b10110110 )
1/
0X
1,
0U
b1000010 #
b1000010 &
1"
#18580000
b10110111 !
b10110111 (
b10110111 )
1X
1U
b1000011 #
b1000011 &
0"
#18590000
1;
1:
b10111000 !
b10111000 (
b1000100 *
b10111000 )
0/
05
16
0X
0,
12
0U
b1000100 #
b1000100 &
1"
#18600000
b10111001 !
b10111001 (
b10111001 )
1X
1U
b1000101 #
b1000101 &
0"
#18610000
b10111010 !
b10111010 (
b10111010 )
1/
0X
1,
0U
b1000110 #
b1000110 &
1"
#18620000
b10111011 !
b10111011 (
b10111011 )
1X
1U
b1000111 #
b1000111 &
0"
#18630000
0M
0L
1G
0H
0F
1A
0B
0@
0:
b10111100 !
b10111100 (
b1000000 *
b10111100 )
0/
15
06
1;
0<
0X
0,
02
18
0U
b1001000 #
b1001000 &
1"
#18640000
b10111101 !
b10111101 (
b10111101 )
1X
1U
b1001001 #
b1001001 &
0"
#18650000
b10111110 !
b10111110 (
b10111110 )
1/
0X
1,
0U
b1001010 #
b1001010 &
1"
#18660000
b10111111 !
b10111111 (
b10111111 )
1X
1U
b1001011 #
b1001011 &
0"
#18670000
1M
1L
0G
1H
1F
0A
1B
1@
0;
1<
1:
b11000000 !
b11000000 (
b1111100 *
b11000000 )
0/
05
16
0X
0,
12
0U
b1001100 #
b1001100 &
1"
#18680000
b11000001 !
b11000001 (
b11000001 )
1X
1U
b1001101 #
b1001101 &
0"
#18690000
b11000010 !
b11000010 (
b11000010 )
1/
0X
1,
0U
b1001110 #
b1001110 &
1"
#18700000
15
b11000100 !
b11000100 (
14
b11000100 )
0/
10
1.
b1111111 *
1Y
1V
1U
b1110101 $
b1110101 '
b1001111 #
b1001111 &
0"
#18710000
0:
06
b11000101 !
b11000101 (
0@
04
0.
b11000101 )
b1110000 *
0/
00
15
0;
0<
0A
1X
0Y
0,
02
08
1>
0U
b1010000 #
b1010000 &
1"
#18720000
1/
b11000110 !
b11000110 (
1.
b11000110 )
b1110001 *
0X
1Y
1U
b1010001 #
b1010001 &
0"
#18730000
0;
0:
15
06
b11000111 !
b11000111 (
04
0.
b11000111 )
b1110000 *
1/
00
1X
0Y
1,
0U
b1010010 #
b1010010 &
1"
#18740000
1;
1:
05
16
14
0/
10
b11001000 !
b11001000 (
1.
b11001000 )
b1110111 *
0X
1Y
1U
b1010011 #
b1010011 &
0"
#18750000
b11001001 !
b11001001 (
04
0.
b11001001 )
b1110100 *
0/
00
05
1X
0Y
0,
12
0U
b1010100 #
b1010100 &
1"
#18760000
1/
b11001010 !
b11001010 (
1.
b11001010 )
b1110101 *
0X
1Y
1U
b1010101 #
b1010101 &
0"
#18770000
05
b11001011 !
b11001011 (
04
0.
b11001011 )
b1110100 *
1/
00
1X
0Y
1,
0U
b1010110 #
b1010110 &
1"
#18780000
15
14
0/
10
b11001100 !
b11001100 (
1.
b11001100 )
b1110111 *
0X
1Y
1U
b1010111 #
b1010111 &
0"
#18790000
0:
0A
06
b11001101 !
b11001101 (
0@
04
0.
b11001101 )
b1110000 *
0/
00
15
1;
0<
1X
0Y
0,
02
18
0U
b1011000 #
b1011000 &
1"
#18800000
1/
b11001110 !
b11001110 (
1.
b11001110 )
b1110001 *
0X
1Y
1U
b1011001 #
b1011001 &
0"
#18810000
0A
0@
1;
0<
0:
15
06
b11001111 !
b11001111 (
04
0.
b11001111 )
b1110000 *
1/
00
1X
0Y
1,
0U
b1011010 #
b1011010 &
1"
#18820000
1A
1@
0;
1<
1:
05
16
14
0/
10
b11010000 !
b11010000 (
1.
b11010000 )
b1111111 *
0X
1Y
1U
b1011011 #
b1011011 &
0"
#18830000
b11010001 !
b11010001 (
04
0.
b11010001 )
b1111100 *
0/
00
05
1X
0Y
0,
12
0U
b1011100 #
b1011100 &
1"
#18840000
1/
b11010010 !
b11010010 (
1.
b11010010 )
b1111101 *
0X
1Y
1U
b1011101 #
b1011101 &
0"
#18850000
05
b11010011 !
b11010011 (
04
0.
b11010011 )
b1111100 *
1/
00
1X
0Y
1,
0U
b1011110 #
b1011110 &
1"
#18860000
15
b11010101 !
b11010101 (
14
b11010101 )
b1111110 *
0/
10
1-
0V
1U
b1110110 $
b1110110 '
b1011111 #
b1011111 &
0"
#18870000
0F
0:
0B
06
0@
04
b11010110 !
b11010110 (
b1100000 *
b11010110 )
1/
00
15
0;
0<
1A
0G
0X
0,
02
08
0>
1D
0U
b1100000 #
b1100000 &
1"
#18880000
b11010111 !
b11010111 (
b11010111 )
1X
1U
b1100001 #
b1100001 &
0"
#18890000
1;
1:
05
16
14
b11011000 !
b11011000 (
b1100110 *
b11011000 )
0/
10
0X
1,
0U
b1100010 #
b1100010 &
1"
#18900000
b11011001 !
b11011001 (
b11011001 )
1X
1U
b1100011 #
b1100011 &
0"
#18910000
04
b11011010 !
b11011010 (
b1100100 *
b11011010 )
1/
00
05
0X
0,
12
0U
b1100100 #
b1100100 &
1"
#18920000
b11011011 !
b11011011 (
b11011011 )
1X
1U
b1100101 #
b1100101 &
0"
#18930000
15
14
b11011100 !
b11011100 (
b1100110 *
b11011100 )
0/
10
0X
1,
0U
b1100110 #
b1100110 &
1"
#18940000
b11011101 !
b11011101 (
b11011101 )
1X
1U
b1100111 #
b1100111 &
0"
#18950000
0G
0F
0:
1A
0B
06
0@
04
b11011110 !
b11011110 (
b1100000 *
b11011110 )
1/
00
15
1;
0<
0X
0,
02
18
0U
b1101000 #
b1101000 &
1"
#18960000
b11011111 !
b11011111 (
b11011111 )
1X
1U
b1101001 #
b1101001 &
0"
#18970000
1G
1F
0A
1B
1@
0;
1<
1:
05
16
14
b11100000 !
b11100000 (
b1111110 *
b11100000 )
0/
10
0X
1,
0U
b1101010 #
b1101010 &
1"
#18980000
b11100001 !
b11100001 (
b11100001 )
1X
1U
b1101011 #
b1101011 &
0"
#18990000
04
b11100010 !
b11100010 (
b1111100 *
b11100010 )
1/
00
05
0X
0,
12
0U
b1101100 #
b1101100 &
1"
#19000000
b11100011 !
b11100011 (
b11100011 )
1X
1U
b1101101 #
b1101101 &
0"
#19010000
15
14
b11100100 !
b11100100 (
b1111110 *
b11100100 )
0/
10
0X
1,
0U
b1101110 #
b1101110 &
1"
#19020000
b11100110 !
b11100110 (
b11100110 )
1/
1.
b1111111 *
1Y
1V
1U
b1110111 $
b1110111 '
b1101111 #
b1101111 &
0"
#19030000
0:
06
04
00
b11100111 !
b11100111 (
0@
0.
b11100111 )
b1110000 *
1/
15
0;
0<
0A
1X
0Y
0,
02
08
1>
0U
b1110000 #
b1110000 &
1"
#19040000
1;
1:
05
16
14
0/
10
b11101000 !
b11101000 (
1.
b11101000 )
b1110111 *
0X
1Y
1U
b1110001 #
b1110001 &
0"
#19050000
b11101001 !
b11101001 (
0.
b11101001 )
b1110110 *
0/
1X
0Y
1,
0U
b1110010 #
b1110010 &
1"
#19060000
1/
b11101010 !
b11101010 (
1.
b11101010 )
b1110111 *
0X
1Y
1U
b1110011 #
b1110011 &
0"
#19070000
04
00
b11101011 !
b11101011 (
0.
b11101011 )
b1110100 *
1/
05
1X
0Y
0,
12
0U
b1110100 #
b1110100 &
1"
#19080000
15
14
0/
10
b11101100 !
b11101100 (
1.
b11101100 )
b1110111 *
0X
1Y
1U
b1110101 #
b1110101 &
0"
#19090000
b11101101 !
b11101101 (
0.
b11101101 )
b1110110 *
0/
1X
0Y
1,
0U
b1110110 #
b1110110 &
1"
#19100000
1/
b11101110 !
b11101110 (
1.
b11101110 )
b1110111 *
0X
1Y
1U
b1110111 #
b1110111 &
0"
#19110000
0:
06
04
0A
00
b11101111 !
b11101111 (
0@
0.
b11101111 )
b1110000 *
1/
15
1;
0<
1X
0Y
0,
02
18
0U
b1111000 #
b1111000 &
1"
#19120000
1A
1@
0;
1<
1:
05
16
14
0/
10
b11110000 !
b11110000 (
1.
b11110000 )
b1111111 *
0X
1Y
1U
b1111001 #
b1111001 &
0"
#19130000
b11110001 !
b11110001 (
0.
b11110001 )
b1111110 *
0/
1X
0Y
1,
0U
b1111010 #
b1111010 &
1"
#19140000
1/
b11110010 !
b11110010 (
1.
b11110010 )
b1111111 *
0X
1Y
1U
b1111011 #
b1111011 &
0"
#19150000
04
00
b11110011 !
b11110011 (
0.
b11110011 )
b1111100 *
1/
05
1X
0Y
0,
12
0U
b1111100 #
b1111100 &
1"
#19160000
15
14
0/
10
b11110100 !
b11110100 (
1.
b11110100 )
b1111111 *
0X
1Y
1U
b1111101 #
b1111101 &
0"
#19170000
b11110101 !
b11110101 (
0.
b11110101 )
b1111110 *
0/
1X
0Y
1,
0U
b1111110 #
b1111110 &
1"
#19180000
0:
06
04
b11110111 !
b11110111 (
b1111000 *
b11110111 )
1/
00
15
0;
0-
03
19
0V
1U
b1111000 $
b1111000 '
b1111111 #
b1111111 &
0"
#19190000
0R
0N
0L
0H
0F
0B
0@
b11111000 !
b11111000 (
b0 *
b11111000 )
0/
05
1;
0<
1A
1G
1M
1S
0T
0X
0,
02
08
0>
0D
0J
1P
0U
b10000000 #
b10000000 &
1"
#19200000
b11111001 !
b11111001 (
b11111001 )
1X
1U
b10000001 #
b10000001 &
0"
#19210000
b11111010 !
b11111010 (
b11111010 )
1/
0X
1,
0U
b10000010 #
b10000010 &
1"
#19220000
b11111011 !
b11111011 (
b11111011 )
1X
1U
b10000011 #
b10000011 &
0"
#19230000
b11111100 !
b11111100 (
b11111100 )
0/
15
0X
0,
12
0U
b10000100 #
b10000100 &
1"
#19240000
b11111101 !
b11111101 (
b11111101 )
1X
1U
b10000101 #
b10000101 &
0"
#19250000
b11111110 !
b11111110 (
b11111110 )
1/
0X
1,
0U
b10000110 #
b10000110 &
1"
#19260000
b11111111 !
b11111111 (
b11111111 )
1X
1U
b10000111 #
b10000111 &
0"
#19270000
0S
1T
1R
0M
1N
1L
0G
1H
1F
0A
1B
1@
b100000000 !
b100000000 (
b11111000 *
b0 )
0/
05
0;
1<
0X
0,
02
18
0U
b10001000 #
b10001000 &
1"
#19280000
b100000001 !
b100000001 (
b1 )
1X
1U
b10001001 #
b10001001 &
0"
#19290000
b100000010 !
b100000010 (
b10 )
1/
0X
1,
0U
b10001010 #
b10001010 &
1"
#19300000
b100000011 !
b100000011 (
b11 )
1X
1U
b10001011 #
b10001011 &
0"
#19310000
b100000100 !
b100000100 (
b100 )
0/
15
0X
0,
12
0U
b10001100 #
b10001100 &
1"
#19320000
b100000101 !
b100000101 (
b101 )
1X
1U
b10001101 #
b10001101 &
0"
#19330000
b100000110 !
b100000110 (
b110 )
1/
0X
1,
0U
b10001110 #
b10001110 &
1"
#19340000
1;
1:
05
16
b100001000 !
b100001000 (
14
b1000 )
0/
10
1.
b11111111 *
1Y
1V
1U
b1111001 $
b1111001 '
b10001111 #
b10001111 &
0"
#19350000
0@
0<
b100001001 !
b100001001 (
0:
04
0.
b1001 )
b11110000 *
0/
00
05
06
1;
0A
1X
0Y
0,
02
08
1>
0U
b10010000 #
b10010000 &
1"
#19360000
1/
b100001010 !
b100001010 (
1.
b1010 )
b11110001 *
0X
1Y
1U
b10010001 #
b10010001 &
0"
#19370000
05
b100001011 !
b100001011 (
04
0.
b1011 )
b11110000 *
1/
00
1X
0Y
1,
0U
b10010010 #
b10010010 &
1"
#19380000
15
14
0/
10
b100001100 !
b100001100 (
1.
b1100 )
b11110011 *
0X
1Y
1U
b10010011 #
b10010011 &
0"
#19390000
0A
0@
1;
0<
b100001101 !
b100001101 (
0:
04
0.
b1101 )
b11110000 *
0/
00
15
06
1X
0Y
0,
12
0U
b10010100 #
b10010100 &
1"
#19400000
1/
b100001110 !
b100001110 (
1.
b1110 )
b11110001 *
0X
1Y
1U
b10010101 #
b10010101 &
0"
#19410000
0A
0@
1;
0<
0:
15
06
b100001111 !
b100001111 (
04
0.
b1111 )
b11110000 *
1/
00
1X
0Y
1,
0U
b10010110 #
b10010110 &
1"
#19420000
1A
1@
0;
1<
1:
05
16
14
0/
10
b100010000 !
b100010000 (
1.
b10000 )
b11111111 *
0X
1Y
1U
b10010111 #
b10010111 &
0"
#19430000
b100010001 !
b100010001 (
0:
04
0.
b10001 )
b11111000 *
0/
00
05
06
0;
1X
0Y
0,
02
18
0U
b10011000 #
b10011000 &
1"
#19440000
1/
b100010010 !
b100010010 (
1.
b10010 )
b11111001 *
0X
1Y
1U
b10011001 #
b10011001 &
0"
#19450000
05
b100010011 !
b100010011 (
04
0.
b10011 )
b11111000 *
1/
00
1X
0Y
1,
0U
b10011010 #
b10011010 &
1"
#19460000
15
14
0/
10
b100010100 !
b100010100 (
1.
b10100 )
b11111011 *
0X
1Y
1U
b10011011 #
b10011011 &
0"
#19470000
0;
b100010101 !
b100010101 (
0:
04
0.
b10101 )
b11111000 *
0/
00
15
06
1X
0Y
0,
12
0U
b10011100 #
b10011100 &
1"
#19480000
1/
b100010110 !
b100010110 (
1.
b10110 )
b11111001 *
0X
1Y
1U
b10011101 #
b10011101 &
0"
#19490000
0;
0:
15
06
b100010111 !
b100010111 (
04
0.
b10111 )
b11111000 *
1/
00
1X
0Y
1,
0U
b10011110 #
b10011110 &
1"
#19500000
1;
1:
05
16
b100011001 !
b100011001 (
14
b11001 )
b11111110 *
0/
10
1-
0V
1U
b1111010 $
b1111010 '
b10011111 #
b10011111 &
0"
#19510000
0F
0B
0@
0<
0:
04
b100011010 !
b100011010 (
b11100000 *
b11010 )
1/
00
05
06
1;
1A
0G
0X
0,
02
08
0>
1D
0U
b10100000 #
b10100000 &
1"
#19520000
b100011011 !
b100011011 (
b11011 )
1X
1U
b10100001 #
b10100001 &
0"
#19530000
15
14
b100011100 !
b100011100 (
b11100010 *
b11100 )
0/
10
0X
1,
0U
b10100010 #
b10100010 &
1"
#19540000
b100011101 !
b100011101 (
b11101 )
1X
1U
b10100011 #
b10100011 &
0"
#19550000
0G
0F
1A
0B
0@
1;
0<
0:
04
b100011110 !
b100011110 (
b11100000 *
b11110 )
1/
00
15
06
0X
0,
12
0U
b10100100 #
b10100100 &
1"
#19560000
b100011111 !
b100011111 (
b11111 )
1X
1U
b10100101 #
b10100101 &
0"
#19570000
1G
1F
0A
1B
1@
0;
1<
1:
05
16
14
b100100000 !
b100100000 (
b11111110 *
b100000 )
0/
10
0X
1,
0U
b10100110 #
b10100110 &
1"
#19580000
b100100001 !
b100100001 (
b100001 )
1X
1U
b10100111 #
b10100111 &
0"
#19590000
0:
04
b100100010 !
b100100010 (
b11111000 *
b100010 )
1/
00
05
06
0;
0X
0,
02
18
0U
b10101000 #
b10101000 &
1"
#19600000
b100100011 !
b100100011 (
b100011 )
1X
1U
b10101001 #
b10101001 &
0"
#19610000
15
14
b100100100 !
b100100100 (
b11111010 *
b100100 )
0/
10
0X
1,
0U
b10101010 #
b10101010 &
1"
#19620000
b100100101 !
b100100101 (
b100101 )
1X
1U
b10101011 #
b10101011 &
0"
#19630000
0;
0:
04
b100100110 !
b100100110 (
b11111000 *
b100110 )
1/
00
15
06
0X
0,
12
0U
b10101100 #
b10101100 &
1"
#19640000
b100100111 !
b100100111 (
b100111 )
1X
1U
b10101101 #
b10101101 &
0"
#19650000
1;
1:
05
16
14
b100101000 !
b100101000 (
b11111110 *
b101000 )
0/
10
0X
1,
0U
b10101110 #
b10101110 &
1"
#19660000
b100101010 !
b100101010 (
b101010 )
1/
1.
b11111111 *
1Y
1V
1U
b1111011 $
b1111011 '
b10101111 #
b10101111 &
0"
#19670000
0@
04
0<
00
b100101011 !
b100101011 (
0:
0.
b101011 )
b11110000 *
1/
05
06
1;
0A
1X
0Y
0,
02
08
1>
0U
b10110000 #
b10110000 &
1"
#19680000
15
14
0/
10
b100101100 !
b100101100 (
1.
b101100 )
b11110011 *
0X
1Y
1U
b10110001 #
b10110001 &
0"
#19690000
b100101101 !
b100101101 (
0.
b101101 )
b11110010 *
0/
1X
0Y
1,
0U
b10110010 #
b10110010 &
1"
#19700000
1/
b100101110 !
b100101110 (
1.
b101110 )
b11110011 *
0X
1Y
1U
b10110011 #
b10110011 &
0"
#19710000
0A
0@
04
1;
0<
00
b100101111 !
b100101111 (
0:
0.
b101111 )
b11110000 *
1/
15
06
1X
0Y
0,
12
0U
b10110100 #
b10110100 &
1"
#19720000
1A
1@
0;
1<
1:
05
16
14
0/
10
b100110000 !
b100110000 (
1.
b110000 )
b11111111 *
0X
1Y
1U
b10110101 #
b10110101 &
0"
#19730000
b100110001 !
b100110001 (
0.
b110001 )
b11111110 *
0/
1X
0Y
1,
0U
b10110110 #
b10110110 &
1"
#19740000
1/
b100110010 !
b100110010 (
1.
b110010 )
b11111111 *
0X
1Y
1U
b10110111 #
b10110111 &
0"
#19750000
04
00
b100110011 !
b100110011 (
0:
0.
b110011 )
b11111000 *
1/
05
06
0;
1X
0Y
0,
02
18
0U
b10111000 #
b10111000 &
1"
#19760000
15
14
0/
10
b100110100 !
b100110100 (
1.
b110100 )
b11111011 *
0X
1Y
1U
b10111001 #
b10111001 &
0"
#19770000
b100110101 !
b100110101 (
0.
b110101 )
b11111010 *
0/
1X
0Y
1,
0U
b10111010 #
b10111010 &
1"
#19780000
1/
b100110110 !
b100110110 (
1.
b110110 )
b11111011 *
0X
1Y
1U
b10111011 #
b10111011 &
0"
#19790000
04
0;
00
b100110111 !
b100110111 (
0:
0.
b110111 )
b11111000 *
1/
15
06
1X
0Y
0,
12
0U
b10111100 #
b10111100 &
1"
#19800000
1;
1:
05
16
14
0/
10
b100111000 !
b100111000 (
1.
b111000 )
b11111111 *
0X
1Y
1U
b10111101 #
b10111101 &
0"
#19810000
b100111001 !
b100111001 (
0.
b111001 )
b11111110 *
0/
1X
0Y
1,
0U
b10111110 #
b10111110 &
1"
#19820000
04
b100111011 !
b100111011 (
b11111100 *
b111011 )
1/
00
05
0-
13
0V
1U
b1111100 $
b1111100 '
b10111111 #
b10111111 &
0"
#19830000
0L
0H
0F
0B
0@
0<
0:
b100111100 !
b100111100 (
b11000000 *
b111100 )
0/
15
06
1;
1A
1G
0M
0X
0,
02
08
0>
0D
1J
0U
b11000000 #
b11000000 &
1"
#19840000
b100111101 !
b100111101 (
b111101 )
1X
1U
b11000001 #
b11000001 &
0"
#19850000
b100111110 !
b100111110 (
b111110 )
1/
0X
1,
0U
b11000010 #
b11000010 &
1"
#19860000
b100111111 !
b100111111 (
b111111 )
1X
1U
b11000011 #
b11000011 &
0"
#19870000
1M
1L
0G
1H
1F
0A
1B
1@
0;
1<
1:
b101000000 !
b101000000 (
b11111100 *
b1000000 )
0/
05
16
0X
0,
12
0U
b11000100 #
b11000100 &
1"
#19880000
b101000001 !
b101000001 (
b1000001 )
1X
1U
b11000101 #
b11000101 &
0"
#19890000
b101000010 !
b101000010 (
b1000010 )
1/
0X
1,
0U
b11000110 #
b11000110 &
1"
#19900000
b101000011 !
b101000011 (
b1000011 )
1X
1U
b11000111 #
b11000111 &
0"
#19910000
0:
b101000100 !
b101000100 (
b11111000 *
b1000100 )
0/
15
06
0;
0X
0,
02
18
0U
b11001000 #
b11001000 &
1"
#19920000
b101000101 !
b101000101 (
b1000101 )
1X
1U
b11001001 #
b11001001 &
0"
#19930000
b101000110 !
b101000110 (
b1000110 )
1/
0X
1,
0U
b11001010 #
b11001010 &
1"
#19940000
b101000111 !
b101000111 (
b1000111 )
1X
1U
b11001011 #
b11001011 &
0"
#19950000
1;
1:
b101001000 !
b101001000 (
b11111100 *
b1001000 )
0/
05
16
0X
0,
12
0U
b11001100 #
b11001100 &
1"
#19960000
b101001001 !
b101001001 (
b1001001 )
1X
1U
b11001101 #
b11001101 &
0"
#19970000
b101001010 !
b101001010 (
b1001010 )
1/
0X
1,
0U
b11001110 #
b11001110 &
1"
#19980000
15
b101001100 !
b101001100 (
14
b1001100 )
0/
10
1.
b11111111 *
1Y
1V
1U
b1111101 $
b1111101 '
b11001111 #
b11001111 &
0"
#19990000
0@
0<
0:
06
b101001101 !
b101001101 (
04
0.
b1001101 )
b11110000 *
0/
00
15
1;
0A
1X
0Y
0,
02
08
1>
0U
b11010000 #
b11010000 &
1"
#20000000
1/
b101001110 !
b101001110 (
1.
b1001110 )
b11110001 *
0X
1Y
1U
b11010001 #
b11010001 &
0"
#20010000
0A
0@
1;
0<
0:
15
06
b101001111 !
b101001111 (
04
0.
b1001111 )
b11110000 *
1/
00
1X
0Y
1,
0U
b11010010 #
b11010010 &
1"
#20020000
1A
1@
0;
1<
1:
05
16
14
0/
10
b101010000 !
b101010000 (
1.
b1010000 )
b11111111 *
0X
1Y
1U
b11010011 #
b11010011 &
0"
#20030000
b101010001 !
b101010001 (
04
0.
b1010001 )
b11111100 *
0/
00
05
1X
0Y
0,
12
0U
b11010100 #
b11010100 &
1"
#20040000
1/
b101010010 !
b101010010 (
1.
b1010010 )
b11111101 *
0X
1Y
1U
b11010101 #
b11010101 &
0"
#20050000
05
b101010011 !
b101010011 (
04
0.
b1010011 )
b11111100 *
1/
00
1X
0Y
1,
0U
b11010110 #
b11010110 &
1"
#20060000
15
14
0/
10
b101010100 !
b101010100 (
1.
b1010100 )
b11111111 *
0X
1Y
1U
b11010111 #
b11010111 &
0"
#20070000
0:
06
b101010101 !
b101010101 (
04
0.
b1010101 )
b11111000 *
0/
00
15
0;
1X
0Y
0,
02
18
0U
b11011000 #
b11011000 &
1"
#20080000
1/
b101010110 !
b101010110 (
1.
b1010110 )
b11111001 *
0X
1Y
1U
b11011001 #
b11011001 &
0"
#20090000
0;
0:
15
06
b101010111 !
b101010111 (
04
0.
b1010111 )
b11111000 *
1/
00
1X
0Y
1,
0U
b11011010 #
b11011010 &
1"
#20100000
1;
1:
05
16
14
0/
10
b101011000 !
b101011000 (
1.
b1011000 )
b11111111 *
0X
1Y
1U
b11011011 #
b11011011 &
0"
#20110000
b101011001 !
b101011001 (
04
0.
b1011001 )
b11111100 *
0/
00
05
1X
0Y
0,
12
0U
b11011100 #
b11011100 &
1"
#20120000
1/
b101011010 !
b101011010 (
1.
b1011010 )
b11111101 *
0X
1Y
1U
b11011101 #
b11011101 &
0"
#20130000
05
b101011011 !
b101011011 (
04
0.
b1011011 )
b11111100 *
1/
00
1X
0Y
1,
0U
b11011110 #
b11011110 &
1"
#20140000
15
b101011101 !
b101011101 (
14
b1011101 )
b11111110 *
0/
10
1-
0V
1U
b1111110 $
b1111110 '
b11011111 #
b11011111 &
0"
#20150000
0F
0B
0@
0<
0:
06
04
b101011110 !
b101011110 (
b11100000 *
b1011110 )
1/
00
15
1;
1A
0G
0X
0,
02
08
0>
1D
0U
b11100000 #
b11100000 &
1"
#20160000
b101011111 !
b101011111 (
b1011111 )
1X
1U
b11100001 #
b11100001 &
0"
#20170000
1G
1F
0A
1B
1@
0;
1<
1:
05
16
14
b101100000 !
b101100000 (
b11111110 *
b1100000 )
0/
10
0X
1,
0U
b11100010 #
b11100010 &
1"
#20180000
b101100001 !
b101100001 (
b1100001 )
1X
1U
b11100011 #
b11100011 &
0"
#20190000
04
b101100010 !
b101100010 (
b11111100 *
b1100010 )
1/
00
05
0X
0,
12
0U
b11100100 #
b11100100 &
1"
#20200000
b101100011 !
b101100011 (
b1100011 )
1X
1U
b11100101 #
b11100101 &
0"
#20210000
15
14
b101100100 !
b101100100 (
b11111110 *
b1100100 )
0/
10
0X
1,
0U
b11100110 #
b11100110 &
1"
#20220000
b101100101 !
b101100101 (
b1100101 )
1X
1U
b11100111 #
b11100111 &
0"
#20230000
0:
06
04
b101100110 !
b101100110 (
b11111000 *
b1100110 )
1/
00
15
0;
0X
0,
02
18
0U
b11101000 #
b11101000 &
1"
#20240000
b101100111 !
b101100111 (
b1100111 )
1X
1U
b11101001 #
b11101001 &
0"
#20250000
1;
1:
05
16
14
b101101000 !
b101101000 (
b11111110 *
b1101000 )
0/
10
0X
1,
0U
b11101010 #
b11101010 &
1"
#20260000
b101101001 !
b101101001 (
b1101001 )
1X
1U
b11101011 #
b11101011 &
0"
#20270000
04
b101101010 !
b101101010 (
b11111100 *
b1101010 )
1/
00
05
0X
0,
12
0U
b11101100 #
b11101100 &
1"
#20280000
b101101011 !
b101101011 (
b1101011 )
1X
1U
b11101101 #
b11101101 &
0"
#20290000
15
14
b101101100 !
b101101100 (
b11111110 *
b1101100 )
0/
10
0X
1,
0U
b11101110 #
b11101110 &
1"
#20300000
b101101110 !
b101101110 (
b1101110 )
1/
1.
b11111111 *
1Y
1V
1U
b1111111 $
b1111111 '
b11101111 #
b11101111 &
0"
#20310000
0@
0<
0:
06
04
00
b101101111 !
b101101111 (
0.
b1101111 )
b11110000 *
1/
15
1;
0A
1X
0Y
0,
02
08
1>
0U
b11110000 #
b11110000 &
1"
#20320000
1A
1@
0;
1<
1:
05
16
14
0/
10
b101110000 !
b101110000 (
1.
b1110000 )
b11111111 *
0X
1Y
1U
b11110001 #
b11110001 &
0"
#20330000
b101110001 !
b101110001 (
0.
b1110001 )
b11111110 *
0/
1X
0Y
1,
0U
b11110010 #
b11110010 &
1"
#20340000
1/
b101110010 !
b101110010 (
1.
b1110010 )
b11111111 *
0X
1Y
1U
b11110011 #
b11110011 &
0"
#20350000
04
00
b101110011 !
b101110011 (
0.
b1110011 )
b11111100 *
1/
05
1X
0Y
0,
12
0U
b11110100 #
b11110100 &
1"
#20360000
15
14
0/
10
b101110100 !
b101110100 (
1.
b1110100 )
b11111111 *
0X
1Y
1U
b11110101 #
b11110101 &
0"
#20370000
b101110101 !
b101110101 (
0.
b1110101 )
b11111110 *
0/
1X
0Y
1,
0U
b11110110 #
b11110110 &
1"
#20380000
1/
b101110110 !
b101110110 (
1.
b1110110 )
b11111111 *
0X
1Y
1U
b11110111 #
b11110111 &
0"
#20390000
0:
06
04
00
b101110111 !
b101110111 (
0.
b1110111 )
b11111000 *
1/
15
0;
1X
0Y
0,
02
18
0U
b11111000 #
b11111000 &
1"
#20400000
1;
1:
05
16
14
0/
10
b101111000 !
b101111000 (
1.
b1111000 )
b11111111 *
0X
1Y
1U
b11111001 #
b11111001 &
0"
#20410000
b101111001 !
b101111001 (
0.
b1111001 )
b11111110 *
0/
1X
0Y
1,
0U
b11111010 #
b11111010 &
1"
#20420000
1/
b101111010 !
b101111010 (
1.
b1111010 )
b11111111 *
0X
1Y
1U
b11111011 #
b11111011 &
0"
#20430000
04
00
b101111011 !
b101111011 (
0.
b1111011 )
b11111100 *
1/
05
1X
0Y
0,
12
0U
b11111100 #
b11111100 &
1"
#20440000
15
14
0/
10
b101111100 !
b101111100 (
1.
b1111100 )
b11111111 *
0X
1Y
1U
b11111101 #
b11111101 &
0"
#20450000
b101111101 !
b101111101 (
0.
b1111101 )
b11111110 *
0/
1X
0Y
1,
0U
b11111110 #
b11111110 &
1"
#20460000
0R
0N
0L
0H
0F
0B
0@
0<
0:
06
04
b101111111 !
b101111111 (
b10000000 *
b1111111 )
1/
00
15
1;
1A
1G
1M
0S
0-
03
09
0?
0E
0K
1Q
0V
1U
b10000000 $
b10000000 '
b11111111 #
b11111111 &
0"
#20470000
b10000000 !
b10000000 (
b0 *
b10000000 )
0/
05
0;
0A
0G
0M
1S
0T
0X
0,
02
08
0>
0D
0J
0P
0U
b0 #
b0 &
1"
#20480000
b10000001 !
b10000001 (
b10000001 )
1X
1U
b1 #
b1 &
0"
#20490000
b10000010 !
b10000010 (
b10000010 )
1/
0X
1,
0U
b10 #
b10 &
1"
#20500000
b10000011 !
b10000011 (
b10000011 )
1X
1U
b11 #
b11 &
0"
#20510000
b10000100 !
b10000100 (
b10000100 )
0/
15
0X
0,
12
0U
b100 #
b100 &
1"
#20520000
b10000101 !
b10000101 (
b10000101 )
1X
1U
b101 #
b101 &
0"
#20530000
b10000110 !
b10000110 (
b10000110 )
1/
0X
1,
0U
b110 #
b110 &
1"
#20540000
b10000111 !
b10000111 (
b10000111 )
1X
1U
b111 #
b111 &
0"
#20550000
b10001000 !
b10001000 (
b10001000 )
0/
05
1;
0X
0,
02
18
0U
b1000 #
b1000 &
1"
#20560000
b10001001 !
b10001001 (
b10001001 )
1X
1U
b1001 #
b1001 &
0"
#20570000
b10001010 !
b10001010 (
b10001010 )
1/
0X
1,
0U
b1010 #
b1010 &
1"
#20580000
b10001011 !
b10001011 (
b10001011 )
1X
1U
b1011 #
b1011 &
0"
#20590000
b10001100 !
b10001100 (
b10001100 )
0/
15
0X
0,
12
0U
b1100 #
b1100 &
1"
#20600000
b10001101 !
b10001101 (
b10001101 )
1X
1U
b1101 #
b1101 &
0"
#20610000
b10001110 !
b10001110 (
b10001110 )
1/
0X
1,
0U
b1110 #
b1110 &
1"
#20620000
1A
1@
0;
1<
1:
05
16
b10010000 !
b10010000 (
14
b10010000 )
0/
10
1.
b1111 *
1Y
1V
1U
b10000001 $
b10000001 '
b1111 #
b1111 &
0"
#20630000
0G
b10010001 !
b10010001 (
0F
0@
0:
04
0.
b10010001 )
b0 *
0/
00
05
06
0;
0<
1A
0B
1X
0Y
0,
02
08
1>
0U
b10000 #
b10000 &
1"
#20640000
1/
b10010010 !
b10010010 (
1.
b10010010 )
b1 *
0X
1Y
1U
b10001 #
b10001 &
0"
#20650000
05
b10010011 !
b10010011 (
04
0.
b10010011 )
b0 *
1/
00
1X
0Y
1,
0U
b10010 #
b10010 &
1"
#20660000
15
14
0/
10
b10010100 !
b10010100 (
1.
b10010100 )
b11 *
0X
1Y
1U
b10011 #
b10011 &
0"
#20670000
0;
b10010101 !
b10010101 (
0:
04
0.
b10010101 )
b0 *
0/
00
15
06
1X
0Y
0,
12
0U
b10100 #
b10100 &
1"
#20680000
1/
b10010110 !
b10010110 (
1.
b10010110 )
b1 *
0X
1Y
1U
b10101 #
b10101 &
0"
#20690000
0;
0:
15
06
b10010111 !
b10010111 (
04
0.
b10010111 )
b0 *
1/
00
1X
0Y
1,
0U
b10110 #
b10110 &
1"
#20700000
1;
1:
05
16
14
0/
10
b10011000 !
b10011000 (
1.
b10011000 )
b111 *
0X
1Y
1U
b10111 #
b10111 &
0"
#20710000
0G
0F
1A
0B
b10011001 !
b10011001 (
0@
0:
04
0.
b10011001 )
b0 *
0/
00
05
06
1;
0<
1X
0Y
0,
02
18
0U
b11000 #
b11000 &
1"
#20720000
1/
b10011010 !
b10011010 (
1.
b10011010 )
b1 *
0X
1Y
1U
b11001 #
b11001 &
0"
#20730000
05
b10011011 !
b10011011 (
04
0.
b10011011 )
b0 *
1/
00
1X
0Y
1,
0U
b11010 #
b11010 &
1"
#20740000
15
14
0/
10
b10011100 !
b10011100 (
1.
b10011100 )
b11 *
0X
1Y
1U
b11011 #
b11011 &
0"
#20750000
0G
0F
1A
0B
0@
1;
0<
b10011101 !
b10011101 (
0:
04
0.
b10011101 )
b0 *
0/
00
15
06
1X
0Y
0,
12
0U
b11100 #
b11100 &
1"
#20760000
1/
b10011110 !
b10011110 (
1.
b10011110 )
b1 *
0X
1Y
1U
b11101 #
b11101 &
0"
#20770000
0G
0F
1A
0B
0@
1;
0<
0:
15
06
b10011111 !
b10011111 (
04
0.
b10011111 )
b0 *
1/
00
1X
0Y
1,
0U
b11110 #
b11110 &
1"
#20780000
1G
1F
0A
1B
1@
0;
1<
1:
05
16
b10100001 !
b10100001 (
14
b10100001 )
b11110 *
0/
10
1-
0V
1U
b10000010 $
b10000010 '
b11111 #
b11111 &
0"
#20790000
0M
0L
0F
0@
0:
04
b10100010 !
b10100010 (
b0 *
b10100010 )
1/
00
05
06
0;
0<
0A
0B
1G
0H
0X
0,
02
08
0>
1D
0U
b100000 #
b100000 &
1"
#20800000
b10100011 !
b10100011 (
b10100011 )
1X
1U
b100001 #
b100001 &
0"
#20810000
15
14
b10100100 !
b10100100 (
b10 *
b10100100 )
0/
10
0X
1,
0U
b100010 #
b100010 &
1"
#20820000
b10100101 !
b10100101 (
b10100101 )
1X
1U
b100011 #
b100011 &
0"
#20830000
0;
0:
04
b10100110 !
b10100110 (
b0 *
b10100110 )
1/
00
15
06
0X
0,
12
0U
b100100 #
b100100 &
1"
#20840000
b10100111 !
b10100111 (
b10100111 )
1X
1U
b100101 #
b100101 &
0"
#20850000
1;
1:
05
16
14
b10101000 !
b10101000 (
b110 *
b10101000 )
0/
10
0X
1,
0U
b100110 #
b100110 &
1"
#20860000
b10101001 !
b10101001 (
b10101001 )
1X
1U
b100111 #
b100111 &
0"
#20870000
0A
0@
0:
04
b10101010 !
b10101010 (
b0 *
b10101010 )
1/
00
05
06
1;
0<
0X
0,
02
18
0U
b101000 #
b101000 &
1"
#20880000
b10101011 !
b10101011 (
b10101011 )
1X
1U
b101001 #
b101001 &
0"
#20890000
15
14
b10101100 !
b10101100 (
b10 *
b10101100 )
0/
10
0X
1,
0U
b101010 #
b101010 &
1"
#20900000
b10101101 !
b10101101 (
b10101101 )
1X
1U
b101011 #
b101011 &
0"
#20910000
0A
0@
1;
0<
0:
04
b10101110 !
b10101110 (
b0 *
b10101110 )
1/
00
15
06
0X
0,
12
0U
b101100 #
b101100 &
1"
#20920000
b10101111 !
b10101111 (
b10101111 )
1X
1U
b101101 #
b101101 &
0"
#20930000
1A
1@
0;
1<
1:
05
16
14
b10110000 !
b10110000 (
b1110 *
b10110000 )
0/
10
0X
1,
0U
b101110 #
b101110 &
1"
#20940000
b10110010 !
b10110010 (
b10110010 )
1/
1.
b1111 *
1Y
1V
1U
b10000011 $
b10000011 '
b101111 #
b101111 &
0"
#20950000
0M
0L
04
1G
0H
00
b10110011 !
b10110011 (
0F
0@
0:
0.
b10110011 )
b0 *
1/
05
06
0;
0<
1A
0B
1X
0Y
0,
02
08
1>
0U
b110000 #
b110000 &
1"
#20960000
15
14
0/
10
b10110100 !
b10110100 (
1.
b10110100 )
b11 *
0X
1Y
1U
b110001 #
b110001 &
0"
#20970000
b10110101 !
b10110101 (
0.
b10110101 )
b10 *
0/
1X
0Y
1,
0U
b110010 #
b110010 &
1"
#20980000
1/
b10110110 !
b10110110 (
1.
b10110110 )
b11 *
0X
1Y
1U
b110011 #
b110011 &
0"
#20990000
04
0;
00
b10110111 !
b10110111 (
0:
0.
b10110111 )
b0 *
1/
15
06
1X
0Y
0,
12
0U
b110100 #
b110100 &
1"
#21000000
1;
1:
05
16
14
0/
10
b10111000 !
b10111000 (
1.
b10111000 )
b111 *
0X
1Y
1U
b110101 #
b110101 &
0"
#21010000
b10111001 !
b10111001 (
0.
b10111001 )
b110 *
0/
1X
0Y
1,
0U
b110110 #
b110110 &
1"
#21020000
1/
b10111010 !
b10111010 (
1.
b10111010 )
b111 *
0X
1Y
1U
b110111 #
b110111 &
0"
#21030000
0M
0L
1G
0H
0F
04
1A
0B
00
b10111011 !
b10111011 (
0@
0:
0.
b10111011 )
b0 *
1/
05
06
1;
0<
1X
0Y
0,
02
18
0U
b111000 #
b111000 &
1"
#21040000
15
14
0/
10
b10111100 !
b10111100 (
1.
b10111100 )
b11 *
0X
1Y
1U
b111001 #
b111001 &
0"
#21050000
b10111101 !
b10111101 (
0.
b10111101 )
b10 *
0/
1X
0Y
1,
0U
b111010 #
b111010 &
1"
#21060000
1/
b10111110 !
b10111110 (
1.
b10111110 )
b11 *
0X
1Y
1U
b111011 #
b111011 &
0"
#21070000
0M
0L
1G
0H
0F
1A
0B
0@
04
1;
0<
00
b10111111 !
b10111111 (
0:
0.
b10111111 )
b0 *
1/
15
06
1X
0Y
0,
12
0U
b111100 #
b111100 &
1"
#21080000
1M
1L
0G
1H
1F
0A
1B
1@
0;
1<
1:
05
16
14
0/
10
b11000000 !
b11000000 (
1.
b11000000 )
b111111 *
0X
1Y
1U
b111101 #
b111101 &
0"
#21090000
b11000001 !
b11000001 (
0.
b11000001 )
b111110 *
0/
1X
0Y
1,
0U
b111110 #
b111110 &
1"
#21100000
04
b11000011 !
b11000011 (
b111100 *
b11000011 )
1/
00
05
0-
13
0V
1U
b10000100 $
b10000100 '
b111111 #
b111111 &
0"
#21110000
1S
0T
0R
0L
0F
0@
0:
b11000100 !
b11000100 (
b0 *
b11000100 )
0/
15
06
0;
0<
0A
0B
0G
0H
1M
0N
0X
0,
02
08
0>
0D
1J
0U
b1000000 #
b1000000 &
1"
#21120000
b11000101 !
b11000101 (
b11000101 )
1X
1U
b1000001 #
b1000001 &
0"
#21130000
b11000110 !
b11000110 (
b11000110 )
1/
0X
1,
0U
b1000010 #
b1000010 &
1"
#21140000
b11000111 !
b11000111 (
b11000111 )
1X
1U
b1000011 #
b1000011 &
0"
#21150000
1;
1:
b11001000 !
b11001000 (
b100 *
b11001000 )
0/
05
16
0X
0,
12
0U
b1000100 #
b1000100 &
1"
#21160000
b11001001 !
b11001001 (
b11001001 )
1X
1U
b1000101 #
b1000101 &
0"
#21170000
b11001010 !
b11001010 (
b11001010 )
1/
0X
1,
0U
b1000110 #
b1000110 &
1"
#21180000
b11001011 !
b11001011 (
b11001011 )
1X
1U
b1000111 #
b1000111 &
0"
#21190000
0A
0@
0:
b11001100 !
b11001100 (
b0 *
b11001100 )
0/
15
06
1;
0<
0X
0,
02
18
0U
b1001000 #
b1001000 &
1"
#21200000
b11001101 !
b11001101 (
b11001101 )
1X
1U
b1001001 #
b1001001 &
0"
#21210000
b11001110 !
b11001110 (
b11001110 )
1/
0X
1,
0U
b1001010 #
b1001010 &
1"
#21220000
b11001111 !
b11001111 (
b11001111 )
1X
1U
b1001011 #
b1001011 &
0"
#21230000
1A
1@
0;
1<
1:
b11010000 !
b11010000 (
b1100 *
b11010000 )
0/
05
16
0X
0,
12
0U
b1001100 #
b1001100 &
1"
#21240000
b11010001 !
b11010001 (
b11010001 )
1X
1U
b1001101 #
b1001101 &
0"
#21250000
b11010010 !
b11010010 (
b11010010 )
1/
0X
1,
0U
b1001110 #
b1001110 &
1"
#21260000
15
b11010100 !
b11010100 (
14
b11010100 )
0/
10
1.
b1111 *
1Y
1V
1U
b10000101 $
b10000101 '
b1001111 #
b1001111 &
0"
#21270000
0:
0G
06
b11010101 !
b11010101 (
0F
0@
04
0.
b11010101 )
b0 *
0/
00
15
0;
0<
1A
0B
1X
0Y
0,
02
08
1>
0U
b1010000 #
b1010000 &
1"
#21280000
1/
b11010110 !
b11010110 (
1.
b11010110 )
b1 *
0X
1Y
1U
b1010001 #
b1010001 &
0"
#21290000
0;
0:
15
06
b11010111 !
b11010111 (
04
0.
b11010111 )
b0 *
1/
00
1X
0Y
1,
0U
b1010010 #
b1010010 &
1"
#21300000
1;
1:
05
16
14
0/
10
b11011000 !
b11011000 (
1.
b11011000 )
b111 *
0X
1Y
1U
b1010011 #
b1010011 &
0"
#21310000
b11011001 !
b11011001 (
04
0.
b11011001 )
b100 *
0/
00
05
1X
0Y
0,
12
0U
b1010100 #
b1010100 &
1"
#21320000
1/
b11011010 !
b11011010 (
1.
b11011010 )
b101 *
0X
1Y
1U
b1010101 #
b1010101 &
0"
#21330000
05
b11011011 !
b11011011 (
04
0.
b11011011 )
b100 *
1/
00
1X
0Y
1,
0U
b1010110 #
b1010110 &
1"
#21340000
15
14
0/
10
b11011100 !
b11011100 (
1.
b11011100 )
b111 *
0X
1Y
1U
b1010111 #
b1010111 &
0"
#21350000
0G
0F
0:
1A
0B
06
b11011101 !
b11011101 (
0@
04
0.
b11011101 )
b0 *
0/
00
15
1;
0<
1X
0Y
0,
02
18
0U
b1011000 #
b1011000 &
1"
#21360000
1/
b11011110 !
b11011110 (
1.
b11011110 )
b1 *
0X
1Y
1U
b1011001 #
b1011001 &
0"
#21370000
0G
0F
1A
0B
0@
1;
0<
0:
15
06
b11011111 !
b11011111 (
04
0.
b11011111 )
b0 *
1/
00
1X
0Y
1,
0U
b1011010 #
b1011010 &
1"
#21380000
1G
1F
0A
1B
1@
0;
1<
1:
05
16
14
0/
10
b11100000 !
b11100000 (
1.
b11100000 )
b11111 *
0X
1Y
1U
b1011011 #
b1011011 &
0"
#21390000
b11100001 !
b11100001 (
04
0.
b11100001 )
b11100 *
0/
00
05
1X
0Y
0,
12
0U
b1011100 #
b1011100 &
1"
#21400000
1/
b11100010 !
b11100010 (
1.
b11100010 )
b11101 *
0X
1Y
1U
b1011101 #
b1011101 &
0"
#21410000
05
b11100011 !
b11100011 (
04
0.
b11100011 )
b11100 *
1/
00
1X
0Y
1,
0U
b1011110 #
b1011110 &
1"
#21420000
15
b11100101 !
b11100101 (
14
b11100101 )
b11110 *
0/
10
1-
0V
1U
b10000110 $
b10000110 '
b1011111 #
b1011111 &
0"
#21430000
1S
0T
0R
0:
1M
0N
06
0L
0F
0@
04
b11100110 !
b11100110 (
b0 *
b11100110 )
1/
00
15
0;
0<
0A
0B
1G
0H
0X
0,
02
08
0>
1D
0U
b1100000 #
b1100000 &
1"
#21440000
b11100111 !
b11100111 (
b11100111 )
1X
1U
b1100001 #
b1100001 &
0"
#21450000
1;
1:
05
16
14
b11101000 !
b11101000 (
b110 *
b11101000 )
0/
10
0X
1,
0U
b1100010 #
b1100010 &
1"
#21460000
b11101001 !
b11101001 (
b11101001 )
1X
1U
b1100011 #
b1100011 &
0"
#21470000
04
b11101010 !
b11101010 (
b100 *
b11101010 )
1/
00
05
0X
0,
12
0U
b1100100 #
b1100100 &
1"
#21480000
b11101011 !
b11101011 (
b11101011 )
1X
1U
b1100101 #
b1100101 &
0"
#21490000
15
14
b11101100 !
b11101100 (
b110 *
b11101100 )
0/
10
0X
1,
0U
b1100110 #
b1100110 &
1"
#21500000
b11101101 !
b11101101 (
b11101101 )
1X
1U
b1100111 #
b1100111 &
0"
#21510000
0:
0A
06
0@
04
b11101110 !
b11101110 (
b0 *
b11101110 )
1/
00
15
1;
0<
0X
0,
02
18
0U
b1101000 #
b1101000 &
1"
#21520000
b11101111 !
b11101111 (
b11101111 )
1X
1U
b1101001 #
b1101001 &
0"
#21530000
1A
1@
0;
1<
1:
05
16
14
b11110000 !
b11110000 (
b1110 *
b11110000 )
0/
10
0X
1,
0U
b1101010 #
b1101010 &
1"
#21540000
b11110001 !
b11110001 (
b11110001 )
1X
1U
b1101011 #
b1101011 &
0"
#21550000
04
b11110010 !
b11110010 (
b1100 *
b11110010 )
1/
00
05
0X
0,
12
0U
b1101100 #
b1101100 &
1"
#21560000
b11110011 !
b11110011 (
b11110011 )
1X
1U
b1101101 #
b1101101 &
0"
#21570000
15
14
b11110100 !
b11110100 (
b1110 *
b11110100 )
0/
10
0X
1,
0U
b1101110 #
b1101110 &
1"
#21580000
b11110110 !
b11110110 (
b11110110 )
1/
1.
b1111 *
1Y
1V
1U
b10000111 $
b10000111 '
b1101111 #
b1101111 &
0"
#21590000
1S
0T
0R
0:
1M
0N
06
0L
04
1G
0H
00
b11110111 !
b11110111 (
0F
0@
0.
b11110111 )
b0 *
1/
15
0;
0<
1A
0B
1X
0Y
0,
02
08
1>
0U
b1110000 #
b1110000 &
1"
#21600000
1;
1:
05
16
14
0/
10
b11111000 !
b11111000 (
1.
b11111000 )
b111 *
0X
1Y
1U
b1110001 #
b1110001 &
0"
#21610000
b11111001 !
b11111001 (
0.
b11111001 )
b110 *
0/
1X
0Y
1,
0U
b1110010 #
b1110010 &
1"
#21620000
1/
b11111010 !
b11111010 (
1.
b11111010 )
b111 *
0X
1Y
1U
b1110011 #
b1110011 &
0"
#21630000
04
00
b11111011 !
b11111011 (
0.
b11111011 )
b100 *
1/
05
1X
0Y
0,
12
0U
b1110100 #
b1110100 &
1"
#21640000
15
14
0/
10
b11111100 !
b11111100 (
1.
b11111100 )
b111 *
0X
1Y
1U
b1110101 #
b1110101 &
0"
#21650000
b11111101 !
b11111101 (
0.
b11111101 )
b110 *
0/
1X
0Y
1,
0U
b1110110 #
b1110110 &
1"
#21660000
1/
b11111110 !
b11111110 (
1.
b11111110 )
b111 *
0X
1Y
1U
b1110111 #
b1110111 &
0"
#21670000
1S
0T
0R
1M
0N
0L
0:
1G
0H
06
0F
04
1A
0B
00
b11111111 !
b11111111 (
0@
0.
b11111111 )
b0 *
1/
15
1;
0<
1X
0Y
0,
02
18
0U
b1111000 #
b1111000 &
1"
#21680000
0S
1T
1R
0M
1N
1L
0G
1H
1F
0A
1B
1@
0;
1<
1:
05
16
14
0/
10
b100000000 !
b100000000 (
1.
b0 )
b11111111 *
0X
1Y
1U
b1111001 #
b1111001 &
0"
#21690000
b100000001 !
b100000001 (
0.
b1 )
b11111110 *
0/
1X
0Y
1,
0U
b1111010 #
b1111010 &
1"
#21700000
1/
b100000010 !
b100000010 (
1.
b10 )
b11111111 *
0X
1Y
1U
b1111011 #
b1111011 &
0"
#21710000
04
00
b100000011 !
b100000011 (
0.
b11 )
b11111100 *
1/
05
1X
0Y
0,
12
0U
b1111100 #
b1111100 &
1"
#21720000
15
14
0/
10
b100000100 !
b100000100 (
1.
b100 )
b11111111 *
0X
1Y
1U
b1111101 #
b1111101 &
0"
#21730000
b100000101 !
b100000101 (
0.
b101 )
b11111110 *
0/
1X
0Y
1,
0U
b1111110 #
b1111110 &
1"
#21740000
0:
06
04
b100000111 !
b100000111 (
b11111000 *
b111 )
1/
00
15
0;
0-
03
19
0V
1U
b10001000 $
b10001000 '
b1111111 #
b1111111 &
0"
#21750000
0R
0L
0F
0@
b100001000 !
b100001000 (
b10000000 *
b1000 )
0/
05
1;
0<
0A
0B
0G
0H
0M
0N
0S
0X
0,
02
08
0>
0D
0J
1P
0U
b10000000 #
b10000000 &
1"
#21760000
b100001001 !
b100001001 (
b1001 )
1X
1U
b10000001 #
b10000001 &
0"
#21770000
b100001010 !
b100001010 (
b1010 )
1/
0X
1,
0U
b10000010 #
b10000010 &
1"
#21780000
b100001011 !
b100001011 (
b1011 )
1X
1U
b10000011 #
b10000011 &
0"
#21790000
b100001100 !
b100001100 (
b1100 )
0/
15
0X
0,
12
0U
b10000100 #
b10000100 &
1"
#21800000
b100001101 !
b100001101 (
b1101 )
1X
1U
b10000101 #
b10000101 &
0"
#21810000
b100001110 !
b100001110 (
b1110 )
1/
0X
1,
0U
b10000110 #
b10000110 &
1"
#21820000
b100001111 !
b100001111 (
b1111 )
1X
1U
b10000111 #
b10000111 &
0"
#21830000
1A
1@
b100010000 !
b100010000 (
b10001000 *
b10000 )
0/
05
0;
1<
0X
0,
02
18
0U
b10001000 #
b10001000 &
1"
#21840000
b100010001 !
b100010001 (
b10001 )
1X
1U
b10001001 #
b10001001 &
0"
#21850000
b100010010 !
b100010010 (
b10010 )
1/
0X
1,
0U
b10001010 #
b10001010 &
1"
#21860000
b100010011 !
b100010011 (
b10011 )
1X
1U
b10001011 #
b10001011 &
0"
#21870000
b100010100 !
b100010100 (
b10100 )
0/
15
0X
0,
12
0U
b10001100 #
b10001100 &
1"
#21880000
b100010101 !
b100010101 (
b10101 )
1X
1U
b10001101 #
b10001101 &
0"
#21890000
b100010110 !
b100010110 (
b10110 )
1/
0X
1,
0U
b10001110 #
b10001110 &
1"
#21900000
1;
1:
05
16
b100011000 !
b100011000 (
14
b11000 )
0/
10
1.
b10001111 *
1Y
1V
1U
b10001001 $
b10001001 '
b10001111 #
b10001111 &
0"
#21910000
0@
0G
0<
b100011001 !
b100011001 (
0F
0:
04
0.
b11001 )
b10000000 *
0/
00
05
06
1;
1A
0B
1X
0Y
0,
02
08
1>
0U
b10010000 #
b10010000 &
1"
#21920000
1/
b100011010 !
b100011010 (
1.
b11010 )
b10000001 *
0X
1Y
1U
b10010001 #
b10010001 &
0"
#21930000
05
b100011011 !
b100011011 (
04
0.
b11011 )
b10000000 *
1/
00
1X
0Y
1,
0U
b10010010 #
b10010010 &
1"
#21940000
15
14
0/
10
b100011100 !
b100011100 (
1.
b11100 )
b10000011 *
0X
1Y
1U
b10010011 #
b10010011 &
0"
#21950000
0G
0F
1A
0B
0@
1;
0<
b100011101 !
b100011101 (
0:
04
0.
b11101 )
b10000000 *
0/
00
15
06
1X
0Y
0,
12
0U
b10010100 #
b10010100 &
1"
#21960000
1/
b100011110 !
b100011110 (
1.
b11110 )
b10000001 *
0X
1Y
1U
b10010101 #
b10010101 &
0"
#21970000
0G
0F
1A
0B
0@
1;
0<
0:
15
06
b100011111 !
b100011111 (
04
0.
b11111 )
b10000000 *
1/
00
1X
0Y
1,
0U
b10010110 #
b10010110 &
1"
#21980000
1G
1F
0A
1B
1@
0;
1<
1:
05
16
14
0/
10
b100100000 !
b100100000 (
1.
b100000 )
b10011111 *
0X
1Y
1U
b10010111 #
b10010111 &
0"
#21990000
b100100001 !
b100100001 (
0:
04
0.
b100001 )
b10011000 *
0/
00
05
06
0;
1X
0Y
0,
02
18
0U
b10011000 #
b10011000 &
1"
#22000000
1/
b100100010 !
b100100010 (
1.
b100010 )
b10011001 *
0X
1Y
1U
b10011001 #
b10011001 &
0"
#22010000
05
b100100011 !
b100100011 (
04
0.
b100011 )
b10011000 *
1/
00
1X
0Y
1,
0U
b10011010 #
b10011010 &
1"
#22020000
15
14
0/
10
b100100100 !
b100100100 (
1.
b100100 )
b10011011 *
0X
1Y
1U
b10011011 #
b10011011 &
0"
#22030000
0;
b100100101 !
b100100101 (
0:
04
0.
b100101 )
b10011000 *
0/
00
15
06
1X
0Y
0,
12
0U
b10011100 #
b10011100 &
1"
#22040000
1/
b100100110 !
b100100110 (
1.
b100110 )
b10011001 *
0X
1Y
1U
b10011101 #
b10011101 &
0"
#22050000
0;
0:
15
06
b100100111 !
b100100111 (
04
0.
b100111 )
b10011000 *
1/
00
1X
0Y
1,
0U
b10011110 #
b10011110 &
1"
#22060000
1;
1:
05
16
b100101001 !
b100101001 (
14
b101001 )
b10011110 *
0/
10
1-
0V
1U
b10001010 $
b10001010 '
b10011111 #
b10011111 &
0"
#22070000
0@
0M
0<
0L
0F
0:
04
b100101010 !
b100101010 (
b10000000 *
b101010 )
1/
00
05
06
1;
0A
0B
1G
0H
0X
0,
02
08
0>
1D
0U
b10100000 #
b10100000 &
1"
#22080000
b100101011 !
b100101011 (
b101011 )
1X
1U
b10100001 #
b10100001 &
0"
#22090000
15
14
b100101100 !
b100101100 (
b10000010 *
b101100 )
0/
10
0X
1,
0U
b10100010 #
b10100010 &
1"
#22100000
b100101101 !
b100101101 (
b101101 )
1X
1U
b10100011 #
b10100011 &
0"
#22110000
0A
0@
1;
0<
0:
04
b100101110 !
b100101110 (
b10000000 *
b101110 )
1/
00
15
06
0X
0,
12
0U
b10100100 #
b10100100 &
1"
#22120000
b100101111 !
b100101111 (
b101111 )
1X
1U
b10100101 #
b10100101 &
0"
#22130000
1A
1@
0;
1<
1:
05
16
14
b100110000 !
b100110000 (
b10001110 *
b110000 )
0/
10
0X
1,
0U
b10100110 #
b10100110 &
1"
#22140000
b100110001 !
b100110001 (
b110001 )
1X
1U
b10100111 #
b10100111 &
0"
#22150000
0:
04
b100110010 !
b100110010 (
b10001000 *
b110010 )
1/
00
05
06
0;
0X
0,
02
18
0U
b10101000 #
b10101000 &
1"
#22160000
b100110011 !
b100110011 (
b110011 )
1X
1U
b10101001 #
b10101001 &
0"
#22170000
15
14
b100110100 !
b100110100 (
b10001010 *
b110100 )
0/
10
0X
1,
0U
b10101010 #
b10101010 &
1"
#22180000
b100110101 !
b100110101 (
b110101 )
1X
1U
b10101011 #
b10101011 &
0"
#22190000
0;
0:
04
b100110110 !
b100110110 (
b10001000 *
b110110 )
1/
00
15
06
0X
0,
12
0U
b10101100 #
b10101100 &
1"
#22200000
b100110111 !
b100110111 (
b110111 )
1X
1U
b10101101 #
b10101101 &
0"
#22210000
1;
1:
05
16
14
b100111000 !
b100111000 (
b10001110 *
b111000 )
0/
10
0X
1,
0U
b10101110 #
b10101110 &
1"
#22220000
b100111010 !
b100111010 (
b111010 )
1/
1.
b10001111 *
1Y
1V
1U
b10001011 $
b10001011 '
b10101111 #
b10101111 &
0"
#22230000
0M
0L
0@
04
1G
0H
0<
00
b100111011 !
b100111011 (
0F
0:
0.
b111011 )
b10000000 *
1/
05
06
1;
1A
0B
1X
0Y
0,
02
08
1>
0U
b10110000 #
b10110000 &
1"
#22240000
15
14
0/
10
b100111100 !
b100111100 (
1.
b111100 )
b10000011 *
0X
1Y
1U
b10110001 #
b10110001 &
0"
#22250000
b100111101 !
b100111101 (
0.
b111101 )
b10000010 *
0/
1X
0Y
1,
0U
b10110010 #
b10110010 &
1"
#22260000
1/
b100111110 !
b100111110 (
1.
b111110 )
b10000011 *
0X
1Y
1U
b10110011 #
b10110011 &
0"
#22270000
0M
0L
1G
0H
0F
1A
0B
0@
04
1;
0<
00
b100111111 !
b100111111 (
0:
0.
b111111 )
b10000000 *
1/
15
06
1X
0Y
0,
12
0U
b10110100 #
b10110100 &
1"
#22280000
1M
1L
0G
1H
1F
0A
1B
1@
0;
1<
1:
05
16
14
0/
10
b101000000 !
b101000000 (
1.
b1000000 )
b10111111 *
0X
1Y
1U
b10110101 #
b10110101 &
0"
#22290000
b101000001 !
b101000001 (
0.
b1000001 )
b10111110 *
0/
1X
0Y
1,
0U
b10110110 #
b10110110 &
1"
#22300000
1/
b101000010 !
b101000010 (
1.
b1000010 )
b10111111 *
0X
1Y
1U
b10110111 #
b10110111 &
0"
#22310000
04
00
b101000011 !
b101000011 (
0:
0.
b1000011 )
b10111000 *
1/
05
06
0;
1X
0Y
0,
02
18
0U
b10111000 #
b10111000 &
1"
#22320000
15
14
0/
10
b101000100 !
b101000100 (
1.
b1000100 )
b10111011 *
0X
1Y
1U
b10111001 #
b10111001 &
0"
#22330000
b101000101 !
b101000101 (
0.
b1000101 )
b10111010 *
0/
1X
0Y
1,
0U
b10111010 #
b10111010 &
1"
#22340000
1/
b101000110 !
b101000110 (
1.
b1000110 )
b10111011 *
0X
1Y
1U
b10111011 #
b10111011 &
0"
#22350000
04
0;
00
b101000111 !
b101000111 (
0:
0.
b1000111 )
b10111000 *
1/
15
06
1X
0Y
0,
12
0U
b10111100 #
b10111100 &
1"
#22360000
1;
1:
05
16
14
0/
10
b101001000 !
b101001000 (
1.
b1001000 )
b10111111 *
0X
1Y
1U
b10111101 #
b10111101 &
0"
#22370000
b101001001 !
b101001001 (
0.
b1001001 )
b10111110 *
0/
1X
0Y
1,
0U
b10111110 #
b10111110 &
1"
#22380000
04
b101001011 !
b101001011 (
b10111100 *
b1001011 )
1/
00
05
0-
13
0V
1U
b10001100 $
b10001100 '
b10111111 #
b10111111 &
0"
#22390000
0@
0S
0<
0R
0L
0F
0:
b101001100 !
b101001100 (
b10000000 *
b1001100 )
0/
15
06
1;
0A
0B
0G
0H
1M
0N
0X
0,
02
08
0>
0D
1J
0U
b11000000 #
b11000000 &
1"
#22400000
b101001101 !
b101001101 (
b1001101 )
1X
1U
b11000001 #
b11000001 &
0"
#22410000
b101001110 !
b101001110 (
b1001110 )
1/
0X
1,
0U
b11000010 #
b11000010 &
1"
#22420000
b101001111 !
b101001111 (
b1001111 )
1X
1U
b11000011 #
b11000011 &
0"
#22430000
1A
1@
0;
1<
1:
b101010000 !
b101010000 (
b10001100 *
b1010000 )
0/
05
16
0X
0,
12
0U
b11000100 #
b11000100 &
1"
#22440000
b101010001 !
b101010001 (
b1010001 )
1X
1U
b11000101 #
b11000101 &
0"
#22450000
b101010010 !
b101010010 (
b1010010 )
1/
0X
1,
0U
b11000110 #
b11000110 &
1"
#22460000
b101010011 !
b101010011 (
b1010011 )
1X
1U
b11000111 #
b11000111 &
0"
#22470000
0:
b101010100 !
b101010100 (
b10001000 *
b1010100 )
0/
15
06
0;
0X
0,
02
18
0U
b11001000 #
b11001000 &
1"
#22480000
b101010101 !
b101010101 (
b1010101 )
1X
1U
b11001001 #
b11001001 &
0"
#22490000
b101010110 !
b101010110 (
b1010110 )
1/
0X
1,
0U
b11001010 #
b11001010 &
1"
#22500000
b101010111 !
b101010111 (
b1010111 )
1X
1U
b11001011 #
b11001011 &
0"
#22510000
1;
1:
b101011000 !
b101011000 (
b10001100 *
b1011000 )
0/
05
16
0X
0,
12
0U
b11001100 #
b11001100 &
1"
#22520000
b101011001 !
b101011001 (
b1011001 )
1X
1U
b11001101 #
b11001101 &
0"
#22530000
b101011010 !
b101011010 (
b1011010 )
1/
0X
1,
0U
b11001110 #
b11001110 &
1"
#22540000
15
b101011100 !
b101011100 (
14
b1011100 )
0/
10
1.
b10001111 *
1Y
1V
1U
b10001101 $
b10001101 '
b11001111 #
b11001111 &
0"
#22550000
0@
0<
0:
0G
06
b101011101 !
b101011101 (
0F
04
0.
b1011101 )
b10000000 *
0/
00
15
1;
1A
0B
1X
0Y
0,
02
08
1>
0U
b11010000 #
b11010000 &
1"
#22560000
1/
b101011110 !
b101011110 (
1.
b1011110 )
b10000001 *
0X
1Y
1U
b11010001 #
b11010001 &
0"
#22570000
0G
0F
1A
0B
0@
1;
0<
0:
15
06
b101011111 !
b101011111 (
04
0.
b1011111 )
b10000000 *
1/
00
1X
0Y
1,
0U
b11010010 #
b11010010 &
1"
#22580000
1G
1F
0A
1B
1@
0;
1<
1:
05
16
14
0/
10
b101100000 !
b101100000 (
1.
b1100000 )
b10011111 *
0X
1Y
1U
b11010011 #
b11010011 &
0"
#22590000
b101100001 !
b101100001 (
04
0.
b1100001 )
b10011100 *
0/
00
05
1X
0Y
0,
12
0U
b11010100 #
b11010100 &
1"
#22600000
1/
b101100010 !
b101100010 (
1.
b1100010 )
b10011101 *
0X
1Y
1U
b11010101 #
b11010101 &
0"
#22610000
05
b101100011 !
b101100011 (
04
0.
b1100011 )
b10011100 *
1/
00
1X
0Y
1,
0U
b11010110 #
b11010110 &
1"
#22620000
15
14
0/
10
b101100100 !
b101100100 (
1.
b1100100 )
b10011111 *
0X
1Y
1U
b11010111 #
b11010111 &
0"
#22630000
0:
06
b101100101 !
b101100101 (
04
0.
b1100101 )
b10011000 *
0/
00
15
0;
1X
0Y
0,
02
18
0U
b11011000 #
b11011000 &
1"
#22640000
1/
b101100110 !
b101100110 (
1.
b1100110 )
b10011001 *
0X
1Y
1U
b11011001 #
b11011001 &
0"
#22650000
0;
0:
15
06
b101100111 !
b101100111 (
04
0.
b1100111 )
b10011000 *
1/
00
1X
0Y
1,
0U
b11011010 #
b11011010 &
1"
#22660000
1;
1:
05
16
14
0/
10
b101101000 !
b101101000 (
1.
b1101000 )
b10011111 *
0X
1Y
1U
b11011011 #
b11011011 &
0"
#22670000
b101101001 !
b101101001 (
04
0.
b1101001 )
b10011100 *
0/
00
05
1X
0Y
0,
12
0U
b11011100 #
b11011100 &
1"
#22680000
1/
b101101010 !
b101101010 (
1.
b1101010 )
b10011101 *
0X
1Y
1U
b11011101 #
b11011101 &
0"
#22690000
05
b101101011 !
b101101011 (
04
0.
b1101011 )
b10011100 *
1/
00
1X
0Y
1,
0U
b11011110 #
b11011110 &
1"
#22700000
15
b101101101 !
b101101101 (
14
b1101101 )
b10011110 *
0/
10
1-
0V
1U
b10001110 $
b10001110 '
b11011111 #
b11011111 &
0"
#22710000
0@
0S
0<
0R
0:
1M
0N
06
0L
0F
04
b101101110 !
b101101110 (
b10000000 *
b1101110 )
1/
00
15
1;
0A
0B
1G
0H
0X
0,
02
08
0>
1D
0U
b11100000 #
b11100000 &
1"
#22720000
b101101111 !
b101101111 (
b1101111 )
1X
1U
b11100001 #
b11100001 &
0"
#22730000
1A
1@
0;
1<
1:
05
16
14
b101110000 !
b101110000 (
b10001110 *
b1110000 )
0/
10
0X
1,
0U
b11100010 #
b11100010 &
1"
#22740000
b101110001 !
b101110001 (
b1110001 )
1X
1U
b11100011 #
b11100011 &
0"
#22750000
04
b101110010 !
b101110010 (
b10001100 *
b1110010 )
1/
00
05
0X
0,
12
0U
b11100100 #
b11100100 &
1"
#22760000
b101110011 !
b101110011 (
b1110011 )
1X
1U
b11100101 #
b11100101 &
0"
#22770000
15
14
b101110100 !
b101110100 (
b10001110 *
b1110100 )
0/
10
0X
1,
0U
b11100110 #
b11100110 &
1"
#22780000
b101110101 !
b101110101 (
b1110101 )
1X
1U
b11100111 #
b11100111 &
0"
#22790000
0:
06
04
b101110110 !
b101110110 (
b10001000 *
b1110110 )
1/
00
15
0;
0X
0,
02
18
0U
b11101000 #
b11101000 &
1"
#22800000
b101110111 !
b101110111 (
b1110111 )
1X
1U
b11101001 #
b11101001 &
0"
#22810000
1;
1:
05
16
14
b101111000 !
b101111000 (
b10001110 *
b1111000 )
0/
10
0X
1,
0U
b11101010 #
b11101010 &
1"
#22820000
b101111001 !
b101111001 (
b1111001 )
1X
1U
b11101011 #
b11101011 &
0"
#22830000
04
b101111010 !
b101111010 (
b10001100 *
b1111010 )
1/
00
05
0X
0,
12
0U
b11101100 #
b11101100 &
1"
#22840000
b101111011 !
b101111011 (
b1111011 )
1X
1U
b11101101 #
b11101101 &
0"
#22850000
15
14
b101111100 !
b101111100 (
b10001110 *
b1111100 )
0/
10
0X
1,
0U
b11101110 #
b11101110 &
1"
#22860000
b101111110 !
b101111110 (
b1111110 )
1/
1.
b10001111 *
1Y
1V
1U
b10001111 $
b10001111 '
b11101111 #
b11101111 &
0"
#22870000
0@
0S
0<
0R
0:
1M
0N
06
0L
04
1G
0H
00
b101111111 !
b101111111 (
0F
0.
b1111111 )
b10000000 *
1/
15
1;
1A
0B
1X
0Y
0,
02
08
1>
0U
b11110000 #
b11110000 &
1"
#22880000
1S
1R
0M
1N
1L
0G
1H
1F
0A
1B
1@
0;
1<
1:
05
16
14
0/
10
b110000000 !
b110000000 (
1.
b10000000 )
b11111111 *
0X
1Y
1U
b11110001 #
b11110001 &
0"
#22890000
b110000001 !
b110000001 (
0.
b10000001 )
b11111110 *
0/
1X
0Y
1,
0U
b11110010 #
b11110010 &
1"
#22900000
1/
b110000010 !
b110000010 (
1.
b10000010 )
b11111111 *
0X
1Y
1U
b11110011 #
b11110011 &
0"
#22910000
04
00
b110000011 !
b110000011 (
0.
b10000011 )
b11111100 *
1/
05
1X
0Y
0,
12
0U
b11110100 #
b11110100 &
1"
#22920000
15
14
0/
10
b110000100 !
b110000100 (
1.
b10000100 )
b11111111 *
0X
1Y
1U
b11110101 #
b11110101 &
0"
#22930000
b110000101 !
b110000101 (
0.
b10000101 )
b11111110 *
0/
1X
0Y
1,
0U
b11110110 #
b11110110 &
1"
#22940000
1/
b110000110 !
b110000110 (
1.
b10000110 )
b11111111 *
0X
1Y
1U
b11110111 #
b11110111 &
0"
#22950000
0:
06
04
00
b110000111 !
b110000111 (
0.
b10000111 )
b11111000 *
1/
15
0;
1X
0Y
0,
02
18
0U
b11111000 #
b11111000 &
1"
#22960000
1;
1:
05
16
14
0/
10
b110001000 !
b110001000 (
1.
b10001000 )
b11111111 *
0X
1Y
1U
b11111001 #
b11111001 &
0"
#22970000
b110001001 !
b110001001 (
0.
b10001001 )
b11111110 *
0/
1X
0Y
1,
0U
b11111010 #
b11111010 &
1"
#22980000
1/
b110001010 !
b110001010 (
1.
b10001010 )
b11111111 *
0X
1Y
1U
b11111011 #
b11111011 &
0"
#22990000
04
00
b110001011 !
b110001011 (
0.
b10001011 )
b11111100 *
1/
05
1X
0Y
0,
12
0U
b11111100 #
b11111100 &
1"
#23000000
15
14
0/
10
b110001100 !
b110001100 (
1.
b10001100 )
b11111111 *
0X
1Y
1U
b11111101 #
b11111101 &
0"
#23010000
b110001101 !
b110001101 (
0.
b10001101 )
b11111110 *
0/
1X
0Y
1,
0U
b11111110 #
b11111110 &
1"
#23020000
0@
0<
0:
06
04
b110001111 !
b110001111 (
b11110000 *
b10001111 )
1/
00
15
1;
0A
0-
03
09
1?
0V
1U
b10010000 $
b10010000 '
b11111111 #
b11111111 &
0"
#23030000
0T
0R
0L
0F
b10010000 !
b10010000 (
b0 *
b10010000 )
0/
05
0;
1A
0B
0G
0H
0M
0N
1S
0X
0,
02
08
0>
0D
0J
0P
0U
b0 #
b0 &
1"
#23040000
b10010001 !
b10010001 (
b10010001 )
1X
1U
b1 #
b1 &
0"
#23050000
b10010010 !
b10010010 (
b10010010 )
1/
0X
1,
0U
b10 #
b10 &
1"
#23060000
b10010011 !
b10010011 (
b10010011 )
1X
1U
b11 #
b11 &
0"
#23070000
b10010100 !
b10010100 (
b10010100 )
0/
15
0X
0,
12
0U
b100 #
b100 &
1"
#23080000
b10010101 !
b10010101 (
b10010101 )
1X
1U
b101 #
b101 &
0"
#23090000
b10010110 !
b10010110 (
b10010110 )
1/
0X
1,
0U
b110 #
b110 &
1"
#23100000
b10010111 !
b10010111 (
b10010111 )
1X
1U
b111 #
b111 &
0"
#23110000
b10011000 !
b10011000 (
b10011000 )
0/
05
1;
0X
0,
02
18
0U
b1000 #
b1000 &
1"
#23120000
b10011001 !
b10011001 (
b10011001 )
1X
1U
b1001 #
b1001 &
0"
#23130000
b10011010 !
b10011010 (
b10011010 )
1/
0X
1,
0U
b1010 #
b1010 &
1"
#23140000
b10011011 !
b10011011 (
b10011011 )
1X
1U
b1011 #
b1011 &
0"
#23150000
b10011100 !
b10011100 (
b10011100 )
0/
15
0X
0,
12
0U
b1100 #
b1100 &
1"
#23160000
b10011101 !
b10011101 (
b10011101 )
1X
1U
b1101 #
b1101 &
0"
#23170000
b10011110 !
b10011110 (
b10011110 )
1/
0X
1,
0U
b1110 #
b1110 &
1"
#23180000
1G
1F
0A
1B
1@
0;
1<
1:
05
16
b10100000 !
b10100000 (
14
b10100000 )
0/
10
1.
b11111 *
1Y
1V
1U
b10010001 $
b10010001 '
b1111 #
b1111 &
0"
#23190000
b10100001 !
b10100001 (
0@
0:
04
0.
b10100001 )
b10000 *
0/
00
05
06
0;
0<
0A
1X
0Y
0,
02
08
1>
0U
b10000 #
b10000 &
1"
#23200000
1/
b10100010 !
b10100010 (
1.
b10100010 )
b10001 *
0X
1Y
1U
b10001 #
b10001 &
0"
#23210000
05
b10100011 !
b10100011 (
04
0.
b10100011 )
b10000 *
1/
00
1X
0Y
1,
0U
b10010 #
b10010 &
1"
#23220000
15
14
0/
10
b10100100 !
b10100100 (
1.
b10100100 )
b10011 *
0X
1Y
1U
b10011 #
b10011 &
0"
#23230000
0;
b10100101 !
b10100101 (
0:
04
0.
b10100101 )
b10000 *
0/
00
15
06
1X
0Y
0,
12
0U
b10100 #
b10100 &
1"
#23240000
1/
b10100110 !
b10100110 (
1.
b10100110 )
b10001 *
0X
1Y
1U
b10101 #
b10101 &
0"
#23250000
0;
0:
15
06
b10100111 !
b10100111 (
04
0.
b10100111 )
b10000 *
1/
00
1X
0Y
1,
0U
b10110 #
b10110 &
1"
#23260000
1;
1:
05
16
14
0/
10
b10101000 !
b10101000 (
1.
b10101000 )
b10111 *
0X
1Y
1U
b10111 #
b10111 &
0"
#23270000
0A
b10101001 !
b10101001 (
0@
0:
04
0.
b10101001 )
b10000 *
0/
00
05
06
1;
0<
1X
0Y
0,
02
18
0U
b11000 #
b11000 &
1"
#23280000
1/
b10101010 !
b10101010 (
1.
b10101010 )
b10001 *
0X
1Y
1U
b11001 #
b11001 &
0"
#23290000
05
b10101011 !
b10101011 (
04
0.
b10101011 )
b10000 *
1/
00
1X
0Y
1,
0U
b11010 #
b11010 &
1"
#23300000
15
14
0/
10
b10101100 !
b10101100 (
1.
b10101100 )
b10011 *
0X
1Y
1U
b11011 #
b11011 &
0"
#23310000
0A
0@
1;
0<
b10101101 !
b10101101 (
0:
04
0.
b10101101 )
b10000 *
0/
00
15
06
1X
0Y
0,
12
0U
b11100 #
b11100 &
1"
#23320000
1/
b10101110 !
b10101110 (
1.
b10101110 )
b10001 *
0X
1Y
1U
b11101 #
b11101 &
0"
#23330000
0A
0@
1;
0<
0:
15
06
b10101111 !
b10101111 (
04
0.
b10101111 )
b10000 *
1/
00
1X
0Y
1,
0U
b11110 #
b11110 &
1"
#23340000
1A
1@
0;
1<
1:
05
16
b10110001 !
b10110001 (
14
b10110001 )
b11110 *
0/
10
1-
0V
1U
b10010010 $
b10010010 '
b11111 #
b11111 &
0"
#23350000
0F
0M
0B
0L
0@
0:
04
b10110010 !
b10110010 (
b0 *
b10110010 )
1/
00
05
06
0;
0<
1A
1G
0H
0X
0,
02
08
0>
1D
0U
b100000 #
b100000 &
1"
#23360000
b10110011 !
b10110011 (
b10110011 )
1X
1U
b100001 #
b100001 &
0"
#23370000
15
14
b10110100 !
b10110100 (
b10 *
b10110100 )
0/
10
0X
1,
0U
b100010 #
b100010 &
1"
#23380000
b10110101 !
b10110101 (
b10110101 )
1X
1U
b100011 #
b100011 &
0"
#23390000
0;
0:
04
b10110110 !
b10110110 (
b0 *
b10110110 )
1/
00
15
06
0X
0,
12
0U
b100100 #
b100100 &
1"
#23400000
b10110111 !
b10110111 (
b10110111 )
1X
1U
b100101 #
b100101 &
0"
#23410000
1;
1:
05
16
14
b10111000 !
b10111000 (
b110 *
b10111000 )
0/
10
0X
1,
0U
b100110 #
b100110 &
1"
#23420000
b10111001 !
b10111001 (
b10111001 )
1X
1U
b100111 #
b100111 &
0"
#23430000
0M
0L
1G
0H
0F
1A
0B
0@
0:
04
b10111010 !
b10111010 (
b0 *
b10111010 )
1/
00
05
06
1;
0<
0X
0,
02
18
0U
b101000 #
b101000 &
1"
#23440000
b10111011 !
b10111011 (
b10111011 )
1X
1U
b101001 #
b101001 &
0"
#23450000
15
14
b10111100 !
b10111100 (
b10 *
b10111100 )
0/
10
0X
1,
0U
b101010 #
b101010 &
1"
#23460000
b10111101 !
b10111101 (
b10111101 )
1X
1U
b101011 #
b101011 &
0"
#23470000
0M
0L
1G
0H
0F
1A
0B
0@
1;
0<
0:
04
b10111110 !
b10111110 (
b0 *
b10111110 )
1/
00
15
06
0X
0,
12
0U
b101100 #
b101100 &
1"
#23480000
b10111111 !
b10111111 (
b10111111 )
1X
1U
b101101 #
b101101 &
0"
#23490000
1M
1L
0G
1H
1F
0A
1B
1@
0;
1<
1:
05
16
14
b11000000 !
b11000000 (
b111110 *
b11000000 )
0/
10
0X
1,
0U
b101110 #
b101110 &
1"
#23500000
b11000010 !
b11000010 (
b11000010 )
1/
1.
b111111 *
1Y
1V
1U
b10010011 $
b10010011 '
b101111 #
b101111 &
0"
#23510000
04
00
b11000011 !
b11000011 (
0@
0:
0.
b11000011 )
b110000 *
1/
05
06
0;
0<
0A
1X
0Y
0,
02
08
1>
0U
b110000 #
b110000 &
1"
#23520000
15
14
0/
10
b11000100 !
b11000100 (
1.
b11000100 )
b110011 *
0X
1Y
1U
b110001 #
b110001 &
0"
#23530000
b11000101 !
b11000101 (
0.
b11000101 )
b110010 *
0/
1X
0Y
1,
0U
b110010 #
b110010 &
1"
#23540000
1/
b11000110 !
b11000110 (
1.
b11000110 )
b110011 *
0X
1Y
1U
b110011 #
b110011 &
0"
#23550000
04
0;
00
b11000111 !
b11000111 (
0:
0.
b11000111 )
b110000 *
1/
15
06
1X
0Y
0,
12
0U
b110100 #
b110100 &
1"
#23560000
1;
1:
05
16
14
0/
10
b11001000 !
b11001000 (
1.
b11001000 )
b110111 *
0X
1Y
1U
b110101 #
b110101 &
0"
#23570000
b11001001 !
b11001001 (
0.
b11001001 )
b110110 *
0/
1X
0Y
1,
0U
b110110 #
b110110 &
1"
#23580000
1/
b11001010 !
b11001010 (
1.
b11001010 )
b110111 *
0X
1Y
1U
b110111 #
b110111 &
0"
#23590000
04
0A
00
b11001011 !
b11001011 (
0@
0:
0.
b11001011 )
b110000 *
1/
05
06
1;
0<
1X
0Y
0,
02
18
0U
b111000 #
b111000 &
1"
#23600000
15
14
0/
10
b11001100 !
b11001100 (
1.
b11001100 )
b110011 *
0X
1Y
1U
b111001 #
b111001 &
0"
#23610000
b11001101 !
b11001101 (
0.
b11001101 )
b110010 *
0/
1X
0Y
1,
0U
b111010 #
b111010 &
1"
#23620000
1/
b11001110 !
b11001110 (
1.
b11001110 )
b110011 *
0X
1Y
1U
b111011 #
b111011 &
0"
#23630000
0A
0@
04
1;
0<
00
b11001111 !
b11001111 (
0:
0.
b11001111 )
b110000 *
1/
15
06
1X
0Y
0,
12
0U
b111100 #
b111100 &
1"
#23640000
1A
1@
0;
1<
1:
05
16
14
0/
10
b11010000 !
b11010000 (
1.
b11010000 )
b111111 *
0X
1Y
1U
b111101 #
b111101 &
0"
#23650000
b11010001 !
b11010001 (
0.
b11010001 )
b111110 *
0/
1X
0Y
1,
0U
b111110 #
b111110 &
1"
#23660000
04
b11010011 !
b11010011 (
b111100 *
b11010011 )
1/
00
05
0-
13
0V
1U
b10010100 $
b10010100 '
b111111 #
b111111 &
0"
#23670000
0F
1S
0T
0B
0R
0L
0@
0:
b11010100 !
b11010100 (
b0 *
b11010100 )
0/
15
06
0;
0<
1A
0G
0H
1M
0N
0X
0,
02
08
0>
0D
1J
0U
b1000000 #
b1000000 &
1"
#23680000
b11010101 !
b11010101 (
b11010101 )
1X
1U
b1000001 #
b1000001 &
0"
#23690000
b11010110 !
b11010110 (
b11010110 )
1/
0X
1,
0U
b1000010 #
b1000010 &
1"
#23700000
b11010111 !
b11010111 (
b11010111 )
1X
1U
b1000011 #
b1000011 &
0"
#23710000
1;
1:
b11011000 !
b11011000 (
b100 *
b11011000 )
0/
05
16
0X
0,
12
0U
b1000100 #
b1000100 &
1"
#23720000
b11011001 !
b11011001 (
b11011001 )
1X
1U
b1000101 #
b1000101 &
0"
#23730000
b11011010 !
b11011010 (
b11011010 )
1/
0X
1,
0U
b1000110 #
b1000110 &
1"
#23740000
b11011011 !
b11011011 (
b11011011 )
1X
1U
b1000111 #
b1000111 &
0"
#23750000
0G
0F
1A
0B
0@
0:
b11011100 !
b11011100 (
b0 *
b11011100 )
0/
15
06
1;
0<
0X
0,
02
18
0U
b1001000 #
b1001000 &
1"
#23760000
b11011101 !
b11011101 (
b11011101 )
1X
1U
b1001001 #
b1001001 &
0"
#23770000
b11011110 !
b11011110 (
b11011110 )
1/
0X
1,
0U
b1001010 #
b1001010 &
1"
#23780000
b11011111 !
b11011111 (
b11011111 )
1X
1U
b1001011 #
b1001011 &
0"
#23790000
1G
1F
0A
1B
1@
0;
1<
1:
b11100000 !
b11100000 (
b11100 *
b11100000 )
0/
05
16
0X
0,
12
0U
b1001100 #
b1001100 &
1"
#23800000
b11100001 !
b11100001 (
b11100001 )
1X
1U
b1001101 #
b1001101 &
0"
#23810000
b11100010 !
b11100010 (
b11100010 )
1/
0X
1,
0U
b1001110 #
b1001110 &
1"
#23820000
15
b11100100 !
b11100100 (
14
b11100100 )
0/
10
1.
b11111 *
1Y
1V
1U
b10010101 $
b10010101 '
b1001111 #
b1001111 &
0"
#23830000
0:
06
b11100101 !
b11100101 (
0@
04
0.
b11100101 )
b10000 *
0/
00
15
0;
0<
0A
1X
0Y
0,
02
08
1>
0U
b1010000 #
b1010000 &
1"
#23840000
1/
b11100110 !
b11100110 (
1.
b11100110 )
b10001 *
0X
1Y
1U
b1010001 #
b1010001 &
0"
#23850000
0;
0:
15
06
b11100111 !
b11100111 (
04
0.
b11100111 )
b10000 *
1/
00
1X
0Y
1,
0U
b1010010 #
b1010010 &
1"
#23860000
1;
1:
05
16
14
0/
10
b11101000 !
b11101000 (
1.
b11101000 )
b10111 *
0X
1Y
1U
b1010011 #
b1010011 &
0"
#23870000
b11101001 !
b11101001 (
04
0.
b11101001 )
b10100 *
0/
00
05
1X
0Y
0,
12
0U
b1010100 #
b1010100 &
1"
#23880000
1/
b11101010 !
b11101010 (
1.
b11101010 )
b10101 *
0X
1Y
1U
b1010101 #
b1010101 &
0"
#23890000
05
b11101011 !
b11101011 (
04
0.
b11101011 )
b10100 *
1/
00
1X
0Y
1,
0U
b1010110 #
b1010110 &
1"
#23900000
15
14
0/
10
b11101100 !
b11101100 (
1.
b11101100 )
b10111 *
0X
1Y
1U
b1010111 #
b1010111 &
0"
#23910000
0:
0A
06
b11101101 !
b11101101 (
0@
04
0.
b11101101 )
b10000 *
0/
00
15
1;
0<
1X
0Y
0,
02
18
0U
b1011000 #
b1011000 &
1"
#23920000
1/
b11101110 !
b11101110 (
1.
b11101110 )
b10001 *
0X
1Y
1U
b1011001 #
b1011001 &
0"
#23930000
0A
0@
1;
0<
0:
15
06
b11101111 !
b11101111 (
04
0.
b11101111 )
b10000 *
1/
00
1X
0Y
1,
0U
b1011010 #
b1011010 &
1"
#23940000
1A
1@
0;
1<
1:
05
16
14
0/
10
b11110000 !
b11110000 (
1.
b11110000 )
b11111 *
0X
1Y
1U
b1011011 #
b1011011 &
0"
#23950000
b11110001 !
b11110001 (
04
0.
b11110001 )
b11100 *
0/
00
05
1X
0Y
0,
12
0U
b1011100 #
b1011100 &
1"
#23960000
1/
b11110010 !
b11110010 (
1.
b11110010 )
b11101 *
0X
1Y
1U
b1011101 #
b1011101 &
0"
#23970000
05
b11110011 !
b11110011 (
04
0.
b11110011 )
b11100 *
1/
00
1X
0Y
1,
0U
b1011110 #
b1011110 &
1"
#23980000
15
b11110101 !
b11110101 (
14
b11110101 )
b11110 *
0/
10
1-
0V
1U
b10010110 $
b10010110 '
b1011111 #
b1011111 &
0"
#23990000
1S
0T
0R
0F
0:
1M
0N
0B
06
0L
0@
04
b11110110 !
b11110110 (
b0 *
b11110110 )
1/
00
15
0;
0<
1A
1G
0H
0X
0,
02
08
0>
1D
0U
b1100000 #
b1100000 &
1"
#24000000
b11110111 !
b11110111 (
b11110111 )
1X
1U
b1100001 #
b1100001 &
0"
#24010000
1;
1:
05
16
14
b11111000 !
b11111000 (
b110 *
b11111000 )
0/
10
0X
1,
0U
b1100010 #
b1100010 &
1"
#24020000
b11111001 !
b11111001 (
b11111001 )
1X
1U
b1100011 #
b1100011 &
0"
#24030000
04
b11111010 !
b11111010 (
b100 *
b11111010 )
1/
00
05
0X
0,
12
0U
b1100100 #
b1100100 &
1"
#24040000
b11111011 !
b11111011 (
b11111011 )
1X
1U
b1100101 #
b1100101 &
0"
#24050000
15
14
b11111100 !
b11111100 (
b110 *
b11111100 )
0/
10
0X
1,
0U
b1100110 #
b1100110 &
1"
#24060000
b11111101 !
b11111101 (
b11111101 )
1X
1U
b1100111 #
b1100111 &
0"
#24070000
1S
0T
0R
1M
0N
0L
1G
0H
0F
0:
1A
0B
06
0@
04
b11111110 !
b11111110 (
b0 *
b11111110 )
1/
00
15
1;
0<
0X
0,
02
18
0U
b1101000 #
b1101000 &
1"
#24080000
b11111111 !
b11111111 (
b11111111 )
1X
1U
b1101001 #
b1101001 &
0"
#24090000
0S
1T
1R
0M
1N
1L
0G
1H
1F
0A
1B
1@
0;
1<
1:
05
16
14
b100000000 !
b100000000 (
b11111110 *
b0 )
0/
10
0X
1,
0U
b1101010 #
b1101010 &
1"
#24100000
b100000001 !
b100000001 (
b1 )
1X
1U
b1101011 #
b1101011 &
0"
#24110000
04
b100000010 !
b100000010 (
b11111100 *
b10 )
1/
00
05
0X
0,
12
0U
b1101100 #
b1101100 &
1"
#24120000
b100000011 !
b100000011 (
b11 )
1X
1U
b1101101 #
b1101101 &
0"
#24130000
15
14
b100000100 !
b100000100 (
b11111110 *
b100 )
0/
10
0X
1,
0U
b1101110 #
b1101110 &
1"
#24140000
b100000110 !
b100000110 (
b110 )
1/
1.
b11111111 *
1Y
1V
1U
b10010111 $
b10010111 '
b1101111 #
b1101111 &
0"
#24150000
0:
06
04
00
b100000111 !
b100000111 (
0@
0.
b111 )
b11110000 *
1/
15
0;
0<
0A
1X
0Y
0,
02
08
1>
0U
b1110000 #
b1110000 &
1"
#24160000
1;
1:
05
16
14
0/
10
b100001000 !
b100001000 (
1.
b1000 )
b11110111 *
0X
1Y
1U
b1110001 #
b1110001 &
0"
#24170000
b100001001 !
b100001001 (
0.
b1001 )
b11110110 *
0/
1X
0Y
1,
0U
b1110010 #
b1110010 &
1"
#24180000
1/
b100001010 !
b100001010 (
1.
b1010 )
b11110111 *
0X
1Y
1U
b1110011 #
b1110011 &
0"
#24190000
04
00
b100001011 !
b100001011 (
0.
b1011 )
b11110100 *
1/
05
1X
0Y
0,
12
0U
b1110100 #
b1110100 &
1"
#24200000
15
14
0/
10
b100001100 !
b100001100 (
1.
b1100 )
b11110111 *
0X
1Y
1U
b1110101 #
b1110101 &
0"
#24210000
b100001101 !
b100001101 (
0.
b1101 )
b11110110 *
0/
1X
0Y
1,
0U
b1110110 #
b1110110 &
1"
#24220000
1/
b100001110 !
b100001110 (
1.
b1110 )
b11110111 *
0X
1Y
1U
b1110111 #
b1110111 &
0"
#24230000
0:
06
04
0A
00
b100001111 !
b100001111 (
0@
0.
b1111 )
b11110000 *
1/
15
1;
0<
1X
0Y
0,
02
18
0U
b1111000 #
b1111000 &
1"
#24240000
1A
1@
0;
1<
1:
05
16
14
0/
10
b100010000 !
b100010000 (
1.
b10000 )
b11111111 *
0X
1Y
1U
b1111001 #
b1111001 &
0"
#24250000
b100010001 !
b100010001 (
0.
b10001 )
b11111110 *
0/
1X
0Y
1,
0U
b1111010 #
b1111010 &
1"
#24260000
1/
b100010010 !
b100010010 (
1.
b10010 )
b11111111 *
0X
1Y
1U
b1111011 #
b1111011 &
0"
#24270000
04
00
b100010011 !
b100010011 (
0.
b10011 )
b11111100 *
1/
05
1X
0Y
0,
12
0U
b1111100 #
b1111100 &
1"
#24280000
15
14
0/
10
b100010100 !
b100010100 (
1.
b10100 )
b11111111 *
0X
1Y
1U
b1111101 #
b1111101 &
0"
#24290000
b100010101 !
b100010101 (
0.
b10101 )
b11111110 *
0/
1X
0Y
1,
0U
b1111110 #
b1111110 &
1"
#24300000
0:
06
04
b100010111 !
b100010111 (
b11111000 *
b10111 )
1/
00
15
0;
0-
03
19
0V
1U
b10011000 $
b10011000 '
b1111111 #
b1111111 &
0"
#24310000
0F
0B
0R
0L
0@
b100011000 !
b100011000 (
b10000000 *
b11000 )
0/
05
1;
0<
1A
0G
0H
0M
0N
0S
0X
0,
02
08
0>
0D
0J
1P
0U
b10000000 #
b10000000 &
1"
#24320000
b100011001 !
b100011001 (
b11001 )
1X
1U
b10000001 #
b10000001 &
0"
#24330000
b100011010 !
b100011010 (
b11010 )
1/
0X
1,
0U
b10000010 #
b10000010 &
1"
#24340000
b100011011 !
b100011011 (
b11011 )
1X
1U
b10000011 #
b10000011 &
0"
#24350000
b100011100 !
b100011100 (
b11100 )
0/
15
0X
0,
12
0U
b10000100 #
b10000100 &
1"
#24360000
b100011101 !
b100011101 (
b11101 )
1X
1U
b10000101 #
b10000101 &
0"
#24370000
b100011110 !
b100011110 (
b11110 )
1/
0X
1,
0U
b10000110 #
b10000110 &
1"
#24380000
b100011111 !
b100011111 (
b11111 )
1X
1U
b10000111 #
b10000111 &
0"
#24390000
1G
1F
0A
1B
1@
b100100000 !
b100100000 (
b10011000 *
b100000 )
0/
05
0;
1<
0X
0,
02
18
0U
b10001000 #
b10001000 &
1"
#24400000
b100100001 !
b100100001 (
b100001 )
1X
1U
b10001001 #
b10001001 &
0"
#24410000
b100100010 !
b100100010 (
b100010 )
1/
0X
1,
0U
b10001010 #
b10001010 &
1"
#24420000
b100100011 !
b100100011 (
b100011 )
1X
1U
b10001011 #
b10001011 &
0"
#24430000
b100100100 !
b100100100 (
b100100 )
0/
15
0X
0,
12
0U
b10001100 #
b10001100 &
1"
#24440000
b100100101 !
b100100101 (
b100101 )
1X
1U
b10001101 #
b10001101 &
0"
#24450000
b100100110 !
b100100110 (
b100110 )
1/
0X
1,
0U
b10001110 #
b10001110 &
1"
#24460000
1;
1:
05
16
b100101000 !
b100101000 (
14
b101000 )
0/
10
1.
b10011111 *
1Y
1V
1U
b10011001 $
b10011001 '
b10001111 #
b10001111 &
0"
#24470000
0@
0<
b100101001 !
b100101001 (
0:
04
0.
b101001 )
b10010000 *
0/
00
05
06
1;
0A
1X
0Y
0,
02
08
1>
0U
b10010000 #
b10010000 &
1"
#24480000
1/
b100101010 !
b100101010 (
1.
b101010 )
b10010001 *
0X
1Y
1U
b10010001 #
b10010001 &
0"
#24490000
05
b100101011 !
b100101011 (
04
0.
b101011 )
b10010000 *
1/
00
1X
0Y
1,
0U
b10010010 #
b10010010 &
1"
#24500000
15
14
0/
10
b100101100 !
b100101100 (
1.
b101100 )
b10010011 *
0X
1Y
1U
b10010011 #
b10010011 &
0"
#24510000
0A
0@
1;
0<
b100101101 !
b100101101 (
0:
04
0.
b101101 )
b10010000 *
0/
00
15
06
1X
0Y
0,
12
0U
b10010100 #
b10010100 &
1"
#24520000
1/
b100101110 !
b100101110 (
1.
b101110 )
b10010001 *
0X
1Y
1U
b10010101 #
b10010101 &
0"
#24530000
0A
0@
1;
0<
0:
15
06
b100101111 !
b100101111 (
04
0.
b101111 )
b10010000 *
1/
00
1X
0Y
1,
0U
b10010110 #
b10010110 &
1"
#24540000
1A
1@
0;
1<
1:
05
16
14
0/
10
b100110000 !
b100110000 (
1.
b110000 )
b10011111 *
0X
1Y
1U
b10010111 #
b10010111 &
0"
#24550000
b100110001 !
b100110001 (
0:
04
0.
b110001 )
b10011000 *
0/
00
05
06
0;
1X
0Y
0,
02
18
0U
b10011000 #
b10011000 &
1"
#24560000
1/
b100110010 !
b100110010 (
1.
b110010 )
b10011001 *
0X
1Y
1U
b10011001 #
b10011001 &
0"
#24570000
05
b100110011 !
b100110011 (
04
0.
b110011 )
b10011000 *
1/
00
1X
0Y
1,
0U
b10011010 #
b10011010 &
1"
#24580000
15
14
0/
10
b100110100 !
b100110100 (
1.
b110100 )
b10011011 *
0X
1Y
1U
b10011011 #
b10011011 &
0"
#24590000
0;
b100110101 !
b100110101 (
0:
04
0.
b110101 )
b10011000 *
0/
00
15
06
1X
0Y
0,
12
0U
b10011100 #
b10011100 &
1"
#24600000
1/
b100110110 !
b100110110 (
1.
b110110 )
b10011001 *
0X
1Y
1U
b10011101 #
b10011101 &
0"
#24610000
0;
0:
15
06
b100110111 !
b100110111 (
04
0.
b110111 )
b10011000 *
1/
00
1X
0Y
1,
0U
b10011110 #
b10011110 &
1"
#24620000
1;
1:
05
16
b100111001 !
b100111001 (
14
b111001 )
b10011110 *
0/
10
1-
0V
1U
b10011010 $
b10011010 '
b10011111 #
b10011111 &
0"
#24630000
0F
0B
0@
0M
0<
0L
0:
04
b100111010 !
b100111010 (
b10000000 *
b111010 )
1/
00
05
06
1;
1A
1G
0H
0X
0,
02
08
0>
1D
0U
b10100000 #
b10100000 &
1"
#24640000
b100111011 !
b100111011 (
b111011 )
1X
1U
b10100001 #
b10100001 &
0"
#24650000
15
14
b100111100 !
b100111100 (
b10000010 *
b111100 )
0/
10
0X
1,
0U
b10100010 #
b10100010 &
1"
#24660000
b100111101 !
b100111101 (
b111101 )
1X
1U
b10100011 #
b10100011 &
0"
#24670000
0M
0L
1G
0H
0F
1A
0B
0@
1;
0<
0:
04
b100111110 !
b100111110 (
b10000000 *
b111110 )
1/
00
15
06
0X
0,
12
0U
b10100100 #
b10100100 &
1"
#24680000
b100111111 !
b100111111 (
b111111 )
1X
1U
b10100101 #
b10100101 &
0"
#24690000
1M
1L
0G
1H
1F
0A
1B
1@
0;
1<
1:
05
16
14
b101000000 !
b101000000 (
b10111110 *
b1000000 )
0/
10
0X
1,
0U
b10100110 #
b10100110 &
1"
#24700000
b101000001 !
b101000001 (
b1000001 )
1X
1U
b10100111 #
b10100111 &
0"
#24710000
0:
04
b101000010 !
b101000010 (
b10111000 *
b1000010 )
1/
00
05
06
0;
0X
0,
02
18
0U
b10101000 #
b10101000 &
1"
#24720000
b101000011 !
b101000011 (
b1000011 )
1X
1U
b10101001 #
b10101001 &
0"
#24730000
15
14
b101000100 !
b101000100 (
b10111010 *
b1000100 )
0/
10
0X
1,
0U
b10101010 #
b10101010 &
1"
#24740000
b101000101 !
b101000101 (
b1000101 )
1X
1U
b10101011 #
b10101011 &
0"
#24750000
0;
0:
04
b101000110 !
b101000110 (
b10111000 *
b1000110 )
1/
00
15
06
0X
0,
12
0U
b10101100 #
b10101100 &
1"
#24760000
b101000111 !
b101000111 (
b1000111 )
1X
1U
b10101101 #
b10101101 &
0"
#24770000
1;
1:
05
16
14
b101001000 !
b101001000 (
b10111110 *
b1001000 )
0/
10
0X
1,
0U
b10101110 #
b10101110 &
1"
#24780000
b101001010 !
b101001010 (
b1001010 )
1/
1.
b10111111 *
1Y
1V
1U
b10011011 $
b10011011 '
b10101111 #
b10101111 &
0"
#24790000
0@
04
0<
00
b101001011 !
b101001011 (
0:
0.
b1001011 )
b10110000 *
1/
05
06
1;
0A
1X
0Y
0,
02
08
1>
0U
b10110000 #
b10110000 &
1"
#24800000
15
14
0/
10
b101001100 !
b101001100 (
1.
b1001100 )
b10110011 *
0X
1Y
1U
b10110001 #
b10110001 &
0"
#24810000
b101001101 !
b101001101 (
0.
b1001101 )
b10110010 *
0/
1X
0Y
1,
0U
b10110010 #
b10110010 &
1"
#24820000
1/
b101001110 !
b101001110 (
1.
b1001110 )
b10110011 *
0X
1Y
1U
b10110011 #
b10110011 &
0"
#24830000
0A
0@
04
1;
0<
00
b101001111 !
b101001111 (
0:
0.
b1001111 )
b10110000 *
1/
15
06
1X
0Y
0,
12
0U
b10110100 #
b10110100 &
1"
#24840000
1A
1@
0;
1<
1:
05
16
14
0/
10
b101010000 !
b101010000 (
1.
b1010000 )
b10111111 *
0X
1Y
1U
b10110101 #
b10110101 &
0"
#24850000
b101010001 !
b101010001 (
0.
b1010001 )
b10111110 *
0/
1X
0Y
1,
0U
b10110110 #
b10110110 &
1"
#24860000
1/
b101010010 !
b101010010 (
1.
b1010010 )
b10111111 *
0X
1Y
1U
b10110111 #
b10110111 &
0"
#24870000
04
00
b101010011 !
b101010011 (
0:
0.
b1010011 )
b10111000 *
1/
05
06
0;
1X
0Y
0,
02
18
0U
b10111000 #
b10111000 &
1"
#24880000
15
14
0/
10
b101010100 !
b101010100 (
1.
b1010100 )
b10111011 *
0X
1Y
1U
b10111001 #
b10111001 &
0"
#24890000
b101010101 !
b101010101 (
0.
b1010101 )
b10111010 *
0/
1X
0Y
1,
0U
b10111010 #
b10111010 &
1"
#24900000
1/
b101010110 !
b101010110 (
1.
b1010110 )
b10111011 *
0X
1Y
1U
b10111011 #
b10111011 &
0"
#24910000
04
0;
00
b101010111 !
b101010111 (
0:
0.
b1010111 )
b10111000 *
1/
15
06
1X
0Y
0,
12
0U
b10111100 #
b10111100 &
1"
#24920000
1;
1:
05
16
14
0/
10
b101011000 !
b101011000 (
1.
b1011000 )
b10111111 *
0X
1Y
1U
b10111101 #
b10111101 &
0"
#24930000
b101011001 !
b101011001 (
0.
b1011001 )
b10111110 *
0/
1X
0Y
1,
0U
b10111110 #
b10111110 &
1"
#24940000
04
b101011011 !
b101011011 (
b10111100 *
b1011011 )
1/
00
05
0-
13
0V
1U
b10011100 $
b10011100 '
b10111111 #
b10111111 &
0"
#24950000
0F
0B
0@
0S
0<
0R
0L
0:
b101011100 !
b101011100 (
b10000000 *
b1011100 )
0/
15
06
1;
1A
0G
0H
1M
0N
0X
0,
02
08
0>
0D
1J
0U
b11000000 #
b11000000 &
1"
#24960000
b101011101 !
b101011101 (
b1011101 )
1X
1U
b11000001 #
b11000001 &
0"
#24970000
b101011110 !
b101011110 (
b1011110 )
1/
0X
1,
0U
b11000010 #
b11000010 &
1"
#24980000
b101011111 !
b101011111 (
b1011111 )
1X
1U
b11000011 #
b11000011 &
0"
#24990000
1G
1F
0A
1B
1@
0;
1<
1:
b101100000 !
b101100000 (
b10011100 *
b1100000 )
0/
05
16
0X
0,
12
0U
b11000100 #
b11000100 &
1"
#25000000
b101100001 !
b101100001 (
b1100001 )
1X
1U
b11000101 #
b11000101 &
0"
#25010000
b101100010 !
b101100010 (
b1100010 )
1/
0X
1,
0U
b11000110 #
b11000110 &
1"
#25020000
b101100011 !
b101100011 (
b1100011 )
1X
1U
b11000111 #
b11000111 &
0"
#25030000
0:
b101100100 !
b101100100 (
b10011000 *
b1100100 )
0/
15
06
0;
0X
0,
02
18
0U
b11001000 #
b11001000 &
1"
#25040000
b101100101 !
b101100101 (
b1100101 )
1X
1U
b11001001 #
b11001001 &
0"
#25050000
b101100110 !
b101100110 (
b1100110 )
1/
0X
1,
0U
b11001010 #
b11001010 &
1"
#25060000
b101100111 !
b101100111 (
b1100111 )
1X
1U
b11001011 #
b11001011 &
0"
#25070000
1;
1:
b101101000 !
b101101000 (
b10011100 *
b1101000 )
0/
05
16
0X
0,
12
0U
b11001100 #
b11001100 &
1"
#25080000
b101101001 !
b101101001 (
b1101001 )
1X
1U
b11001101 #
b11001101 &
0"
#25090000
b101101010 !
b101101010 (
b1101010 )
1/
0X
1,
0U
b11001110 #
b11001110 &
1"
#25100000
15
b101101100 !
b101101100 (
14
b1101100 )
0/
10
1.
b10011111 *
1Y
1V
1U
b10011101 $
b10011101 '
b11001111 #
b11001111 &
0"
#25110000
0@
0<
0:
06
b101101101 !
b101101101 (
04
0.
b1101101 )
b10010000 *
0/
00
15
1;
0A
1X
0Y
0,
02
08
1>
0U
b11010000 #
b11010000 &
1"
#25120000
1/
b101101110 !
b101101110 (
1.
b1101110 )
b10010001 *
0X
1Y
1U
b11010001 #
b11010001 &
0"
#25130000
0A
0@
1;
0<
0:
15
06
b101101111 !
b101101111 (
04
0.
b1101111 )
b10010000 *
1/
00
1X
0Y
1,
0U
b11010010 #
b11010010 &
1"
#25140000
1A
1@
0;
1<
1:
05
16
14
0/
10
b101110000 !
b101110000 (
1.
b1110000 )
b10011111 *
0X
1Y
1U
b11010011 #
b11010011 &
0"
#25150000
b101110001 !
b101110001 (
04
0.
b1110001 )
b10011100 *
0/
00
05
1X
0Y
0,
12
0U
b11010100 #
b11010100 &
1"
#25160000
1/
b101110010 !
b101110010 (
1.
b1110010 )
b10011101 *
0X
1Y
1U
b11010101 #
b11010101 &
0"
#25170000
05
b101110011 !
b101110011 (
04
0.
b1110011 )
b10011100 *
1/
00
1X
0Y
1,
0U
b11010110 #
b11010110 &
1"
#25180000
15
14
0/
10
b101110100 !
b101110100 (
1.
b1110100 )
b10011111 *
0X
1Y
1U
b11010111 #
b11010111 &
0"
#25190000
0:
06
b101110101 !
b101110101 (
04
0.
b1110101 )
b10011000 *
0/
00
15
0;
1X
0Y
0,
02
18
0U
b11011000 #
b11011000 &
1"
#25200000
1/
b101110110 !
b101110110 (
1.
b1110110 )
b10011001 *
0X
1Y
1U
b11011001 #
b11011001 &
0"
#25210000
0;
0:
15
06
b101110111 !
b101110111 (
04
0.
b1110111 )
b10011000 *
1/
00
1X
0Y
1,
0U
b11011010 #
b11011010 &
1"
#25220000
1;
1:
05
16
14
0/
10
b101111000 !
b101111000 (
1.
b1111000 )
b10011111 *
0X
1Y
1U
b11011011 #
b11011011 &
0"
#25230000
b101111001 !
b101111001 (
04
0.
b1111001 )
b10011100 *
0/
00
05
1X
0Y
0,
12
0U
b11011100 #
b11011100 &
1"
#25240000
1/
b101111010 !
b101111010 (
1.
b1111010 )
b10011101 *
0X
1Y
1U
b11011101 #
b11011101 &
0"
#25250000
05
b101111011 !
b101111011 (
04
0.
b1111011 )
b10011100 *
1/
00
1X
0Y
1,
0U
b11011110 #
b11011110 &
1"
#25260000
15
b101111101 !
b101111101 (
14
b1111101 )
b10011110 *
0/
10
1-
0V
1U
b10011110 $
b10011110 '
b11011111 #
b11011111 &
0"
#25270000
0F
0B
0@
0S
0<
0R
0:
1M
0N
06
0L
04
b101111110 !
b101111110 (
b10000000 *
b1111110 )
1/
00
15
1;
1A
1G
0H
0X
0,
02
08
0>
1D
0U
b11100000 #
b11100000 &
1"
#25280000
b101111111 !
b101111111 (
b1111111 )
1X
1U
b11100001 #
b11100001 &
0"
#25290000
1S
1R
0M
1N
1L
0G
1H
1F
0A
1B
1@
0;
1<
1:
05
16
14
b110000000 !
b110000000 (
b11111110 *
b10000000 )
0/
10
0X
1,
0U
b11100010 #
b11100010 &
1"
#25300000
b110000001 !
b110000001 (
b10000001 )
1X
1U
b11100011 #
b11100011 &
0"
#25310000
04
b110000010 !
b110000010 (
b11111100 *
b10000010 )
1/
00
05
0X
0,
12
0U
b11100100 #
b11100100 &
1"
#25320000
b110000011 !
b110000011 (
b10000011 )
1X
1U
b11100101 #
b11100101 &
0"
#25330000
15
14
b110000100 !
b110000100 (
b11111110 *
b10000100 )
0/
10
0X
1,
0U
b11100110 #
b11100110 &
1"
#25340000
b110000101 !
b110000101 (
b10000101 )
1X
1U
b11100111 #
b11100111 &
0"
#25350000
0:
06
04
b110000110 !
b110000110 (
b11111000 *
b10000110 )
1/
00
15
0;
0X
0,
02
18
0U
b11101000 #
b11101000 &
1"
#25360000
b110000111 !
b110000111 (
b10000111 )
1X
1U
b11101001 #
b11101001 &
0"
#25370000
1;
1:
05
16
14
b110001000 !
b110001000 (
b11111110 *
b10001000 )
0/
10
0X
1,
0U
b11101010 #
b11101010 &
1"
#25380000
b110001001 !
b110001001 (
b10001001 )
1X
1U
b11101011 #
b11101011 &
0"
#25390000
04
b110001010 !
b110001010 (
b11111100 *
b10001010 )
1/
00
05
0X
0,
12
0U
b11101100 #
b11101100 &
1"
#25400000
b110001011 !
b110001011 (
b10001011 )
1X
1U
b11101101 #
b11101101 &
0"
#25410000
15
14
b110001100 !
b110001100 (
b11111110 *
b10001100 )
0/
10
0X
1,
0U
b11101110 #
b11101110 &
1"
#25420000
b110001110 !
b110001110 (
b10001110 )
1/
1.
b11111111 *
1Y
1V
1U
b10011111 $
b10011111 '
b11101111 #
b11101111 &
0"
#25430000
0@
0<
0:
06
04
00
b110001111 !
b110001111 (
0.
b10001111 )
b11110000 *
1/
15
1;
0A
1X
0Y
0,
02
08
1>
0U
b11110000 #
b11110000 &
1"
#25440000
1A
1@
0;
1<
1:
05
16
14
0/
10
b110010000 !
b110010000 (
1.
b10010000 )
b11111111 *
0X
1Y
1U
b11110001 #
b11110001 &
0"
#25450000
b110010001 !
b110010001 (
0.
b10010001 )
b11111110 *
0/
1X
0Y
1,
0U
b11110010 #
b11110010 &
1"
#25460000
1/
b110010010 !
b110010010 (
1.
b10010010 )
b11111111 *
0X
1Y
1U
b11110011 #
b11110011 &
0"
#25470000
04
00
b110010011 !
b110010011 (
0.
b10010011 )
b11111100 *
1/
05
1X
0Y
0,
12
0U
b11110100 #
b11110100 &
1"
#25480000
15
14
0/
10
b110010100 !
b110010100 (
1.
b10010100 )
b11111111 *
0X
1Y
1U
b11110101 #
b11110101 &
0"
#25490000
b110010101 !
b110010101 (
0.
b10010101 )
b11111110 *
0/
1X
0Y
1,
0U
b11110110 #
b11110110 &
1"
#25500000
1/
b110010110 !
b110010110 (
1.
b10010110 )
b11111111 *
0X
1Y
1U
b11110111 #
b11110111 &
0"
#25510000
0:
06
04
00
b110010111 !
b110010111 (
0.
b10010111 )
b11111000 *
1/
15
0;
1X
0Y
0,
02
18
0U
b11111000 #
b11111000 &
1"
#25520000
1;
1:
05
16
14
0/
10
b110011000 !
b110011000 (
1.
b10011000 )
b11111111 *
0X
1Y
1U
b11111001 #
b11111001 &
0"
#25530000
b110011001 !
b110011001 (
0.
b10011001 )
b11111110 *
0/
1X
0Y
1,
0U
b11111010 #
b11111010 &
1"
#25540000
1/
b110011010 !
b110011010 (
1.
b10011010 )
b11111111 *
0X
1Y
1U
b11111011 #
b11111011 &
0"
#25550000
04
00
b110011011 !
b110011011 (
0.
b10011011 )
b11111100 *
1/
05
1X
0Y
0,
12
0U
b11111100 #
b11111100 &
1"
#25560000
15
14
0/
10
b110011100 !
b110011100 (
1.
b10011100 )
b11111111 *
0X
1Y
1U
b11111101 #
b11111101 &
0"
#25570000
b110011101 !
b110011101 (
0.
b10011101 )
b11111110 *
0/
1X
0Y
1,
0U
b11111110 #
b11111110 &
1"
#25580000
0F
0B
0@
0<
0:
06
04
b110011111 !
b110011111 (
b11100000 *
b10011111 )
1/
00
15
1;
1A
0G
0-
03
09
0?
1E
0V
1U
b10100000 $
b10100000 '
b11111111 #
b11111111 &
0"
#25590000
0T
0R
0L
b10100000 !
b10100000 (
b0 *
b10100000 )
0/
05
0;
0A
1G
0H
0M
0N
1S
0X
0,
02
08
0>
0D
0J
0P
0U
b0 #
b0 &
1"
#25600000
b10100001 !
b10100001 (
b10100001 )
1X
1U
b1 #
b1 &
0"
#25610000
b10100010 !
b10100010 (
b10100010 )
1/
0X
1,
0U
b10 #
b10 &
1"
#25620000
b10100011 !
b10100011 (
b10100011 )
1X
1U
b11 #
b11 &
0"
#25630000
b10100100 !
b10100100 (
b10100100 )
0/
15
0X
0,
12
0U
b100 #
b100 &
1"
#25640000
b10100101 !
b10100101 (
b10100101 )
1X
1U
b101 #
b101 &
0"
#25650000
b10100110 !
b10100110 (
b10100110 )
1/
0X
1,
0U
b110 #
b110 &
1"
#25660000
b10100111 !
b10100111 (
b10100111 )
1X
1U
b111 #
b111 &
0"
#25670000
b10101000 !
b10101000 (
b10101000 )
0/
05
1;
0X
0,
02
18
0U
b1000 #
b1000 &
1"
#25680000
b10101001 !
b10101001 (
b10101001 )
1X
1U
b1001 #
b1001 &
0"
#25690000
b10101010 !
b10101010 (
b10101010 )
1/
0X
1,
0U
b1010 #
b1010 &
1"
#25700000
b10101011 !
b10101011 (
b10101011 )
1X
1U
b1011 #
b1011 &
0"
#25710000
b10101100 !
b10101100 (
b10101100 )
0/
15
0X
0,
12
0U
b1100 #
b1100 &
1"
#25720000
b10101101 !
b10101101 (
b10101101 )
1X
1U
b1101 #
b1101 &
0"
#25730000
b10101110 !
b10101110 (
b10101110 )
1/
0X
1,
0U
b1110 #
b1110 &
1"
#25740000
1A
1@
0;
1<
1:
05
16
b10110000 !
b10110000 (
14
b10110000 )
0/
10
1.
b1111 *
1Y
1V
1U
b10100001 $
b10100001 '
b1111 #
b1111 &
0"
#25750000
0M
0L
1G
0H
b10110001 !
b10110001 (
0F
0@
0:
04
0.
b10110001 )
b0 *
0/
00
05
06
0;
0<
1A
0B
1X
0Y
0,
02
08
1>
0U
b10000 #
b10000 &
1"
#25760000
1/
b10110010 !
b10110010 (
1.
b10110010 )
b1 *
0X
1Y
1U
b10001 #
b10001 &
0"
#25770000
05
b10110011 !
b10110011 (
04
0.
b10110011 )
b0 *
1/
00
1X
0Y
1,
0U
b10010 #
b10010 &
1"
#25780000
15
14
0/
10
b10110100 !
b10110100 (
1.
b10110100 )
b11 *
0X
1Y
1U
b10011 #
b10011 &
0"
#25790000
0;
b10110101 !
b10110101 (
0:
04
0.
b10110101 )
b0 *
0/
00
15
06
1X
0Y
0,
12
0U
b10100 #
b10100 &
1"
#25800000
1/
b10110110 !
b10110110 (
1.
b10110110 )
b1 *
0X
1Y
1U
b10101 #
b10101 &
0"
#25810000
0;
0:
15
06
b10110111 !
b10110111 (
04
0.
b10110111 )
b0 *
1/
00
1X
0Y
1,
0U
b10110 #
b10110 &
1"
#25820000
1;
1:
05
16
14
0/
10
b10111000 !
b10111000 (
1.
b10111000 )
b111 *
0X
1Y
1U
b10111 #
b10111 &
0"
#25830000
0M
0L
1G
0H
0F
1A
0B
b10111001 !
b10111001 (
0@
0:
04
0.
b10111001 )
b0 *
0/
00
05
06
1;
0<
1X
0Y
0,
02
18
0U
b11000 #
b11000 &
1"
#25840000
1/
b10111010 !
b10111010 (
1.
b10111010 )
b1 *
0X
1Y
1U
b11001 #
b11001 &
0"
#25850000
05
b10111011 !
b10111011 (
04
0.
b10111011 )
b0 *
1/
00
1X
0Y
1,
0U
b11010 #
b11010 &
1"
#25860000
15
14
0/
10
b10111100 !
b10111100 (
1.
b10111100 )
b11 *
0X
1Y
1U
b11011 #
b11011 &
0"
#25870000
0M
0L
1G
0H
0F
1A
0B
0@
1;
0<
b10111101 !
b10111101 (
0:
04
0.
b10111101 )
b0 *
0/
00
15
06
1X
0Y
0,
12
0U
b11100 #
b11100 &
1"
#25880000
1/
b10111110 !
b10111110 (
1.
b10111110 )
b1 *
0X
1Y
1U
b11101 #
b11101 &
0"
#25890000
0M
0L
1G
0H
0F
1A
0B
0@
1;
0<
0:
15
06
b10111111 !
b10111111 (
04
0.
b10111111 )
b0 *
1/
00
1X
0Y
1,
0U
b11110 #
b11110 &
1"
#25900000
1M
1L
0G
1H
1F
0A
1B
1@
0;
1<
1:
05
16
b11000001 !
b11000001 (
14
b11000001 )
b111110 *
0/
10
1-
0V
1U
b10100010 $
b10100010 '
b11111 #
b11111 &
0"
#25910000
0F
0@
0:
04
b11000010 !
b11000010 (
b100000 *
b11000010 )
1/
00
05
06
0;
0<
0A
0B
0G
0X
0,
02
08
0>
1D
0U
b100000 #
b100000 &
1"
#25920000
b11000011 !
b11000011 (
b11000011 )
1X
1U
b100001 #
b100001 &
0"
#25930000
15
14
b11000100 !
b11000100 (
b100010 *
b11000100 )
0/
10
0X
1,
0U
b100010 #
b100010 &
1"
#25940000
b11000101 !
b11000101 (
b11000101 )
1X
1U
b100011 #
b100011 &
0"
#25950000
0;
0:
04
b11000110 !
b11000110 (
b100000 *
b11000110 )
1/
00
15
06
0X
0,
12
0U
b100100 #
b100100 &
1"
#25960000
b11000111 !
b11000111 (
b11000111 )
1X
1U
b100101 #
b100101 &
0"
#25970000
1;
1:
05
16
14
b11001000 !
b11001000 (
b100110 *
b11001000 )
0/
10
0X
1,
0U
b100110 #
b100110 &
1"
#25980000
b11001001 !
b11001001 (
b11001001 )
1X
1U
b100111 #
b100111 &
0"
#25990000
0A
0@
0:
04
b11001010 !
b11001010 (
b100000 *
b11001010 )
1/
00
05
06
1;
0<
0X
0,
02
18
0U
b101000 #
b101000 &
1"
#26000000
b11001011 !
b11001011 (
b11001011 )
1X
1U
b101001 #
b101001 &
0"
#26010000
15
14
b11001100 !
b11001100 (
b100010 *
b11001100 )
0/
10
0X
1,
0U
b101010 #
b101010 &
1"
#26020000
b11001101 !
b11001101 (
b11001101 )
1X
1U
b101011 #
b101011 &
0"
#26030000
0A
0@
1;
0<
0:
04
b11001110 !
b11001110 (
b100000 *
b11001110 )
1/
00
15
06
0X
0,
12
0U
b101100 #
b101100 &
1"
#26040000
b11001111 !
b11001111 (
b11001111 )
1X
1U
b101101 #
b101101 &
0"
#26050000
1A
1@
0;
1<
1:
05
16
14
b11010000 !
b11010000 (
b101110 *
b11010000 )
0/
10
0X
1,
0U
b101110 #
b101110 &
1"
#26060000
b11010010 !
b11010010 (
b11010010 )
1/
1.
b101111 *
1Y
1V
1U
b10100011 $
b10100011 '
b101111 #
b101111 &
0"
#26070000
04
0G
00
b11010011 !
b11010011 (
0F
0@
0:
0.
b11010011 )
b100000 *
1/
05
06
0;
0<
1A
0B
1X
0Y
0,
02
08
1>
0U
b110000 #
b110000 &
1"
#26080000
15
14
0/
10
b11010100 !
b11010100 (
1.
b11010100 )
b100011 *
0X
1Y
1U
b110001 #
b110001 &
0"
#26090000
b11010101 !
b11010101 (
0.
b11010101 )
b100010 *
0/
1X
0Y
1,
0U
b110010 #
b110010 &
1"
#26100000
1/
b11010110 !
b11010110 (
1.
b11010110 )
b100011 *
0X
1Y
1U
b110011 #
b110011 &
0"
#26110000
04
0;
00
b11010111 !
b11010111 (
0:
0.
b11010111 )
b100000 *
1/
15
06
1X
0Y
0,
12
0U
b110100 #
b110100 &
1"
#26120000
1;
1:
05
16
14
0/
10
b11011000 !
b11011000 (
1.
b11011000 )
b100111 *
0X
1Y
1U
b110101 #
b110101 &
0"
#26130000
b11011001 !
b11011001 (
0.
b11011001 )
b100110 *
0/
1X
0Y
1,
0U
b110110 #
b110110 &
1"
#26140000
1/
b11011010 !
b11011010 (
1.
b11011010 )
b100111 *
0X
1Y
1U
b110111 #
b110111 &
0"
#26150000
0G
0F
04
1A
0B
00
b11011011 !
b11011011 (
0@
0:
0.
b11011011 )
b100000 *
1/
05
06
1;
0<
1X
0Y
0,
02
18
0U
b111000 #
b111000 &
1"
#26160000
15
14
0/
10
b11011100 !
b11011100 (
1.
b11011100 )
b100011 *
0X
1Y
1U
b111001 #
b111001 &
0"
#26170000
b11011101 !
b11011101 (
0.
b11011101 )
b100010 *
0/
1X
0Y
1,
0U
b111010 #
b111010 &
1"
#26180000
1/
b11011110 !
b11011110 (
1.
b11011110 )
b100011 *
0X
1Y
1U
b111011 #
b111011 &
0"
#26190000
0G
0F
1A
0B
0@
04
1;
0<
00
b11011111 !
b11011111 (
0:
0.
b11011111 )
b100000 *
1/
15
06
1X
0Y
0,
12
0U
b111100 #
b111100 &
1"
#26200000
1G
1F
0A
1B
1@
0;
1<
1:
05
16
14
0/
10
b11100000 !
b11100000 (
1.
b11100000 )
b111111 *
0X
1Y
1U
b111101 #
b111101 &
0"
#26210000
b11100001 !
b11100001 (
0.
b11100001 )
b111110 *
0/
1X
0Y
1,
0U
b111110 #
b111110 &
1"
#26220000
04
b11100011 !
b11100011 (
b111100 *
b11100011 )
1/
00
05
0-
13
0V
1U
b10100100 $
b10100100 '
b111111 #
b111111 &
0"
#26230000
0L
1S
0T
0H
0R
0F
0@
0:
b11100100 !
b11100100 (
b0 *
b11100100 )
0/
15
06
0;
0<
0A
0B
1G
1M
0N
0X
0,
02
08
0>
0D
1J
0U
b1000000 #
b1000000 &
1"
#26240000
b11100101 !
b11100101 (
b11100101 )
1X
1U
b1000001 #
b1000001 &
0"
#26250000
b11100110 !
b11100110 (
b11100110 )
1/
0X
1,
0U
b1000010 #
b1000010 &
1"
#26260000
b11100111 !
b11100111 (
b11100111 )
1X
1U
b1000011 #
b1000011 &
0"
#26270000
1;
1:
b11101000 !
b11101000 (
b100 *
b11101000 )
0/
05
16
0X
0,
12
0U
b1000100 #
b1000100 &
1"
#26280000
b11101001 !
b11101001 (
b11101001 )
1X
1U
b1000101 #
b1000101 &
0"
#26290000
b11101010 !
b11101010 (
b11101010 )
1/
0X
1,
0U
b1000110 #
b1000110 &
1"
#26300000
b11101011 !
b11101011 (
b11101011 )
1X
1U
b1000111 #
b1000111 &
0"
#26310000
0A
0@
0:
b11101100 !
b11101100 (
b0 *
b11101100 )
0/
15
06
1;
0<
0X
0,
02
18
0U
b1001000 #
b1001000 &
1"
#26320000
b11101101 !
b11101101 (
b11101101 )
1X
1U
b1001001 #
b1001001 &
0"
#26330000
b11101110 !
b11101110 (
b11101110 )
1/
0X
1,
0U
b1001010 #
b1001010 &
1"
#26340000
b11101111 !
b11101111 (
b11101111 )
1X
1U
b1001011 #
b1001011 &
0"
#26350000
1A
1@
0;
1<
1:
b11110000 !
b11110000 (
b1100 *
b11110000 )
0/
05
16
0X
0,
12
0U
b1001100 #
b1001100 &
1"
#26360000
b11110001 !
b11110001 (
b11110001 )
1X
1U
b1001101 #
b1001101 &
0"
#26370000
b11110010 !
b11110010 (
b11110010 )
1/
0X
1,
0U
b1001110 #
b1001110 &
1"
#26380000
15
b11110100 !
b11110100 (
14
b11110100 )
0/
10
1.
b1111 *
1Y
1V
1U
b10100101 $
b10100101 '
b1001111 #
b1001111 &
0"
#26390000
1S
0T
0R
1M
0N
0L
0:
1G
0H
06
b11110101 !
b11110101 (
0F
0@
04
0.
b11110101 )
b0 *
0/
00
15
0;
0<
1A
0B
1X
0Y
0,
02
08
1>
0U
b1010000 #
b1010000 &
1"
#26400000
1/
b11110110 !
b11110110 (
1.
b11110110 )
b1 *
0X
1Y
1U
b1010001 #
b1010001 &
0"
#26410000
0;
0:
15
06
b11110111 !
b11110111 (
04
0.
b11110111 )
b0 *
1/
00
1X
0Y
1,
0U
b1010010 #
b1010010 &
1"
#26420000
1;
1:
05
16
14
0/
10
b11111000 !
b11111000 (
1.
b11111000 )
b111 *
0X
1Y
1U
b1010011 #
b1010011 &
0"
#26430000
b11111001 !
b11111001 (
04
0.
b11111001 )
b100 *
0/
00
05
1X
0Y
0,
12
0U
b1010100 #
b1010100 &
1"
#26440000
1/
b11111010 !
b11111010 (
1.
b11111010 )
b101 *
0X
1Y
1U
b1010101 #
b1010101 &
0"
#26450000
05
b11111011 !
b11111011 (
04
0.
b11111011 )
b100 *
1/
00
1X
0Y
1,
0U
b1010110 #
b1010110 &
1"
#26460000
15
14
0/
10
b11111100 !
b11111100 (
1.
b11111100 )
b111 *
0X
1Y
1U
b1010111 #
b1010111 &
0"
#26470000
1S
0T
0R
1M
0N
0L
1G
0H
0F
0:
1A
0B
06
b11111101 !
b11111101 (
0@
04
0.
b11111101 )
b0 *
0/
00
15
1;
0<
1X
0Y
0,
02
18
0U
b1011000 #
b1011000 &
1"
#26480000
1/
b11111110 !
b11111110 (
1.
b11111110 )
b1 *
0X
1Y
1U
b1011001 #
b1011001 &
0"
#26490000
1S
0T
0R
1M
0N
0L
1G
0H
0F
1A
0B
0@
1;
0<
0:
15
06
b11111111 !
b11111111 (
04
0.
b11111111 )
b0 *
1/
00
1X
0Y
1,
0U
b1011010 #
b1011010 &
1"
#26500000
0S
1T
1R
0M
1N
1L
0G
1H
1F
0A
1B
1@
0;
1<
1:
05
16
14
0/
10
b100000000 !
b100000000 (
1.
b0 )
b11111111 *
0X
1Y
1U
b1011011 #
b1011011 &
0"
#26510000
b100000001 !
b100000001 (
04
0.
b1 )
b11111100 *
0/
00
05
1X
0Y
0,
12
0U
b1011100 #
b1011100 &
1"
#26520000
1/
b100000010 !
b100000010 (
1.
b10 )
b11111101 *
0X
1Y
1U
b1011101 #
b1011101 &
0"
#26530000
05
b100000011 !
b100000011 (
04
0.
b11 )
b11111100 *
1/
00
1X
0Y
1,
0U
b1011110 #
b1011110 &
1"
#26540000
15
b100000101 !
b100000101 (
14
b101 )
b11111110 *
0/
10
1-
0V
1U
b10100110 $
b10100110 '
b1011111 #
b1011111 &
0"
#26550000
0:
06
0F
0@
04
b100000110 !
b100000110 (
b11100000 *
b110 )
1/
00
15
0;
0<
0A
0B
0G
0X
0,
02
08
0>
1D
0U
b1100000 #
b1100000 &
1"
#26560000
b100000111 !
b100000111 (
b111 )
1X
1U
b1100001 #
b1100001 &
0"
#26570000
1;
1:
05
16
14
b100001000 !
b100001000 (
b11100110 *
b1000 )
0/
10
0X
1,
0U
b1100010 #
b1100010 &
1"
#26580000
b100001001 !
b100001001 (
b1001 )
1X
1U
b1100011 #
b1100011 &
0"
#26590000
04
b100001010 !
b100001010 (
b11100100 *
b1010 )
1/
00
05
0X
0,
12
0U
b1100100 #
b1100100 &
1"
#26600000
b100001011 !
b100001011 (
b1011 )
1X
1U
b1100101 #
b1100101 &
0"
#26610000
15
14
b100001100 !
b100001100 (
b11100110 *
b1100 )
0/
10
0X
1,
0U
b1100110 #
b1100110 &
1"
#26620000
b100001101 !
b100001101 (
b1101 )
1X
1U
b1100111 #
b1100111 &
0"
#26630000
0:
0A
06
0@
04
b100001110 !
b100001110 (
b11100000 *
b1110 )
1/
00
15
1;
0<
0X
0,
02
18
0U
b1101000 #
b1101000 &
1"
#26640000
b100001111 !
b100001111 (
b1111 )
1X
1U
b1101001 #
b1101001 &
0"
#26650000
1A
1@
0;
1<
1:
05
16
14
b100010000 !
b100010000 (
b11101110 *
b10000 )
0/
10
0X
1,
0U
b1101010 #
b1101010 &
1"
#26660000
b100010001 !
b100010001 (
b10001 )
1X
1U
b1101011 #
b1101011 &
0"
#26670000
04
b100010010 !
b100010010 (
b11101100 *
b10010 )
1/
00
05
0X
0,
12
0U
b1101100 #
b1101100 &
1"
#26680000
b100010011 !
b100010011 (
b10011 )
1X
1U
b1101101 #
b1101101 &
0"
#26690000
15
14
b100010100 !
b100010100 (
b11101110 *
b10100 )
0/
10
0X
1,
0U
b1101110 #
b1101110 &
1"
#26700000
b100010110 !
b100010110 (
b10110 )
1/
1.
b11101111 *
1Y
1V
1U
b10100111 $
b10100111 '
b1101111 #
b1101111 &
0"
#26710000
0:
06
04
0G
00
b100010111 !
b100010111 (
0F
0@
0.
b10111 )
b11100000 *
1/
15
0;
0<
1A
0B
1X
0Y
0,
02
08
1>
0U
b1110000 #
b1110000 &
1"
#26720000
1;
1:
05
16
14
0/
10
b100011000 !
b100011000 (
1.
b11000 )
b11100111 *
0X
1Y
1U
b1110001 #
b1110001 &
0"
#26730000
b100011001 !
b100011001 (
0.
b11001 )
b11100110 *
0/
1X
0Y
1,
0U
b1110010 #
b1110010 &
1"
#26740000
1/
b100011010 !
b100011010 (
1.
b11010 )
b11100111 *
0X
1Y
1U
b1110011 #
b1110011 &
0"
#26750000
04
00
b100011011 !
b100011011 (
0.
b11011 )
b11100100 *
1/
05
1X
0Y
0,
12
0U
b1110100 #
b1110100 &
1"
#26760000
15
14
0/
10
b100011100 !
b100011100 (
1.
b11100 )
b11100111 *
0X
1Y
1U
b1110101 #
b1110101 &
0"
#26770000
b100011101 !
b100011101 (
0.
b11101 )
b11100110 *
0/
1X
0Y
1,
0U
b1110110 #
b1110110 &
1"
#26780000
1/
b100011110 !
b100011110 (
1.
b11110 )
b11100111 *
0X
1Y
1U
b1110111 #
b1110111 &
0"
#26790000
0:
0G
06
0F
04
1A
0B
00
b100011111 !
b100011111 (
0@
0.
b11111 )
b11100000 *
1/
15
1;
0<
1X
0Y
0,
02
18
0U
b1111000 #
b1111000 &
1"
#26800000
1G
1F
0A
1B
1@
0;
1<
1:
05
16
14
0/
10
b100100000 !
b100100000 (
1.
b100000 )
b11111111 *
0X
1Y
1U
b1111001 #
b1111001 &
0"
#26810000
b100100001 !
b100100001 (
0.
b100001 )
b11111110 *
0/
1X
0Y
1,
0U
b1111010 #
b1111010 &
1"
#26820000
1/
b100100010 !
b100100010 (
1.
b100010 )
b11111111 *
0X
1Y
1U
b1111011 #
b1111011 &
0"
#26830000
04
00
b100100011 !
b100100011 (
0.
b100011 )
b11111100 *
1/
05
1X
0Y
0,
12
0U
b1111100 #
b1111100 &
1"
#26840000
15
14
0/
10
b100100100 !
b100100100 (
1.
b100100 )
b11111111 *
0X
1Y
1U
b1111101 #
b1111101 &
0"
#26850000
b100100101 !
b100100101 (
0.
b100101 )
b11111110 *
0/
1X
0Y
1,
0U
b1111110 #
b1111110 &
1"
#26860000
0:
06
04
b100100111 !
b100100111 (
b11111000 *
b100111 )
1/
00
15
0;
0-
03
19
0V
1U
b10101000 $
b10101000 '
b1111111 #
b1111111 &
0"
#26870000
0L
0H
0R
0F
0@
b100101000 !
b100101000 (
b10000000 *
b101000 )
0/
05
1;
0<
0A
0B
1G
0M
0N
0S
0X
0,
02
08
0>
0D
0J
1P
0U
b10000000 #
b10000000 &
1"
#26880000
b100101001 !
b100101001 (
b101001 )
1X
1U
b10000001 #
b10000001 &
0"
#26890000
b100101010 !
b100101010 (
b101010 )
1/
0X
1,
0U
b10000010 #
b10000010 &
1"
#26900000
b100101011 !
b100101011 (
b101011 )
1X
1U
b10000011 #
b10000011 &
0"
#26910000
b100101100 !
b100101100 (
b101100 )
0/
15
0X
0,
12
0U
b10000100 #
b10000100 &
1"
#26920000
b100101101 !
b100101101 (
b101101 )
1X
1U
b10000101 #
b10000101 &
0"
#26930000
b100101110 !
b100101110 (
b101110 )
1/
0X
1,
0U
b10000110 #
b10000110 &
1"
#26940000
b100101111 !
b100101111 (
b101111 )
1X
1U
b10000111 #
b10000111 &
0"
#26950000
1A
1@
b100110000 !
b100110000 (
b10001000 *
b110000 )
0/
05
0;
1<
0X
0,
02
18
0U
b10001000 #
b10001000 &
1"
#26960000
b100110001 !
b100110001 (
b110001 )
1X
1U
b10001001 #
b10001001 &
0"
#26970000
b100110010 !
b100110010 (
b110010 )
1/
0X
1,
0U
b10001010 #
b10001010 &
1"
#26980000
b100110011 !
b100110011 (
b110011 )
1X
1U
b10001011 #
b10001011 &
0"
#26990000
b100110100 !
b100110100 (
b110100 )
0/
15
0X
0,
12
0U
b10001100 #
b10001100 &
1"
#27000000
b100110101 !
b100110101 (
b110101 )
1X
1U
b10001101 #
b10001101 &
0"
#27010000
b100110110 !
b100110110 (
b110110 )
1/
0X
1,
0U
b10001110 #
b10001110 &
1"
#27020000
1;
1:
05
16
b100111000 !
b100111000 (
14
b111000 )
0/
10
1.
b10001111 *
1Y
1V
1U
b10101001 $
b10101001 '
b10001111 #
b10001111 &
0"
#27030000
0M
0L
0@
1G
0H
0<
b100111001 !
b100111001 (
0F
0:
04
0.
b111001 )
b10000000 *
0/
00
05
06
1;
1A
0B
1X
0Y
0,
02
08
1>
0U
b10010000 #
b10010000 &
1"
#27040000
1/
b100111010 !
b100111010 (
1.
b111010 )
b10000001 *
0X
1Y
1U
b10010001 #
b10010001 &
0"
#27050000
05
b100111011 !
b100111011 (
04
0.
b111011 )
b10000000 *
1/
00
1X
0Y
1,
0U
b10010010 #
b10010010 &
1"
#27060000
15
14
0/
10
b100111100 !
b100111100 (
1.
b111100 )
b10000011 *
0X
1Y
1U
b10010011 #
b10010011 &
0"
#27070000
0M
0L
1G
0H
0F
1A
0B
0@
1;
0<
b100111101 !
b100111101 (
0:
04
0.
b111101 )
b10000000 *
0/
00
15
06
1X
0Y
0,
12
0U
b10010100 #
b10010100 &
1"
#27080000
1/
b100111110 !
b100111110 (
1.
b111110 )
b10000001 *
0X
1Y
1U
b10010101 #
b10010101 &
0"
#27090000
0M
0L
1G
0H
0F
1A
0B
0@
1;
0<
0:
15
06
b100111111 !
b100111111 (
04
0.
b111111 )
b10000000 *
1/
00
1X
0Y
1,
0U
b10010110 #
b10010110 &
1"
#27100000
1M
1L
0G
1H
1F
0A
1B
1@
0;
1<
1:
05
16
14
0/
10
b101000000 !
b101000000 (
1.
b1000000 )
b10111111 *
0X
1Y
1U
b10010111 #
b10010111 &
0"
#27110000
b101000001 !
b101000001 (
0:
04
0.
b1000001 )
b10111000 *
0/
00
05
06
0;
1X
0Y
0,
02
18
0U
b10011000 #
b10011000 &
1"
#27120000
1/
b101000010 !
b101000010 (
1.
b1000010 )
b10111001 *
0X
1Y
1U
b10011001 #
b10011001 &
0"
#27130000
05
b101000011 !
b101000011 (
04
0.
b1000011 )
b10111000 *
1/
00
1X
0Y
1,
0U
b10011010 #
b10011010 &
1"
#27140000
15
14
0/
10
b101000100 !
b101000100 (
1.
b1000100 )
b10111011 *
0X
1Y
1U
b10011011 #
b10011011 &
0"
#27150000
0;
b101000101 !
b101000101 (
0:
04
0.
b1000101 )
b10111000 *
0/
00
15
06
1X
0Y
0,
12
0U
b10011100 #
b10011100 &
1"
#27160000
1/
b101000110 !
b101000110 (
1.
b1000110 )
b10111001 *
0X
1Y
1U
b10011101 #
b10011101 &
0"
#27170000
0;
0:
15
06
b101000111 !
b101000111 (
04
0.
b1000111 )
b10111000 *
1/
00
1X
0Y
1,
0U
b10011110 #
b10011110 &
1"
#27180000
1;
1:
05
16
b101001001 !
b101001001 (
14
b1001001 )
b10111110 *
0/
10
1-
0V
1U
b10101010 $
b10101010 '
b10011111 #
b10011111 &
0"
#27190000
0@
0<
0F
0:
04
b101001010 !
b101001010 (
b10100000 *
b1001010 )
1/
00
05
06
1;
0A
0B
0G
0X
0,
02
08
0>
1D
0U
b10100000 #
b10100000 &
1"
#27200000
b101001011 !
b101001011 (
b1001011 )
1X
1U
b10100001 #
b10100001 &
0"
#27210000
15
14
b101001100 !
b101001100 (
b10100010 *
b1001100 )
0/
10
0X
1,
0U
b10100010 #
b10100010 &
1"
#27220000
b101001101 !
b101001101 (
b1001101 )
1X
1U
b10100011 #
b10100011 &
0"
#27230000
0A
0@
1;
0<
0:
04
b101001110 !
b101001110 (
b10100000 *
b1001110 )
1/
00
15
06
0X
0,
12
0U
b10100100 #
b10100100 &
1"
#27240000
b101001111 !
b101001111 (
b1001111 )
1X
1U
b10100101 #
b10100101 &
0"
#27250000
1A
1@
0;
1<
1:
05
16
14
b101010000 !
b101010000 (
b10101110 *
b1010000 )
0/
10
0X
1,
0U
b10100110 #
b10100110 &
1"
#27260000
b101010001 !
b101010001 (
b1010001 )
1X
1U
b10100111 #
b10100111 &
0"
#27270000
0:
04
b101010010 !
b101010010 (
b10101000 *
b1010010 )
1/
00
05
06
0;
0X
0,
02
18
0U
b10101000 #
b10101000 &
1"
#27280000
b101010011 !
b101010011 (
b1010011 )
1X
1U
b10101001 #
b10101001 &
0"
#27290000
15
14
b101010100 !
b101010100 (
b10101010 *
b1010100 )
0/
10
0X
1,
0U
b10101010 #
b10101010 &
1"
#27300000
b101010101 !
b101010101 (
b1010101 )
1X
1U
b10101011 #
b10101011 &
0"
#27310000
0;
0:
04
b101010110 !
b101010110 (
b10101000 *
b1010110 )
1/
00
15
06
0X
0,
12
0U
b10101100 #
b10101100 &
1"
#27320000
b101010111 !
b101010111 (
b1010111 )
1X
1U
b10101101 #
b10101101 &
0"
#27330000
1;
1:
05
16
14
b101011000 !
b101011000 (
b10101110 *
b1011000 )
0/
10
0X
1,
0U
b10101110 #
b10101110 &
1"
#27340000
b101011010 !
b101011010 (
b1011010 )
1/
1.
b10101111 *
1Y
1V
1U
b10101011 $
b10101011 '
b10101111 #
b10101111 &
0"
#27350000
0@
04
0G
0<
00
b101011011 !
b101011011 (
0F
0:
0.
b1011011 )
b10100000 *
1/
05
06
1;
1A
0B
1X
0Y
0,
02
08
1>
0U
b10110000 #
b10110000 &
1"
#27360000
15
14
0/
10
b101011100 !
b101011100 (
1.
b1011100 )
b10100011 *
0X
1Y
1U
b10110001 #
b10110001 &
0"
#27370000
b101011101 !
b101011101 (
0.
b1011101 )
b10100010 *
0/
1X
0Y
1,
0U
b10110010 #
b10110010 &
1"
#27380000
1/
b101011110 !
b101011110 (
1.
b1011110 )
b10100011 *
0X
1Y
1U
b10110011 #
b10110011 &
0"
#27390000
0G
0F
1A
0B
0@
04
1;
0<
00
b101011111 !
b101011111 (
0:
0.
b1011111 )
b10100000 *
1/
15
06
1X
0Y
0,
12
0U
b10110100 #
b10110100 &
1"
#27400000
1G
1F
0A
1B
1@
0;
1<
1:
05
16
14
0/
10
b101100000 !
b101100000 (
1.
b1100000 )
b10111111 *
0X
1Y
1U
b10110101 #
b10110101 &
0"
#27410000
b101100001 !
b101100001 (
0.
b1100001 )
b10111110 *
0/
1X
0Y
1,
0U
b10110110 #
b10110110 &
1"
#27420000
1/
b101100010 !
b101100010 (
1.
b1100010 )
b10111111 *
0X
1Y
1U
b10110111 #
b10110111 &
0"
#27430000
04
00
b101100011 !
b101100011 (
0:
0.
b1100011 )
b10111000 *
1/
05
06
0;
1X
0Y
0,
02
18
0U
b10111000 #
b10111000 &
1"
#27440000
15
14
0/
10
b101100100 !
b101100100 (
1.
b1100100 )
b10111011 *
0X
1Y
1U
b10111001 #
b10111001 &
0"
#27450000
b101100101 !
b101100101 (
0.
b1100101 )
b10111010 *
0/
1X
0Y
1,
0U
b10111010 #
b10111010 &
1"
#27460000
1/
b101100110 !
b101100110 (
1.
b1100110 )
b10111011 *
0X
1Y
1U
b10111011 #
b10111011 &
0"
#27470000
04
0;
00
b101100111 !
b101100111 (
0:
0.
b1100111 )
b10111000 *
1/
15
06
1X
0Y
0,
12
0U
b10111100 #
b10111100 &
1"
#27480000
1;
1:
05
16
14
0/
10
b101101000 !
b101101000 (
1.
b1101000 )
b10111111 *
0X
1Y
1U
b10111101 #
b10111101 &
0"
#27490000
b101101001 !
b101101001 (
0.
b1101001 )
b10111110 *
0/
1X
0Y
1,
0U
b10111110 #
b10111110 &
1"
#27500000
04
b101101011 !
b101101011 (
b10111100 *
b1101011 )
1/
00
05
0-
13
0V
1U
b10101100 $
b10101100 '
b10111111 #
b10111111 &
0"
#27510000
0L
0@
0S
0H
0<
0R
0F
0:
b101101100 !
b101101100 (
b10000000 *
b1101100 )
0/
15
06
1;
0A
0B
1G
1M
0N
0X
0,
02
08
0>
0D
1J
0U
b11000000 #
b11000000 &
1"
#27520000
b101101101 !
b101101101 (
b1101101 )
1X
1U
b11000001 #
b11000001 &
0"
#27530000
b101101110 !
b101101110 (
b1101110 )
1/
0X
1,
0U
b11000010 #
b11000010 &
1"
#27540000
b101101111 !
b101101111 (
b1101111 )
1X
1U
b11000011 #
b11000011 &
0"
#27550000
1A
1@
0;
1<
1:
b101110000 !
b101110000 (
b10001100 *
b1110000 )
0/
05
16
0X
0,
12
0U
b11000100 #
b11000100 &
1"
#27560000
b101110001 !
b101110001 (
b1110001 )
1X
1U
b11000101 #
b11000101 &
0"
#27570000
b101110010 !
b101110010 (
b1110010 )
1/
0X
1,
0U
b11000110 #
b11000110 &
1"
#27580000
b101110011 !
b101110011 (
b1110011 )
1X
1U
b11000111 #
b11000111 &
0"
#27590000
0:
b101110100 !
b101110100 (
b10001000 *
b1110100 )
0/
15
06
0;
0X
0,
02
18
0U
b11001000 #
b11001000 &
1"
#27600000
b101110101 !
b101110101 (
b1110101 )
1X
1U
b11001001 #
b11001001 &
0"
#27610000
b101110110 !
b101110110 (
b1110110 )
1/
0X
1,
0U
b11001010 #
b11001010 &
1"
#27620000
b101110111 !
b101110111 (
b1110111 )
1X
1U
b11001011 #
b11001011 &
0"
#27630000
1;
1:
b101111000 !
b101111000 (
b10001100 *
b1111000 )
0/
05
16
0X
0,
12
0U
b11001100 #
b11001100 &
1"
#27640000
b101111001 !
b101111001 (
b1111001 )
1X
1U
b11001101 #
b11001101 &
0"
#27650000
b101111010 !
b101111010 (
b1111010 )
1/
0X
1,
0U
b11001110 #
b11001110 &
1"
#27660000
15
b101111100 !
b101111100 (
14
b1111100 )
0/
10
1.
b10001111 *
1Y
1V
1U
b10101101 $
b10101101 '
b11001111 #
b11001111 &
0"
#27670000
0S
0R
0@
1M
0N
0<
0L
0:
1G
0H
06
b101111101 !
b101111101 (
0F
04
0.
b1111101 )
b10000000 *
0/
00
15
1;
1A
0B
1X
0Y
0,
02
08
1>
0U
b11010000 #
b11010000 &
1"
#27680000
1/
b101111110 !
b101111110 (
1.
b1111110 )
b10000001 *
0X
1Y
1U
b11010001 #
b11010001 &
0"
#27690000
0S
0R
1M
0N
0L
1G
0H
0F
1A
0B
0@
1;
0<
0:
15
06
b101111111 !
b101111111 (
04
0.
b1111111 )
b10000000 *
1/
00
1X
0Y
1,
0U
b11010010 #
b11010010 &
1"
#27700000
1S
1R
0M
1N
1L
0G
1H
1F
0A
1B
1@
0;
1<
1:
05
16
14
0/
10
b110000000 !
b110000000 (
1.
b10000000 )
b11111111 *
0X
1Y
1U
b11010011 #
b11010011 &
0"
#27710000
b110000001 !
b110000001 (
04
0.
b10000001 )
b11111100 *
0/
00
05
1X
0Y
0,
12
0U
b11010100 #
b11010100 &
1"
#27720000
1/
b110000010 !
b110000010 (
1.
b10000010 )
b11111101 *
0X
1Y
1U
b11010101 #
b11010101 &
0"
#27730000
05
b110000011 !
b110000011 (
04
0.
b10000011 )
b11111100 *
1/
00
1X
0Y
1,
0U
b11010110 #
b11010110 &
1"
#27740000
15
14
0/
10
b110000100 !
b110000100 (
1.
b10000100 )
b11111111 *
0X
1Y
1U
b11010111 #
b11010111 &
0"
#27750000
0:
06
b110000101 !
b110000101 (
04
0.
b10000101 )
b11111000 *
0/
00
15
0;
1X
0Y
0,
02
18
0U
b11011000 #
b11011000 &
1"
#27760000
1/
b110000110 !
b110000110 (
1.
b10000110 )
b11111001 *
0X
1Y
1U
b11011001 #
b11011001 &
0"
#27770000
0;
0:
15
06
b110000111 !
b110000111 (
04
0.
b10000111 )
b11111000 *
1/
00
1X
0Y
1,
0U
b11011010 #
b11011010 &
1"
#27780000
1;
1:
05
16
14
0/
10
b110001000 !
b110001000 (
1.
b10001000 )
b11111111 *
0X
1Y
1U
b11011011 #
b11011011 &
0"
#27790000
b110001001 !
b110001001 (
04
0.
b10001001 )
b11111100 *
0/
00
05
1X
0Y
0,
12
0U
b11011100 #
b11011100 &
1"
#27800000
1/
b110001010 !
b110001010 (
1.
b10001010 )
b11111101 *
0X
1Y
1U
b11011101 #
b11011101 &
0"
#27810000
05
b110001011 !
b110001011 (
04
0.
b10001011 )
b11111100 *
1/
00
1X
0Y
1,
0U
b11011110 #
b11011110 &
1"
#27820000
15
b110001101 !
b110001101 (
14
b10001101 )
b11111110 *
0/
10
1-
0V
1U
b10101110 $
b10101110 '
b11011111 #
b11011111 &
0"
#27830000
0@
0<
0:
06
0F
04
b110001110 !
b110001110 (
b11100000 *
b10001110 )
1/
00
15
1;
0A
0B
0G
0X
0,
02
08
0>
1D
0U
b11100000 #
b11100000 &
1"
#27840000
b110001111 !
b110001111 (
b10001111 )
1X
1U
b11100001 #
b11100001 &
0"
#27850000
1A
1@
0;
1<
1:
05
16
14
b110010000 !
b110010000 (
b11101110 *
b10010000 )
0/
10
0X
1,
0U
b11100010 #
b11100010 &
1"
#27860000
b110010001 !
b110010001 (
b10010001 )
1X
1U
b11100011 #
b11100011 &
0"
#27870000
04
b110010010 !
b110010010 (
b11101100 *
b10010010 )
1/
00
05
0X
0,
12
0U
b11100100 #
b11100100 &
1"
#27880000
b110010011 !
b110010011 (
b10010011 )
1X
1U
b11100101 #
b11100101 &
0"
#27890000
15
14
b110010100 !
b110010100 (
b11101110 *
b10010100 )
0/
10
0X
1,
0U
b11100110 #
b11100110 &
1"
#27900000
b110010101 !
b110010101 (
b10010101 )
1X
1U
b11100111 #
b11100111 &
0"
#27910000
0:
06
04
b110010110 !
b110010110 (
b11101000 *
b10010110 )
1/
00
15
0;
0X
0,
02
18
0U
b11101000 #
b11101000 &
1"
#27920000
b110010111 !
b110010111 (
b10010111 )
1X
1U
b11101001 #
b11101001 &
0"
#27930000
1;
1:
05
16
14
b110011000 !
b110011000 (
b11101110 *
b10011000 )
0/
10
0X
1,
0U
b11101010 #
b11101010 &
1"
#27940000
b110011001 !
b110011001 (
b10011001 )
1X
1U
b11101011 #
b11101011 &
0"
#27950000
04
b110011010 !
b110011010 (
b11101100 *
b10011010 )
1/
00
05
0X
0,
12
0U
b11101100 #
b11101100 &
1"
#27960000
b110011011 !
b110011011 (
b10011011 )
1X
1U
b11101101 #
b11101101 &
0"
#27970000
15
14
b110011100 !
b110011100 (
b11101110 *
b10011100 )
0/
10
0X
1,
0U
b11101110 #
b11101110 &
1"
#27980000
b110011110 !
b110011110 (
b10011110 )
1/
1.
b11101111 *
1Y
1V
1U
b10101111 $
b10101111 '
b11101111 #
b11101111 &
0"
#27990000
0@
0<
0:
06
04
0G
00
b110011111 !
b110011111 (
0F
0.
b10011111 )
b11100000 *
1/
15
1;
1A
0B
1X
0Y
0,
02
08
1>
0U
b11110000 #
b11110000 &
1"
#28000000
1G
1F
0A
1B
1@
0;
1<
1:
05
16
14
0/
10
b110100000 !
b110100000 (
1.
b10100000 )
b11111111 *
0X
1Y
1U
b11110001 #
b11110001 &
0"
#28010000
b110100001 !
b110100001 (
0.
b10100001 )
b11111110 *
0/
1X
0Y
1,
0U
b11110010 #
b11110010 &
1"
#28020000
1/
b110100010 !
b110100010 (
1.
b10100010 )
b11111111 *
0X
1Y
1U
b11110011 #
b11110011 &
0"
#28030000
04
00
b110100011 !
b110100011 (
0.
b10100011 )
b11111100 *
1/
05
1X
0Y
0,
12
0U
b11110100 #
b11110100 &
1"
#28040000
15
14
0/
10
b110100100 !
b110100100 (
1.
b10100100 )
b11111111 *
0X
1Y
1U
b11110101 #
b11110101 &
0"
#28050000
b110100101 !
b110100101 (
0.
b10100101 )
b11111110 *
0/
1X
0Y
1,
0U
b11110110 #
b11110110 &
1"
#28060000
1/
b110100110 !
b110100110 (
1.
b10100110 )
b11111111 *
0X
1Y
1U
b11110111 #
b11110111 &
0"
#28070000
0:
06
04
00
b110100111 !
b110100111 (
0.
b10100111 )
b11111000 *
1/
15
0;
1X
0Y
0,
02
18
0U
b11111000 #
b11111000 &
1"
#28080000
1;
1:
05
16
14
0/
10
b110101000 !
b110101000 (
1.
b10101000 )
b11111111 *
0X
1Y
1U
b11111001 #
b11111001 &
0"
#28090000
b110101001 !
b110101001 (
0.
b10101001 )
b11111110 *
0/
1X
0Y
1,
0U
b11111010 #
b11111010 &
1"
#28100000
1/
b110101010 !
b110101010 (
1.
b10101010 )
b11111111 *
0X
1Y
1U
b11111011 #
b11111011 &
0"
#28110000
04
00
b110101011 !
b110101011 (
0.
b10101011 )
b11111100 *
1/
05
1X
0Y
0,
12
0U
b11111100 #
b11111100 &
1"
#28120000
15
14
0/
10
b110101100 !
b110101100 (
1.
b10101100 )
b11111111 *
0X
1Y
1U
b11111101 #
b11111101 &
0"
#28130000
b110101101 !
b110101101 (
0.
b10101101 )
b11111110 *
0/
1X
0Y
1,
0U
b11111110 #
b11111110 &
1"
#28140000
0@
0<
0:
06
04
b110101111 !
b110101111 (
b11110000 *
b10101111 )
1/
00
15
1;
0A
0-
03
09
1?
0V
1U
b10110000 $
b10110000 '
b11111111 #
b11111111 &
0"
#28150000
0L
0T
0H
0R
0F
b10110000 !
b10110000 (
b0 *
b10110000 )
0/
05
0;
1A
0B
1G
0M
0N
1S
0X
0,
02
08
0>
0D
0J
0P
0U
b0 #
b0 &
1"
#28160000
b10110001 !
b10110001 (
b10110001 )
1X
1U
b1 #
b1 &
0"
#28170000
b10110010 !
b10110010 (
b10110010 )
1/
0X
1,
0U
b10 #
b10 &
1"
#28180000
b10110011 !
b10110011 (
b10110011 )
1X
1U
b11 #
b11 &
0"
#28190000
b10110100 !
b10110100 (
b10110100 )
0/
15
0X
0,
12
0U
b100 #
b100 &
1"
#28200000
b10110101 !
b10110101 (
b10110101 )
1X
1U
b101 #
b101 &
0"
#28210000
b10110110 !
b10110110 (
b10110110 )
1/
0X
1,
0U
b110 #
b110 &
1"
#28220000
b10110111 !
b10110111 (
b10110111 )
1X
1U
b111 #
b111 &
0"
#28230000
b10111000 !
b10111000 (
b10111000 )
0/
05
1;
0X
0,
02
18
0U
b1000 #
b1000 &
1"
#28240000
b10111001 !
b10111001 (
b10111001 )
1X
1U
b1001 #
b1001 &
0"
#28250000
b10111010 !
b10111010 (
b10111010 )
1/
0X
1,
0U
b1010 #
b1010 &
1"
#28260000
b10111011 !
b10111011 (
b10111011 )
1X
1U
b1011 #
b1011 &
0"
#28270000
b10111100 !
b10111100 (
b10111100 )
0/
15
0X
0,
12
0U
b1100 #
b1100 &
1"
#28280000
b10111101 !
b10111101 (
b10111101 )
1X
1U
b1101 #
b1101 &
0"
#28290000
b10111110 !
b10111110 (
b10111110 )
1/
0X
1,
0U
b1110 #
b1110 &
1"
#28300000
1M
1L
0G
1H
1F
0A
1B
1@
0;
1<
1:
05
16
b11000000 !
b11000000 (
14
b11000000 )
0/
10
1.
b111111 *
1Y
1V
1U
b10110001 $
b10110001 '
b1111 #
b1111 &
0"
#28310000
b11000001 !
b11000001 (
0@
0:
04
0.
b11000001 )
b110000 *
0/
00
05
06
0;
0<
0A
1X
0Y
0,
02
08
1>
0U
b10000 #
b10000 &
1"
#28320000
1/
b11000010 !
b11000010 (
1.
b11000010 )
b110001 *
0X
1Y
1U
b10001 #
b10001 &
0"
#28330000
05
b11000011 !
b11000011 (
04
0.
b11000011 )
b110000 *
1/
00
1X
0Y
1,
0U
b10010 #
b10010 &
1"
#28340000
15
14
0/
10
b11000100 !
b11000100 (
1.
b11000100 )
b110011 *
0X
1Y
1U
b10011 #
b10011 &
0"
#28350000
0;
b11000101 !
b11000101 (
0:
04
0.
b11000101 )
b110000 *
0/
00
15
06
1X
0Y
0,
12
0U
b10100 #
b10100 &
1"
#28360000
1/
b11000110 !
b11000110 (
1.
b11000110 )
b110001 *
0X
1Y
1U
b10101 #
b10101 &
0"
#28370000
0;
0:
15
06
b11000111 !
b11000111 (
04
0.
b11000111 )
b110000 *
1/
00
1X
0Y
1,
0U
b10110 #
b10110 &
1"
#28380000
1;
1:
05
16
14
0/
10
b11001000 !
b11001000 (
1.
b11001000 )
b110111 *
0X
1Y
1U
b10111 #
b10111 &
0"
#28390000
0A
b11001001 !
b11001001 (
0@
0:
04
0.
b11001001 )
b110000 *
0/
00
05
06
1;
0<
1X
0Y
0,
02
18
0U
b11000 #
b11000 &
1"
#28400000
1/
b11001010 !
b11001010 (
1.
b11001010 )
b110001 *
0X
1Y
1U
b11001 #
b11001 &
0"
#28410000
05
b11001011 !
b11001011 (
04
0.
b11001011 )
b110000 *
1/
00
1X
0Y
1,
0U
b11010 #
b11010 &
1"
#28420000
15
14
0/
10
b11001100 !
b11001100 (
1.
b11001100 )
b110011 *
0X
1Y
1U
b11011 #
b11011 &
0"
#28430000
0A
0@
1;
0<
b11001101 !
b11001101 (
0:
04
0.
b11001101 )
b110000 *
0/
00
15
06
1X
0Y
0,
12
0U
b11100 #
b11100 &
1"
#28440000
1/
b11001110 !
b11001110 (
1.
b11001110 )
b110001 *
0X
1Y
1U
b11101 #
b11101 &
0"
#28450000
0A
0@
1;
0<
0:
15
06
b11001111 !
b11001111 (
04
0.
b11001111 )
b110000 *
1/
00
1X
0Y
1,
0U
b11110 #
b11110 &
1"
#28460000
1A
1@
0;
1<
1:
05
16
b11010001 !
b11010001 (
14
b11010001 )
b111110 *
0/
10
1-
0V
1U
b10110010 $
b10110010 '
b11111 #
b11111 &
0"
#28470000
0F
0B
0@
0:
04
b11010010 !
b11010010 (
b100000 *
b11010010 )
1/
00
05
06
0;
0<
1A
0G
0X
0,
02
08
0>
1D
0U
b100000 #
b100000 &
1"
#28480000
b11010011 !
b11010011 (
b11010011 )
1X
1U
b100001 #
b100001 &
0"
#28490000
15
14
b11010100 !
b11010100 (
b100010 *
b11010100 )
0/
10
0X
1,
0U
b100010 #
b100010 &
1"
#28500000
b11010101 !
b11010101 (
b11010101 )
1X
1U
b100011 #
b100011 &
0"
#28510000
0;
0:
04
b11010110 !
b11010110 (
b100000 *
b11010110 )
1/
00
15
06
0X
0,
12
0U
b100100 #
b100100 &
1"
#28520000
b11010111 !
b11010111 (
b11010111 )
1X
1U
b100101 #
b100101 &
0"
#28530000
1;
1:
05
16
14
b11011000 !
b11011000 (
b100110 *
b11011000 )
0/
10
0X
1,
0U
b100110 #
b100110 &
1"
#28540000
b11011001 !
b11011001 (
b11011001 )
1X
1U
b100111 #
b100111 &
0"
#28550000
0G
0F
1A
0B
0@
0:
04
b11011010 !
b11011010 (
b100000 *
b11011010 )
1/
00
05
06
1;
0<
0X
0,
02
18
0U
b101000 #
b101000 &
1"
#28560000
b11011011 !
b11011011 (
b11011011 )
1X
1U
b101001 #
b101001 &
0"
#28570000
15
14
b11011100 !
b11011100 (
b100010 *
b11011100 )
0/
10
0X
1,
0U
b101010 #
b101010 &
1"
#28580000
b11011101 !
b11011101 (
b11011101 )
1X
1U
b101011 #
b101011 &
0"
#28590000
0G
0F
1A
0B
0@
1;
0<
0:
04
b11011110 !
b11011110 (
b100000 *
b11011110 )
1/
00
15
06
0X
0,
12
0U
b101100 #
b101100 &
1"
#28600000
b11011111 !
b11011111 (
b11011111 )
1X
1U
b101101 #
b101101 &
0"
#28610000
1G
1F
0A
1B
1@
0;
1<
1:
05
16
14
b11100000 !
b11100000 (
b111110 *
b11100000 )
0/
10
0X
1,
0U
b101110 #
b101110 &
1"
#28620000
b11100010 !
b11100010 (
b11100010 )
1/
1.
b111111 *
1Y
1V
1U
b10110011 $
b10110011 '
b101111 #
b101111 &
0"
#28630000
04
00
b11100011 !
b11100011 (
0@
0:
0.
b11100011 )
b110000 *
1/
05
06
0;
0<
0A
1X
0Y
0,
02
08
1>
0U
b110000 #
b110000 &
1"
#28640000
15
14
0/
10
b11100100 !
b11100100 (
1.
b11100100 )
b110011 *
0X
1Y
1U
b110001 #
b110001 &
0"
#28650000
b11100101 !
b11100101 (
0.
b11100101 )
b110010 *
0/
1X
0Y
1,
0U
b110010 #
b110010 &
1"
#28660000
1/
b11100110 !
b11100110 (
1.
b11100110 )
b110011 *
0X
1Y
1U
b110011 #
b110011 &
0"
#28670000
04
0;
00
b11100111 !
b11100111 (
0:
0.
b11100111 )
b110000 *
1/
15
06
1X
0Y
0,
12
0U
b110100 #
b110100 &
1"
#28680000
1;
1:
05
16
14
0/
10
b11101000 !
b11101000 (
1.
b11101000 )
b110111 *
0X
1Y
1U
b110101 #
b110101 &
0"
#28690000
b11101001 !
b11101001 (
0.
b11101001 )
b110110 *
0/
1X
0Y
1,
0U
b110110 #
b110110 &
1"
#28700000
1/
b11101010 !
b11101010 (
1.
b11101010 )
b110111 *
0X
1Y
1U
b110111 #
b110111 &
0"
#28710000
04
0A
00
b11101011 !
b11101011 (
0@
0:
0.
b11101011 )
b110000 *
1/
05
06
1;
0<
1X
0Y
0,
02
18
0U
b111000 #
b111000 &
1"
#28720000
15
14
0/
10
b11101100 !
b11101100 (
1.
b11101100 )
b110011 *
0X
1Y
1U
b111001 #
b111001 &
0"
#28730000
b11101101 !
b11101101 (
0.
b11101101 )
b110010 *
0/
1X
0Y
1,
0U
b111010 #
b111010 &
1"
#28740000
1/
b11101110 !
b11101110 (
1.
b11101110 )
b110011 *
0X
1Y
1U
b111011 #
b111011 &
0"
#28750000
0A
0@
04
1;
0<
00
b11101111 !
b11101111 (
0:
0.
b11101111 )
b110000 *
1/
15
06
1X
0Y
0,
12
0U
b111100 #
b111100 &
1"
#28760000
1A
1@
0;
1<
1:
05
16
14
0/
10
b11110000 !
b11110000 (
1.
b11110000 )
b111111 *
0X
1Y
1U
b111101 #
b111101 &
0"
#28770000
b11110001 !
b11110001 (
0.
b11110001 )
b111110 *
0/
1X
0Y
1,
0U
b111110 #
b111110 &
1"
#28780000
04
b11110011 !
b11110011 (
b111100 *
b11110011 )
1/
00
05
0-
13
0V
1U
b10110100 $
b10110100 '
b111111 #
b111111 &
0"
#28790000
0L
0H
0F
1S
0T
0B
0R
0@
0:
b11110100 !
b11110100 (
b0 *
b11110100 )
0/
15
06
0;
0<
1A
1G
1M
0N
0X
0,
02
08
0>
0D
1J
0U
b1000000 #
b1000000 &
1"
#28800000
b11110101 !
b11110101 (
b11110101 )
1X
1U
b1000001 #
b1000001 &
0"
#28810000
b11110110 !
b11110110 (
b11110110 )
1/
0X
1,
0U
b1000010 #
b1000010 &
1"
#28820000
b11110111 !
b11110111 (
b11110111 )
1X
1U
b1000011 #
b1000011 &
0"
#28830000
1;
1:
b11111000 !
b11111000 (
b100 *
b11111000 )
0/
05
16
0X
0,
12
0U
b1000100 #
b1000100 &
1"
#28840000
b11111001 !
b11111001 (
b11111001 )
1X
1U
b1000101 #
b1000101 &
0"
#28850000
b11111010 !
b11111010 (
b11111010 )
1/
0X
1,
0U
b1000110 #
b1000110 &
1"
#28860000
b11111011 !
b11111011 (
b11111011 )
1X
1U
b1000111 #
b1000111 &
0"
#28870000
1S
0T
0R
1M
0N
0L
1G
0H
0F
1A
0B
0@
0:
b11111100 !
b11111100 (
b0 *
b11111100 )
0/
15
06
1;
0<
0X
0,
02
18
0U
b1001000 #
b1001000 &
1"
#28880000
b11111101 !
b11111101 (
b11111101 )
1X
1U
b1001001 #
b1001001 &
0"
#28890000
b11111110 !
b11111110 (
b11111110 )
1/
0X
1,
0U
b1001010 #
b1001010 &
1"
#28900000
b11111111 !
b11111111 (
b11111111 )
1X
1U
b1001011 #
b1001011 &
0"
#28910000
0S
1T
1R
0M
1N
1L
0G
1H
1F
0A
1B
1@
0;
1<
1:
b100000000 !
b100000000 (
b11111100 *
b0 )
0/
05
16
0X
0,
12
0U
b1001100 #
b1001100 &
1"
#28920000
b100000001 !
b100000001 (
b1 )
1X
1U
b1001101 #
b1001101 &
0"
#28930000
b100000010 !
b100000010 (
b10 )
1/
0X
1,
0U
b1001110 #
b1001110 &
1"
#28940000
15
b100000100 !
b100000100 (
14
b100 )
0/
10
1.
b11111111 *
1Y
1V
1U
b10110101 $
b10110101 '
b1001111 #
b1001111 &
0"
#28950000
0:
06
b100000101 !
b100000101 (
0@
04
0.
b101 )
b11110000 *
0/
00
15
0;
0<
0A
1X
0Y
0,
02
08
1>
0U
b1010000 #
b1010000 &
1"
#28960000
1/
b100000110 !
b100000110 (
1.
b110 )
b11110001 *
0X
1Y
1U
b1010001 #
b1010001 &
0"
#28970000
0;
0:
15
06
b100000111 !
b100000111 (
04
0.
b111 )
b11110000 *
1/
00
1X
0Y
1,
0U
b1010010 #
b1010010 &
1"
#28980000
1;
1:
05
16
14
0/
10
b100001000 !
b100001000 (
1.
b1000 )
b11110111 *
0X
1Y
1U
b1010011 #
b1010011 &
0"
#28990000
b100001001 !
b100001001 (
04
0.
b1001 )
b11110100 *
0/
00
05
1X
0Y
0,
12
0U
b1010100 #
b1010100 &
1"
#29000000
1/
b100001010 !
b100001010 (
1.
b1010 )
b11110101 *
0X
1Y
1U
b1010101 #
b1010101 &
0"
#29010000
05
b100001011 !
b100001011 (
04
0.
b1011 )
b11110100 *
1/
00
1X
0Y
1,
0U
b1010110 #
b1010110 &
1"
#29020000
15
14
0/
10
b100001100 !
b100001100 (
1.
b1100 )
b11110111 *
0X
1Y
1U
b1010111 #
b1010111 &
0"
#29030000
0:
0A
06
b100001101 !
b100001101 (
0@
04
0.
b1101 )
b11110000 *
0/
00
15
1;
0<
1X
0Y
0,
02
18
0U
b1011000 #
b1011000 &
1"
#29040000
1/
b100001110 !
b100001110 (
1.
b1110 )
b11110001 *
0X
1Y
1U
b1011001 #
b1011001 &
0"
#29050000
0A
0@
1;
0<
0:
15
06
b100001111 !
b100001111 (
04
0.
b1111 )
b11110000 *
1/
00
1X
0Y
1,
0U
b1011010 #
b1011010 &
1"
#29060000
1A
1@
0;
1<
1:
05
16
14
0/
10
b100010000 !
b100010000 (
1.
b10000 )
b11111111 *
0X
1Y
1U
b1011011 #
b1011011 &
0"
#29070000
b100010001 !
b100010001 (
04
0.
b10001 )
b11111100 *
0/
00
05
1X
0Y
0,
12
0U
b1011100 #
b1011100 &
1"
#29080000
1/
b100010010 !
b100010010 (
1.
b10010 )
b11111101 *
0X
1Y
1U
b1011101 #
b1011101 &
0"
#29090000
05
b100010011 !
b100010011 (
04
0.
b10011 )
b11111100 *
1/
00
1X
0Y
1,
0U
b1011110 #
b1011110 &
1"
#29100000
15
b100010101 !
b100010101 (
14
b10101 )
b11111110 *
0/
10
1-
0V
1U
b10110110 $
b10110110 '
b1011111 #
b1011111 &
0"
#29110000
0F
0:
0B
06
0@
04
b100010110 !
b100010110 (
b11100000 *
b10110 )
1/
00
15
0;
0<
1A
0G
0X
0,
02
08
0>
1D
0U
b1100000 #
b1100000 &
1"
#29120000
b100010111 !
b100010111 (
b10111 )
1X
1U
b1100001 #
b1100001 &
0"
#29130000
1;
1:
05
16
14
b100011000 !
b100011000 (
b11100110 *
b11000 )
0/
10
0X
1,
0U
b1100010 #
b1100010 &
1"
#29140000
b100011001 !
b100011001 (
b11001 )
1X
1U
b1100011 #
b1100011 &
0"
#29150000
04
b100011010 !
b100011010 (
b11100100 *
b11010 )
1/
00
05
0X
0,
12
0U
b1100100 #
b1100100 &
1"
#29160000
b100011011 !
b100011011 (
b11011 )
1X
1U
b1100101 #
b1100101 &
0"
#29170000
15
14
b100011100 !
b100011100 (
b11100110 *
b11100 )
0/
10
0X
1,
0U
b1100110 #
b1100110 &
1"
#29180000
b100011101 !
b100011101 (
b11101 )
1X
1U
b1100111 #
b1100111 &
0"
#29190000
0G
0F
0:
1A
0B
06
0@
04
b100011110 !
b100011110 (
b11100000 *
b11110 )
1/
00
15
1;
0<
0X
0,
02
18
0U
b1101000 #
b1101000 &
1"
#29200000
b100011111 !
b100011111 (
b11111 )
1X
1U
b1101001 #
b1101001 &
0"
#29210000
1G
1F
0A
1B
1@
0;
1<
1:
05
16
14
b100100000 !
b100100000 (
b11111110 *
b100000 )
0/
10
0X
1,
0U
b1101010 #
b1101010 &
1"
#29220000
b100100001 !
b100100001 (
b100001 )
1X
1U
b1101011 #
b1101011 &
0"
#29230000
04
b100100010 !
b100100010 (
b11111100 *
b100010 )
1/
00
05
0X
0,
12
0U
b1101100 #
b1101100 &
1"
#29240000
b100100011 !
b100100011 (
b100011 )
1X
1U
b1101101 #
b1101101 &
0"
#29250000
15
14
b100100100 !
b100100100 (
b11111110 *
b100100 )
0/
10
0X
1,
0U
b1101110 #
b1101110 &
1"
#29260000
b100100110 !
b100100110 (
b100110 )
1/
1.
b11111111 *
1Y
1V
1U
b10110111 $
b10110111 '
b1101111 #
b1101111 &
0"
#29270000
0:
06
04
00
b100100111 !
b100100111 (
0@
0.
b100111 )
b11110000 *
1/
15
0;
0<
0A
1X
0Y
0,
02
08
1>
0U
b1110000 #
b1110000 &
1"
#29280000
1;
1:
05
16
14
0/
10
b100101000 !
b100101000 (
1.
b101000 )
b11110111 *
0X
1Y
1U
b1110001 #
b1110001 &
0"
#29290000
b100101001 !
b100101001 (
0.
b101001 )
b11110110 *
0/
1X
0Y
1,
0U
b1110010 #
b1110010 &
1"
#29300000
1/
b100101010 !
b100101010 (
1.
b101010 )
b11110111 *
0X
1Y
1U
b1110011 #
b1110011 &
0"
#29310000
04
00
b100101011 !
b100101011 (
0.
b101011 )
b11110100 *
1/
05
1X
0Y
0,
12
0U
b1110100 #
b1110100 &
1"
#29320000
15
14
0/
10
b100101100 !
b100101100 (
1.
b101100 )
b11110111 *
0X
1Y
1U
b1110101 #
b1110101 &
0"
#29330000
b100101101 !
b100101101 (
0.
b101101 )
b11110110 *
0/
1X
0Y
1,
0U
b1110110 #
b1110110 &
1"
#29340000
1/
b100101110 !
b100101110 (
1.
b101110 )
b11110111 *
0X
1Y
1U
b1110111 #
b1110111 &
0"
#29350000
0:
06
04
0A
00
b100101111 !
b100101111 (
0@
0.
b101111 )
b11110000 *
1/
15
1;
0<
1X
0Y
0,
02
18
0U
b1111000 #
b1111000 &
1"
#29360000
1A
1@
0;
1<
1:
05
16
14
0/
10
b100110000 !
b100110000 (
1.
b110000 )
b11111111 *
0X
1Y
1U
b1111001 #
b1111001 &
0"
#29370000
b100110001 !
b100110001 (
0.
b110001 )
b11111110 *
0/
1X
0Y
1,
0U
b1111010 #
b1111010 &
1"
#29380000
1/
b100110010 !
b100110010 (
1.
b110010 )
b11111111 *
0X
1Y
1U
b1111011 #
b1111011 &
0"
#29390000
04
00
b100110011 !
b100110011 (
0.
b110011 )
b11111100 *
1/
05
1X
0Y
0,
12
0U
b1111100 #
b1111100 &
1"
#29400000
15
14
0/
10
b100110100 !
b100110100 (
1.
b110100 )
b11111111 *
0X
1Y
1U
b1111101 #
b1111101 &
0"
#29410000
b100110101 !
b100110101 (
0.
b110101 )
b11111110 *
0/
1X
0Y
1,
0U
b1111110 #
b1111110 &
1"
#29420000
0:
06
04
b100110111 !
b100110111 (
b11111000 *
b110111 )
1/
00
15
0;
0-
03
19
0V
1U
b10111000 $
b10111000 '
b1111111 #
b1111111 &
0"
#29430000
0L
0H
0F
0B
0R
0@
b100111000 !
b100111000 (
b10000000 *
b111000 )
0/
05
1;
0<
1A
1G
0M
0N
0S
0X
0,
02
08
0>
0D
0J
1P
0U
b10000000 #
b10000000 &
1"
#29440000
b100111001 !
b100111001 (
b111001 )
1X
1U
b10000001 #
b10000001 &
0"
#29450000
b100111010 !
b100111010 (
b111010 )
1/
0X
1,
0U
b10000010 #
b10000010 &
1"
#29460000
b100111011 !
b100111011 (
b111011 )
1X
1U
b10000011 #
b10000011 &
0"
#29470000
b100111100 !
b100111100 (
b111100 )
0/
15
0X
0,
12
0U
b10000100 #
b10000100 &
1"
#29480000
b100111101 !
b100111101 (
b111101 )
1X
1U
b10000101 #
b10000101 &
0"
#29490000
b100111110 !
b100111110 (
b111110 )
1/
0X
1,
0U
b10000110 #
b10000110 &
1"
#29500000
b100111111 !
b100111111 (
b111111 )
1X
1U
b10000111 #
b10000111 &
0"
#29510000
1M
1L
0G
1H
1F
0A
1B
1@
b101000000 !
b101000000 (
b10111000 *
b1000000 )
0/
05
0;
1<
0X
0,
02
18
0U
b10001000 #
b10001000 &
1"
#29520000
b101000001 !
b101000001 (
b1000001 )
1X
1U
b10001001 #
b10001001 &
0"
#29530000
b101000010 !
b101000010 (
b1000010 )
1/
0X
1,
0U
b10001010 #
b10001010 &
1"
#29540000
b101000011 !
b101000011 (
b1000011 )
1X
1U
b10001011 #
b10001011 &
0"
#29550000
b101000100 !
b101000100 (
b1000100 )
0/
15
0X
0,
12
0U
b10001100 #
b10001100 &
1"
#29560000
b101000101 !
b101000101 (
b1000101 )
1X
1U
b10001101 #
b10001101 &
0"
#29570000
b101000110 !
b101000110 (
b1000110 )
1/
0X
1,
0U
b10001110 #
b10001110 &
1"
#29580000
1;
1:
05
16
b101001000 !
b101001000 (
14
b1001000 )
0/
10
1.
b10111111 *
1Y
1V
1U
b10111001 $
b10111001 '
b10001111 #
b10001111 &
0"
#29590000
0@
0<
b101001001 !
b101001001 (
0:
04
0.
b1001001 )
b10110000 *
0/
00
05
06
1;
0A
1X
0Y
0,
02
08
1>
0U
b10010000 #
b10010000 &
1"
#29600000
1/
b101001010 !
b101001010 (
1.
b1001010 )
b10110001 *
0X
1Y
1U
b10010001 #
b10010001 &
0"
#29610000
05
b101001011 !
b101001011 (
04
0.
b1001011 )
b10110000 *
1/
00
1X
0Y
1,
0U
b10010010 #
b10010010 &
1"
#29620000
15
14
0/
10
b101001100 !
b101001100 (
1.
b1001100 )
b10110011 *
0X
1Y
1U
b10010011 #
b10010011 &
0"
#29630000
0A
0@
1;
0<
b101001101 !
b101001101 (
0:
04
0.
b1001101 )
b10110000 *
0/
00
15
06
1X
0Y
0,
12
0U
b10010100 #
b10010100 &
1"
#29640000
1/
b101001110 !
b101001110 (
1.
b1001110 )
b10110001 *
0X
1Y
1U
b10010101 #
b10010101 &
0"
#29650000
0A
0@
1;
0<
0:
15
06
b101001111 !
b101001111 (
04
0.
b1001111 )
b10110000 *
1/
00
1X
0Y
1,
0U
b10010110 #
b10010110 &
1"
#29660000
1A
1@
0;
1<
1:
05
16
14
0/
10
b101010000 !
b101010000 (
1.
b1010000 )
b10111111 *
0X
1Y
1U
b10010111 #
b10010111 &
0"
#29670000
b101010001 !
b101010001 (
0:
04
0.
b1010001 )
b10111000 *
0/
00
05
06
0;
1X
0Y
0,
02
18
0U
b10011000 #
b10011000 &
1"
#29680000
1/
b101010010 !
b101010010 (
1.
b1010010 )
b10111001 *
0X
1Y
1U
b10011001 #
b10011001 &
0"
#29690000
05
b101010011 !
b101010011 (
04
0.
b1010011 )
b10111000 *
1/
00
1X
0Y
1,
0U
b10011010 #
b10011010 &
1"
#29700000
15
14
0/
10
b101010100 !
b101010100 (
1.
b1010100 )
b10111011 *
0X
1Y
1U
b10011011 #
b10011011 &
0"
#29710000
0;
b101010101 !
b101010101 (
0:
04
0.
b1010101 )
b10111000 *
0/
00
15
06
1X
0Y
0,
12
0U
b10011100 #
b10011100 &
1"
#29720000
1/
b101010110 !
b101010110 (
1.
b1010110 )
b10111001 *
0X
1Y
1U
b10011101 #
b10011101 &
0"
#29730000
0;
0:
15
06
b101010111 !
b101010111 (
04
0.
b1010111 )
b10111000 *
1/
00
1X
0Y
1,
0U
b10011110 #
b10011110 &
1"
#29740000
1;
1:
05
16
b101011001 !
b101011001 (
14
b1011001 )
b10111110 *
0/
10
1-
0V
1U
b10111010 $
b10111010 '
b10011111 #
b10011111 &
0"
#29750000
0F
0B
0@
0<
0:
04
b101011010 !
b101011010 (
b10100000 *
b1011010 )
1/
00
05
06
1;
1A
0G
0X
0,
02
08
0>
1D
0U
b10100000 #
b10100000 &
1"
#29760000
b101011011 !
b101011011 (
b1011011 )
1X
1U
b10100001 #
b10100001 &
0"
#29770000
15
14
b101011100 !
b101011100 (
b10100010 *
b1011100 )
0/
10
0X
1,
0U
b10100010 #
b10100010 &
1"
#29780000
b101011101 !
b101011101 (
b1011101 )
1X
1U
b10100011 #
b10100011 &
0"
#29790000
0G
0F
1A
0B
0@
1;
0<
0:
04
b101011110 !
b101011110 (
b10100000 *
b1011110 )
1/
00
15
06
0X
0,
12
0U
b10100100 #
b10100100 &
1"
#29800000
b101011111 !
b101011111 (
b1011111 )
1X
1U
b10100101 #
b10100101 &
0"
#29810000
1G
1F
0A
1B
1@
0;
1<
1:
05
16
14
b101100000 !
b101100000 (
b10111110 *
b1100000 )
0/
10
0X
1,
0U
b10100110 #
b10100110 &
1"
#29820000
b101100001 !
b101100001 (
b1100001 )
1X
1U
b10100111 #
b10100111 &
0"
#29830000
0:
04
b101100010 !
b101100010 (
b10111000 *
b1100010 )
1/
00
05
06
0;
0X
0,
02
18
0U
b10101000 #
b10101000 &
1"
#29840000
b101100011 !
b101100011 (
b1100011 )
1X
1U
b10101001 #
b10101001 &
0"
#29850000
15
14
b101100100 !
b101100100 (
b10111010 *
b1100100 )
0/
10
0X
1,
0U
b10101010 #
b10101010 &
1"
#29860000
b101100101 !
b101100101 (
b1100101 )
1X
1U
b10101011 #
b10101011 &
0"
#29870000
0;
0:
04
b101100110 !
b101100110 (
b10111000 *
b1100110 )
1/
00
15
06
0X
0,
12
0U
b10101100 #
b10101100 &
1"
#29880000
b101100111 !
b101100111 (
b1100111 )
1X
1U
b10101101 #
b10101101 &
0"
#29890000
1;
1:
05
16
14
b101101000 !
b101101000 (
b10111110 *
b1101000 )
0/
10
0X
1,
0U
b10101110 #
b10101110 &
1"
#29900000
b101101010 !
b101101010 (
b1101010 )
1/
1.
b10111111 *
1Y
1V
1U
b10111011 $
b10111011 '
b10101111 #
b10101111 &
0"
#29910000
0@
04
0<
00
b101101011 !
b101101011 (
0:
0.
b1101011 )
b10110000 *
1/
05
06
1;
0A
1X
0Y
0,
02
08
1>
0U
b10110000 #
b10110000 &
1"
#29920000
15
14
0/
10
b101101100 !
b101101100 (
1.
b1101100 )
b10110011 *
0X
1Y
1U
b10110001 #
b10110001 &
0"
#29930000
b101101101 !
b101101101 (
0.
b1101101 )
b10110010 *
0/
1X
0Y
1,
0U
b10110010 #
b10110010 &
1"
#29940000
1/
b101101110 !
b101101110 (
1.
b1101110 )
b10110011 *
0X
1Y
1U
b10110011 #
b10110011 &
0"
#29950000
0A
0@
04
1;
0<
00
b101101111 !
b101101111 (
0:
0.
b1101111 )
b10110000 *
1/
15
06
1X
0Y
0,
12
0U
b10110100 #
b10110100 &
1"
#29960000
1A
1@
0;
1<
1:
05
16
14
0/
10
b101110000 !
b101110000 (
1.
b1110000 )
b10111111 *
0X
1Y
1U
b10110101 #
b10110101 &
0"
#29970000
b101110001 !
b101110001 (
0.
b1110001 )
b10111110 *
0/
1X
0Y
1,
0U
b10110110 #
b10110110 &
1"
#29980000
1/
b101110010 !
b101110010 (
1.
b1110010 )
b10111111 *
0X
1Y
1U
b10110111 #
b10110111 &
0"
#29990000
04
00
b101110011 !
b101110011 (
0:
0.
b1110011 )
b10111000 *
1/
05
06
0;
1X
0Y
0,
02
18
0U
b10111000 #
b10111000 &
1"
#30000000
15
14
0/
10
b101110100 !
b101110100 (
1.
b1110100 )
b10111011 *
0X
1Y
1U
b10111001 #
b10111001 &
0"
#30010000
b101110101 !
b101110101 (
0.
b1110101 )
b10111010 *
0/
1X
0Y
1,
0U
b10111010 #
b10111010 &
1"
#30011000
